Workbook

Sheet Stammdaten - Schwimmer
A1: Sponsorenschwimmen
A2: Schwimmer (bis zu 100 Schwimmer vorgesehen; Dunkelblau =Testdaten und No-Shows)
A3: Nummer | B3: Name | C3: Vormname | D3: Geburtstag | E3: Mannschaft | F3: Anzahl Bahnen | G3: Sponsor Nr. | H3: Spendehöhe pro Bahn | I3: Max Betrag | J3: Spenden- Ergebnis | K3: Sponsor Nr. | L3: Spendehöhe pro Bahn | M3: Max Betrag | N3: Spenden- Ergebnis | O3: Sponsor Nr. | P3: Spendehöhe pro Bahn | Q3: Max Betrag | R3: Spenden Ergebnis | S3: Sponsor Nr. | T3: Spendehöhe pro Bahn | U3: Max Betrag | V3: Spenden Ergebnis | W3: Sponsor Nr. | X3: Spendehöhe pro Bahn | Y3: Max Betrag | Z3: Spenden Ergebnis
A4: 2 | V4: =IF(AND(F4*T4>U4,U4>0),U4, F4*T4) -> 0 | Z4: =IF(AND(F4*X4>Y4,Y4>0),Y4, F4*X4) -> 0
A5: 3 | V5: =IF(AND(F5*T5>U5,U5>0),U5, F5*T5) -> 0 | Z5: =IF(AND(F5*X5>Y5,Y5>0),Y5, F5*X5) -> 0
A6: 4 | V6: =IF(AND(F6*T6>U6,U6>0),U6, F6*T6) -> 0 | Z6: =IF(AND(F6*X6>Y6,Y6>0),Y6, F6*X6) -> 0
A7: 5 | B7: Rink | C7: Wiebke | D7: 42566 | E7: 503.505 | F7: 76 | G7: 1003 | H7: 0.5 | J7: =IF(AND(F7*H7>I7,I7>0),I7, F7*H7) -> 38 | K7: 1005 | L7: 0.5 | N7: =IF(AND(F7*L7>M7,M7>0),M7, F7*L7) -> 38 | O7: 1110 | P7: 0.25 | R7: =IF(AND(F7*P7>Q7,Q7>0),Q7, F7*P7) -> 19 | S7: 1111 | T7: 1 | V7: =IF(AND(F7*T7>U7,U7>0),U7, F7*T7) -> 76 | Z7: =IF(AND(F7*X7>Y7,Y7>0),Y7, F7*X7) -> 0
A8: 6 | B8: Künsemüller | C8: Viktoria | D8: 40021 | E8: 503 | F8: 58 | G8: 1003 | H8: 0.5 | J8: =IF(AND(F8*H8>I8,I8>0),I8, F8*H8) -> 29 | N8: =IF(AND(F8*L8>M8,M8>0),M8, F8*L8) -> 0 | R8: =IF(AND(F8*P8>Q8,Q8>0),Q8, F8*P8) -> 0 | V8: =IF(AND(F8*T8>U8,U8>0),U8, F8*T8) -> 0 | Z8: =IF(AND(F8*X8>Y8,Y8>0),Y8, F8*X8) -> 0
A9: 7 | V9: =IF(AND(F9*T9>U9,U9>0),U9, F9*T9) -> 0 | Z9: =IF(AND(F9*X9>Y9,Y9>0),Y9, F9*X9) -> 0
A10: 8 | V10: =IF(AND(F10*T10>U10,U10>0),U10, F10*T10) -> 0 | Z10: =IF(AND(F10*X10>Y10,Y10>0),Y10, F10*X10) -> 0
A11: 9 | B11: Künsemüller | C11: Jessika | D11: 40654 | E11: 503 | F11: 70 | G11: 1003 | H11: 0.5 | J11: =IF(AND(F11*H11>I11,I11>0),I11, F11*H11) -> 35 | N11: =IF(AND(F11*L11>M11,M11>0),M11, F11*L11) -> 0 | R11: =IF(AND(F11*P11>Q11,Q11>0),Q11, F11*P11) -> 0 | V11: =IF(AND(F11*T11>U11,U11>0),U11, F11*T11) -> 0 | Z11: =IF(AND(F4*X11>Y11,Y11>0),Y11, F4*X11) -> 0
A12: 10 | V12: =IF(AND(F12*T12>U12,U12>0),U12, F12*T12) -> 0 | Z12: =IF(AND(F12*X12>Y12,Y12>0),Y12, F12*X12) -> 0
A13: 11 | V13: =IF(AND(F13*T13>U13,U13>0),U13, F13*T13) -> 0 | Z13: =IF(AND(F13*X13>Y13,Y13>0),Y13, F13*X13) -> 0
A14: 12 | V14: =IF(AND(F14*T14>U14,U14>0),U14, F14*T14) -> 0 | Z14: =IF(AND(F14*X14>Y14,Y14>0),Y14, F14*X14) -> 0
A15: 13 | V15: =IF(AND(F15*T15>U15,U15>0),U15, F15*T15) -> 0 | Z15: =IF(AND(F15*X15>Y15,Y15>0),Y15, F15*X15) -> 0
A16: 14 | V16: =IF(AND(F16*T16>U16,U16>0),U16, F16*T16) -> 0 | Z16: =IF(AND(F16*X16>Y16,Y16>0),Y16, F16*X16) -> 0
A17: 15 | V17: =IF(AND(F17*T17>U17,U17>0),U17, F17*T17) -> 0 | Z17: =IF(AND(F17*X17>Y17,Y17>0),Y17, F17*X17) -> 0
A18: 16 | V18: =IF(AND(F18*T18>U18,U18>0),U18, F18*T18) -> 0 | Z18: =IF(AND(F18*X18>Y18,Y18>0),Y18, F18*X18) -> 0
A19: 17 | V19: =IF(AND(F19*T19>U19,U19>0),U19, F19*T19) -> 0 | Z19: =IF(AND(F19*X19>Y19,Y19>0),Y19, F19*X19) -> 0
A20: 18 | V20: =IF(AND(F20*T20>U20,U20>0),U20, F20*T20) -> 0 | Z20: =IF(AND(F20*X20>Y20,Y20>0),Y20, F20*X20) -> 0
A21: 19 | V21: =IF(AND(F21*T21>U21,U21>0),U21, F21*T21) -> 0 | Z21: =IF(AND(F21*X21>Y21,Y21>0),Y21, F21*X21) -> 0
A22: 20 | V22: =IF(AND(F22*T22>U22,U22>0),U22, F22*T22) -> 0 | Z22: =IF(AND(F22*X22>Y22,Y22>0),Y22, F22*X22) -> 0
A23: 21 | V23: =IF(AND(F23*T23>U23,U23>0),U23, F23*T23) -> 0 | Z23: =IF(AND(F23*X23>Y23,Y23>0),Y23, F23*X23) -> 0
... A27: 25 | V27: =IF(AND(F27*T27>U27,U27>0),U27, F27*T27) -> 0 | Z27: =IF(AND(F27*X27>Y27,Y27>0),Y27, F27*X27) -> 0
A28: 26 | B28: Bauer | C28: Tim | D28: 35823 | E28: 503 | F28: 58 | G28: 1003 | H28: 0.5 | J28: =IF(AND(F28*H28>I28,I28>0),I28, F28*H28) -> 29 | N28: =IF(AND(F28*L28>M28,M28>0),M28, F28*L28) -> 0 | R28: =IF(AND(F28*P28>Q28,Q28>0),Q28, F28*P28) -> 0 | V28: =IF(AND(F28*T28>U28,U28>0),U28, F28*T28) -> 0 | Z28: =IF(AND(F28*X28>Y28,Y28>0),Y28, F28*X28) -> 0
A29: 27 | N29: =IF(AND(F29*L29>M29,M29>0),M29, F29*L29) -> 0 | R29: =IF(AND(F29*P29>Q29,Q29>0),Q29, F29*P29) -> 0 | V29: =IF(AND(F29*T29>U29,U29>0),U29, F29*T29) -> 0 | Z29: =IF(AND(F29*X29>Y29,Y29>0),Y29, F29*X29) -> 0
A30: 28 | N30: =IF(AND(F30*L30>M30,M30>0),M30, F30*L30) -> 0 | R30: =IF(AND(F30*P30>Q30,Q30>0),Q30, F30*P30) -> 0 | V30: =IF(AND(F30*T30>U30,U30>0),U30, F30*T30) -> 0 | Z30: =IF(AND(F30*X30>Y30,Y30>0),Y30, F30*X30) -> 0
A31: 29 | N31: =IF(AND(F31*L31>M31,M31>0),M31, F31*L31) -> 0 | R31: =IF(AND(F31*P31>Q31,Q31>0),Q31, F31*P31) -> 0 | V31: =IF(AND(F31*T31>U31,U31>0),U31, F31*T31) -> 0 | Z31: =IF(AND(F31*X31>Y31,Y31>0),Y31, F31*X31) -> 0
A32: 30 | B32: Kombacher | C32: Mia | D32: 43635 | E32: 502 | F32: 40 | G32: 1002 | H32: 0.5 | J32: =IF(AND(F32*H32>I32,I32>0),I32, F32*H32) -> 20 | K32: 1022 | L32: 0.5 | M32: 50 | N32: =IF(AND(F32*L32>M32,M32>0),M32, F32*L32) -> 20 | O32: 1023 | P32: 0.5 | Q32: 50 | R32: =IF(AND(F32*P32>Q32,Q32>0),Q32, F32*P32) -> 20 | S32: 1024 | T32: 0.5 | U32: 50 | V32: =IF(AND(F32*T32>U32,U32>0),U32, F32*T32) -> 20 | Z32: =IF(AND(F32*X32>Y32,Y32>0),Y32, F32*X32) -> 0
A33: 31 | B33: Kombacher | C33: Anja | D33: 30515 | E33: 502 | F33: 46 | G33: 1002 | H33: 0.5 | J33: =IF(AND(F33*H33>I33,I33>0),I33, F33*H33) -> 23 | K33: 1022 | L33: 0.5 | M33: 50 | N33: =IF(AND(F33*L33>M33,M33>0),M33, F33*L33) -> 23 | O33: 1023 | P33: 0.5 | Q33: 50 | R33: =IF(AND(F33*P33>Q33,Q33>0),Q33, F33*P33) -> 23 | S33: 1024 | T33: 0.5 | U33: 50 | V33: =IF(AND(F33*T33>U33,U33>0),U33, F33*T33) -> 23 | Z33: =IF(AND(F33*X33>Y33,Y33>0),Y33, F33*X33) -> 0
A34: 32 | R34: =IF(AND(F34*P34>Q34,Q34>0),Q34, F34*P34) -> 0 | V34: =IF(AND(F34*T34>U34,U34>0),U34, F34*T34) -> 0 | Z34: =IF(AND(F34*X34>Y34,Y34>0),Y34, F34*X34) -> 0
A35: 33 | B35: Kombacher | C35: Lea | D35: 41712 | E35: 502 | F35: 54 | G35: 1002 | H35: 0.5 | J35: =IF(AND(F35*H35>I35,I35>0),I35, F35*H35) -> 27 | K35: 1022 | L35: 0.5 | M35: 50 | N35: =IF(AND(F35*L35>M35,M35>0),M35, F35*L35) -> 27 | O35: 1023 | P35: 0.5 | Q35: 50 | R35: =IF(AND(F35*P35>Q35,Q35>0),Q35, F35*P35) -> 27 | S35: 1024 | T35: 0.5 | U35: 50 | V35: =IF(AND(F35*T35>U35,U35>0),U35, F35*T35) -> 27 | Z35: =IF(AND(F35*X35>Y35,Y35>0),Y35, F35*X35) -> 0
A36: 34 | V36: =IF(AND(F36*T36>U36,U36>0),U36, F36*T36) -> 0 | Z36: =IF(AND(F36*X36>Y36,Y36>0),Y36, F36*X36) -> 0
A37: 35 | B37: Kombacher | C37: Sara | D37: 42528 | E37: 502 | F37: 84 | G37: 1002 | H37: 0.5 | J37: =IF(AND(F37*H37>I37,I37>0),I37, F37*H37) -> 42 | K37: 1022 | L37: 0.5 | M37: 50 | N37: =IF(AND(F37*L37>M37,M37>0),M37, F37*L37) -> 42 | O37: 1023 | P37: 0.5 | Q37: 50 | R37: =IF(AND(F37*P37>Q37,Q37>0),Q37, F37*P37) -> 42 | S37: 1024 | T37: 0.5 | U37: 50 | V37: =IF(AND(F37*T37>U37,U37>0),U37, F37*T37) -> 42 | Z37: =IF(AND(F37*X37>Y37,Y37>0),Y37, F37*X37) -> 0
A38: 36 | J38: =IF(AND(F38*H38>I38,I38>0),I38, F38*H38) -> 0 | N38: =IF(AND(F38*L38>M38,M38>0),M38, F38*L38) -> 0 | R38: =IF(AND(F38*P38>Q38,Q38>0),Q38, F38*P38) -> 0 | V38: =IF(AND(F38*T38>U38,U38>0),U38, F38*T38) -> 0 | Z38: =IF(AND(F38*X38>Y38,Y38>0),Y38, F38*X38) -> 0
A39: 37 | J39: =IF(AND(F39*H39>I39,I39>0),I39, F39*H39) -> 0 | N39: =IF(AND(F39*L39>M39,M39>0),M39, F39*L39) -> 0 | R39: =IF(AND(F39*P39>Q39,Q39>0),Q39, F39*P39) -> 0 | V39: =IF(AND(F39*T39>U39,U39>0),U39, F39*T39) -> 0 | Z39: =IF(AND(F39*X39>Y39,Y39>0),Y39, F39*X39) -> 0
A40: 38 | J40: =IF(AND(F40*H40>I40,I40>0),I40, F40*H40) -> 0 | N40: =IF(AND(F40*L40>M40,M40>0),M40, F40*L40) -> 0 | R40: =IF(AND(F40*P40>Q40,Q40>0),Q40, F40*P40) -> 0 | V40: =IF(AND(F40*T40>U40,U40>0),U40, F40*T40) -> 0 | Z40: =IF(AND(F40*X40>Y40,Y40>0),Y40, F40*X40) -> 0
A41: 39 | J41: =IF(AND(F41*H41>I41,I41>0),I41, F41*H41) -> 0 | N41: =IF(AND(F41*L41>M41,M41>0),M41, F41*L41) -> 0 | R41: =IF(AND(F41*P41>Q41,Q41>0),Q41, F41*P41) -> 0 | V41: =IF(AND(F41*T41>U41,U41>0),U41, F41*T41) -> 0 | Z41: =IF(AND(F41*X41>Y41,Y41>0),Y41, F41*X41) -> 0
A42: 40 | J42: =IF(AND(F42*H42>I42,I42>0),I42, F42*H42) -> 0 | N42: =IF(AND(F42*L42>M42,M42>0),M42, F42*L42) -> 0 | R42: =IF(AND(F42*P42>Q42,Q42>0),Q42, F42*P42) -> 0 | V42: =IF(AND(F42*T42>U42,U42>0),U42, F42*T42) -> 0 | Z42: =IF(AND(F42*X42>Y42,Y42>0),Y42, F42*X42) -> 0
A43: 41 | J43: =IF(AND(F43*H43>I43,I43>0),I43, F43*H43) -> 0 | N43: =IF(AND(F43*L43>M43,M43>0),M43, F43*L43) -> 0 | R43: =IF(AND(F43*P43>Q43,Q43>0),Q43, F43*P43) -> 0 | V43: =IF(AND(F43*T43>U43,U43>0),U43, F43*T43) -> 0 | Z43: =IF(AND(F43*X43>Y43,Y43>0),Y43, F43*X43) -> 0
A44: 42 | J44: =IF(AND(F44*H44>I44,I44>0),I44, F44*H44) -> 0 | N44: =IF(AND(F44*L44>M44,M44>0),M44, F44*L44) -> 0 | R44: =IF(AND(F44*P44>Q44,Q44>0),Q44, F44*P44) -> 0 | V44: =IF(AND(F44*T44>U44,U44>0),U44, F44*T44) -> 0 | Z44: =IF(AND(F44*X44>Y44,Y44>0),Y44, F44*X44) -> 0
A45: 43 | J45: =IF(AND(F45*H45>I45,I45>0),I45, F45*H45) -> 0 | N45: =IF(AND(F45*L45>M45,M45>0),M45, F45*L45) -> 0 | R45: =IF(AND(F45*P45>Q45,Q45>0),Q45, F45*P45) -> 0 | V45: =IF(AND(F45*T45>U45,U45>0),U45, F45*T45) -> 0 | Z45: =IF(AND(F45*X45>Y45,Y45>0),Y45, F45*X45) -> 0
A46: 44 | J46: =IF(AND(F46*H46>I46,I46>0),I46, F46*H46) -> 0 | N46: =IF(AND(F46*L46>M46,M46>0),M46, F46*L46) -> 0 | R46: =IF(AND(F46*P46>Q46,Q46>0),Q46, F46*P46) -> 0 | V46: =IF(AND(F46*T46>U46,U46>0),U46, F46*T46) -> 0 | Z46: =IF(AND(F46*X46>Y46,Y46>0),Y46, F46*X46) -> 0
A47: 45 | J47: =IF(AND(F47*H47>I47,I47>0),I47, F47*H47) -> 0 | N47: =IF(AND(F47*L47>M47,M47>0),M47, F47*L47) -> 0 | R47: =IF(AND(F47*P47>Q47,Q47>0),Q47, F47*P47) -> 0 | V47: =IF(AND(F47*T47>U47,U47>0),U47, F47*T47) -> 0 | Z47: =IF(AND(F47*X47>Y47,Y47>0),Y47, F47*X47) -> 0
A48: 46 | J48: =IF(AND(F48*H48>I48,I48>0),I48, F48*H48) -> 0 | N48: =IF(AND(F48*L48>M48,M48>0),M48, F48*L48) -> 0 | R48: =IF(AND(F48*P48>Q48,Q48>0),Q48, F48*P48) -> 0 | V48: =IF(AND(F48*T48>U48,U48>0),U48, F48*T48) -> 0 | Z48: =IF(AND(F48*X48>Y48,Y48>0),Y48, F48*X48) -> 0
A49: 47 | B49: Holste | C49: Ruben | D49: 30358 | E49: 503 | F49: 62 | G49: 1003 | H49: 0.5 | J49: =IF(AND(F49*H49>I49,I49>0),I49, F49*H49) -> 31 | N49: =IF(AND(F49*L49>M49,M49>0),M49, F49*L49) -> 0 | R49: =IF(AND(F49*P49>Q49,Q49>0),Q49, F49*P49) -> 0 | V49: =IF(AND(F49*T49>U49,U49>0),U49, F49*T49) -> 0 | Z49: =IF(AND(F49*X49>Y49,Y49>0),Y49, F49*X49) -> 0
A50: 48 | V50: =IF(AND(F50*T50>U50,U50>0),U50, F50*T50) -> 0 | Z50: =IF(AND(F50*X50>Y50,Y50>0),Y50, F50*X50) -> 0
A51: 49 | V51: =IF(AND(F51*T51>U51,U51>0),U51, F51*T51) -> 0 | Z51: =IF(AND(F51*X51>Y51,Y51>0),Y51, F51*X51) -> 0
A52: 50 | B52: Ludwig | C52: Mariya | D52: 40298 | E52: 502 | F52: 54 | G52: 1002 | H52: 0.5 | J52: =IF(AND(F52*H52>I52,I52>0),I52, F52*H52) -> 27 | K52: 1034 | L52: 1 | N52: =IF(AND(F52*L52>M52,M52>0),M52, F52*L52) -> 54 | V52: =IF(AND(F52*T52>U52,U52>0),U52, F52*T52) -> 0 | Z52: =IF(AND(F52*X52>Y52,Y52>0),Y52, F52*X52) -> 0
A53: 51 | B53: Warga | C53: Eva | D53: 42629 | E53: 507 | F53: 102 | V53: =IF(AND(F53*T53>U53,U53>0),U53, F53*T53) -> 0 | Z53: =IF(AND(F53*X53>Y53,Y53>0),Y53, F53*X53) -> 0
A54: 52 | B54: Warga | C54: Christina | D54: 27766 | E54: 507 | F54: 40 | V54: =IF(AND(F54*T54>U54,U54>0),U54, F54*T54) -> 0 | Z54: =IF(AND(F54*X54>Y54,Y54>0),Y54, F54*X54) -> 0
A55: 53 | B55: Warga | C55: Paula | D55: 39823 | E55: 507 | F55: 58 | V55: =IF(AND(F55*T55>U55,U55>0),U55, F55*T55) -> 0 | Z55: =IF(AND(F55*X55>Y55,Y55>0),Y55, F55*X55) -> 0
A56: 54 | B56: Warga | C56: Christian | D56: 27486 | E56: 507 | F56: 38 | V56: =IF(AND(F56*T56>U56,U56>0),U56, F56*T56) -> 0 | Z56: =IF(AND(F56*X56>Y56,Y56>0),Y56, F56*X56) -> 0
A57: 55 | V57: =IF(AND(F57*T57>U57,U57>0),U57, F57*T57) -> 0 | Z57: =IF(AND(F57*X57>Y57,Y57>0),Y57, F57*X57) -> 0
A58: 56 | V58: =IF(AND(F58*T58>U58,U58>0),U58, F58*T58) -> 0 | Z58: =IF(AND(F58*X58>Y58,Y58>0),Y58, F58*X58) -> 0
A59: 57 | V59: =IF(AND(F59*T59>U59,U59>0),U59, F59*T59) -> 0 | Z59: =IF(AND(F59*X59>Y59,Y59>0),Y59, F59*X59) -> 0
A60: 58 | V60: =IF(AND(F60*T60>U60,U60>0),U60, F60*T60) -> 0 | Z60: =IF(AND(F60*X60>Y60,Y60>0),Y60, F60*X60) -> 0
A61: 59 | V61: =IF(AND(F61*T61>U61,U61>0),U61, F61*T61) -> 0 | Z61: =IF(AND(F61*X61>Y61,Y61>0),Y61, F61*X61) -> 0
A62: 60 | Z62: =IF(AND(F62*X62>Y62,Y62>0),Y62, F62*X62) -> 0
A63: 61 | V63: =IF(AND(F63*T63>U63,U63>0),U63, F63*T63) -> 0 | Z63: =IF(AND(F63*X63>Y63,Y63>0),Y63, F63*X63) -> 0
A64: 62 | V64: =IF(AND(F64*T64>U64,U64>0),U64, F64*T64) -> 0 | Z64: =IF(AND(F64*X64>Y64,Y64>0),Y64, F64*X64) -> 0
A65: 63 | V65: =IF(AND(F65*T65>U65,U65>0),U65, F65*T65) -> 0 | Z65: =IF(AND(F65*X65>Y65,Y65>0),Y65, F65*X65) -> 0
A66: 64 | V66: =IF(AND(F66*T66>U66,U66>0),U66, F66*T66) -> 0 | Z66: =IF(AND(F66*X66>Y66,Y66>0),Y66, F66*X66) -> 0
A67: 65 | V67: =IF(AND(F67*T67>U67,U67>0),U67, F67*T67) -> 0 | Z67: =IF(AND(F67*X67>Y67,Y67>0),Y67, F67*X67) -> 0
A68: 66 | V68: =IF(AND(F68*T68>U68,U68>0),U68, F68*T68) -> 0 | Z68: =IF(AND(F68*X68>Y68,Y68>0),Y68, F68*X68) -> 0
A69: 67 | V69: =IF(AND(F69*T69>U69,U69>0),U69, F69*T69) -> 0 | Z69: =IF(AND(F69*X69>Y69,Y69>0),Y69, F69*X69) -> 0
A70: 68 | V70: =IF(AND(F70*T70>U70,U70>0),U70, F70*T70) -> 0 | Z70: =IF(AND(F70*X70>Y70,Y70>0),Y70, F70*X70) -> 0
A71: 69 | V71: =IF(AND(F71*T71>U71,U71>0),U71, F71*T71) -> 0 | Z71: =IF(AND(F71*X71>Y71,Y71>0),Y71, F71*X71) -> 0
A72: 70 | B72: Klick | C72: Karin | D72: 22319 | E72: 508 | F72: 36 | G72: 1109 | H72: 1 | I72: 20 | J72: =IF(AND(F72*H72>I72,I72>0),I72, F72*H72) -> 20 | N72: =IF(AND(F72*L72>M72,M72>0),M72, F72*L72) -> 0 | R72: =IF(AND(F72*P72>Q72,Q72>0),Q72, F72*P72) -> 0 | V72: =IF(AND(F72*T72>U72,U72>0),U72, F72*T72) -> 0 | Z72: =IF(AND(F72*X72>Y72,Y72>0),Y72, F72*X72) -> 0
A73: 71 | B73: Zimmermann | C73: Inge | D73: 21516 | E73: 508 | F73: 22 | G73: 1108 | H73: 1 | I73: 20 | J73: =IF(AND(F73*H73>I73,I73>0),I73, F73*H73) -> 20 | N73: =IF(AND(F73*L73>M73,M73>0),M73, F73*L73) -> 0 | R73: =IF(AND(F73*P73>Q73,Q73>0),Q73, F73*P73) -> 0 | V73: =IF(AND(F73*T73>U73,U73>0),U73, F73*T73) -> 0 | Z73: =IF(AND(F73*X73>Y73,Y73>0),Y73, F73*X73) -> 0
A74: 72 | B74: Schmid | C74: Annette | D74: 30400 | E74: 503 | F74: 44 | G74: 1003 | H74: 0.5 | J74: =IF(AND(F74*H74>I74,I74>0),I74, F74*H74) -> 22 | K74: 1115 | L74: 1 | M74: 25 | N74: =IF(AND(F74*L74>M74,M74>0),M74, F74*L74) -> 25 | R74: =IF(AND(F74*P74>Q74,Q74>0),Q74, F74*P74) -> 0 | V74: =IF(AND(F74*T74>U74,U74>0),U74, F74*T74) -> 0 | Z74: =IF(AND(F74*X74>Y74,Y74>0),Y74, F74*X74) -> 0
A75: 73 | B75: Glaser | C75: Mila | D75: 42450 | F75: 74 | G75: 1131 | H75: 10 | I75: 10 | J75: =IF(AND(F75*H75>I75,I75>0),I75, F75*H75) -> 10 | N75: =IF(AND(F75*L75>M75,M75>0),M75, F75*L75) -> 0 | R75: =IF(AND(F75*P75>Q75,Q75>0),Q75, F75*P75) -> 0 | V75: =IF(AND(F75*T75>U75,U75>0),U75, F75*T75) -> 0 | Z75: =IF(AND(F75*X75>Y75,Y75>0),Y75, F75*X75) -> 0
A76: 74 | B76: Schmid | C76: Katharina | D76: 30595 | E76: 502 | F76: 44 | G76: 1002 | H76: 0.5 | J76: =IF(AND(F76*H76>I76,I76>0),I76, F76*H76) -> 22 | K76: 1117 | L76: 0.5 | N76: =IF(AND(F76*L76>M76,M76>0),M76, F76*L76) -> 22 | R76: =IF(AND(F76*P76>Q76,Q76>0),Q76, F76*P76) -> 0 | V76: =IF(AND(F76*T76>U76,U76>0),U76, F76*T76) -> 0 | Z76: =IF(AND(F76*X76>Y76,Y76>0),Y76, F76*X76) -> 0
A77: 75 | B77: Buck | C77: Annika | D77: 39204 | E77: 502 | F77: 44 | G77: 1002 | H77: 0.5 | J77: =IF(AND(F77*H77>I77,I77>0),I77, F77*H77) -> 22 | K77: 1118 | L77: 1 | N77: =IF(AND(F77*L77>M77,M77>0),M77, F77*L77) -> 44 | O77: 1119 | P77: 1 | R77: =IF(AND(F77*P77>Q77,Q77>0),Q77, F77*P77) -> 44 | V77: =IF(AND(F77*T77>U77,U77>0),U77, F77*T77) -> 0 | Z77: =IF(AND(F77*X77>Y77,Y77>0),Y77, F77*X77) -> 0
A78: 76 | B78: Wohlers | C78: Valentin | D78: 41498 | F78: 76 | G78: 1121 | H78: 0.5 | I78: 50 | J78: =IF(AND(F78*H78>I78,I78>0),I78, F78*H78) -> 38 | N78: =IF(AND(F78*L78>M78,M78>0),M78, F78*L78) -> 0 | R78: =IF(AND(F78*P78>Q78,Q78>0),Q78, F78*P78) -> 0 | V78: =IF(AND(F78*T78>U78,U78>0),U78, F78*T78) -> 0 | Z78: =IF(AND(F78*X78>Y78,Y78>0),Y78, F78*X78) -> 0
A79: 77 | B79: Rink | C79: Henrik | D79: 43484 | E79: 503.505 | F79: 48 | G79: 1003 | H79: 0.5 | J79: =IF(AND(F79*H79>I79,I79>0),I79, F79*H79) -> 24 | K79: 1005 | L79: 0.5 | N79: =IF(AND(F79*L79>M79,M79>0),M79, F79*L79) -> 24 | O79: 1010 | P79: 0.25 | R79: =IF(AND(F79*P79>Q79,Q79>0),Q79, F79*P79) -> 12 | V79: =IF(AND(F79*T79>U79,U79>0),U79, F79*T79) -> 0 | Z79: =IF(AND(F79*X79>Y79,Y79>0),Y79, F79*X79) -> 0
A80: 78 | B80: B | C80: Pascal | D80: 32874 | E80: 503.504 | F80: 50 | G80: 1003 | H80: 0.5 | J80: =IF(AND(F80*H80>I80,I80>0),I80, F80*H80) -> 25 | K80: 1004 | L80: 0.5 | N80: =IF(AND(F80*L80>M80,M80>0),M80, F80*L80) -> 25 | R80: =IF(AND(F80*P80>Q80,Q80>0),Q80, F80*P80) -> 0 | V80: =IF(AND(F80*T80>U80,U80>0),U80, F80*T80) -> 0 | Z80: =IF(AND(F80*X80>Y80,Y80>0),Y80, F80*X80) -> 0
A81: 79 | B81: Fritz | C81: Lukas | D81: 35085 | F81: 46 | G81: 1123 | H81: 5 | J81: =IF(AND(F81*H81>I81,I81>0),I81, F81*H81) -> 230 | N81: =IF(AND(F81*L81>M81,M81>0),M81, F81*L81) -> 0 | R81: =IF(AND(F81*P81>Q81,Q81>0),Q81, F81*P81) -> 0 | V81: =IF(AND(F81*T81>U81,U81>0),U81, F81*T81) -> 0 | Z81: =IF(AND(F81*X81>Y81,Y81>0),Y81, F81*X81) -> 0
A82: 80 | B82: Schönefeld | C82: Frida Marie | D82: 43719 | F82: 32 | G82: 1124 | H82: 1 | J82: =IF(AND(F82*H82>I82,I82>0),I82, F82*H82) -> 32 | N82: =IF(AND(F82*L82>M82,M82>0),M82, F82*L82) -> 0 | R82: =IF(AND(F82*P82>Q82,Q82>0),Q82, F82*P82) -> 0 | V82: =IF(AND(F82*T82>U82,U82>0),U82, F82*T82) -> 0 | Z82: =IF(AND(F82*X82>Y82,Y82>0),Y82, F82*X82) -> 0
A83: 81 | B83: Mauer | C83: Mika | D83: 41857 | E83: 503 | F83: 124 | G83: 1003 | H83: 0.5 | J83: =IF(AND(F83*H83>I83,I83>0),I83, F83*H83) -> 62 | K83: 1126 | L83: 1 | M83: 45 | N83: =IF(AND(F83*L83>M83,M83>0),M83, F83*L83) -> 45 | R83: =IF(AND(F83*P83>Q83,Q83>0),Q83, F83*P83) -> 0 | V83: =IF(AND(F83*T83>U83,U83>0),U83, F83*T83) -> 0 | Z83: =IF(AND(F83*X83>Y83,Y83>0),Y83, F83*X83) -> 0
A84: 82 | B84: Veit | C84: Dorothea | D84: 41475 | E84: 503 | F84: 104 | G84: 1003 | H84: 0.5 | J84: =IF(AND(F84*H84>I84,I84>0),I84, F84*H84) -> 52 | N84: =IF(AND(F84*L84>M84,M84>0),M84, F84*L84) -> 0 | R84: =IF(AND(F84*P84>Q84,Q84>0),Q84, F84*P84) -> 0 | V84: =IF(AND(F84*T84>U84,U84>0),U84, F84*T84) -> 0 | Z84: =IF(AND(F84*X84>Y84,Y84>0),Y84, F84*X84) -> 0
A85: 83 | B85: Heineke | C85: Jana | D85: 40445 | E85: 503 | F85: 64 | G85: 1003 | H85: 0.5 | J85: =IF(AND(F85*H85>I85,I85>0),I85, F85*H85) -> 32 | N85: =IF(AND(F85*L85>M85,M85>0),M85, F85*L85) -> 0 | R85: =IF(AND(F85*P85>Q85,Q85>0),Q85, F85*P85) -> 0 | V85: =IF(AND(F85*T85>U85,U85>0),U85, F85*T85) -> 0 | Z85: =IF(AND(F85*X85>Y85,Y85>0),Y85, F85*X85) -> 0
A86: 84 | B86: Mauer | C86: Jana | D86: 41857 | E86: 503 | F86: 42 | G86: 1003 | H86: 0.5 | J86: =IF(AND(F86*H86>I86,I86>0),I86, F86*H86) -> 21 | K86: 1126 | L86: 1 | M86: 45 | N86: =IF(AND(F86*L86>M86,M86>0),M86, F86*L86) -> 42 | R86: =IF(AND(F86*P86>Q86,Q86>0),Q86, F86*P86) -> 0 | V86: =IF(AND(F86*T86>U86,U86>0),U86, F86*T86) -> 0 | Z86: =IF(AND(F86*X86>Y86,Y86>0),Y86, F86*X86) -> 0
A87: 85 | B87: Fernandez | C87: Silvia Velesco | D87: 26482 | F87: 32 | G87: 1127 | H87: 5 | J87: =IF(AND(F87*H87>I87,I87>0),I87, F87*H87) -> 160 | N87: =IF(AND(F87*L87>M87,M87>0),M87, F87*L87) -> 0 | R87: =IF(AND(F87*P87>Q87,Q87>0),Q87, F87*P87) -> 0 | V87: =IF(AND(F87*T87>U87,U87>0),U87, F87*T87) -> 0 | Z87: =IF(AND(F87*X87>Y87,Y87>0),Y87, F87*X87) -> 0
A88: 86 | B88: Collmer | C88: Andreas | D88: 25976 | F88: 52 | G88: 1128 | H88: 2.5 | J88: =IF(AND(F88*H88>I88,I88>0),I88, F88*H88) -> 130 | N88: =IF(AND(F88*L88>M88,M88>0),M88, F88*L88) -> 0 | R88: =IF(AND(F88*P88>Q88,Q88>0),Q88, F88*P88) -> 0 | V88: =IF(AND(F88*T88>U88,U88>0),U88, F88*T88) -> 0 | Z88: =IF(AND(F88*X88>Y88,Y88>0),Y88, F88*X88) -> 0
A89: 87 | B89: Tutsch | C89: Linda | D89: 41934 | E89: 505 | F89: 84 | G89: 1005 | H89: 0.5 | J89: =IF(AND(F89*H89>I89,I89>0),I89, F89*H89) -> 42 | K89: 1129 | L89: 1 | N89: =IF(AND(F89*L89>M89,M89>0),M89, F89*L89) -> 84 | R89: =IF(AND(F89*P89>Q89,Q89>0),Q89, F89*P89) -> 0 | V89: =IF(AND(F89*T89>U89,U89>0),U89, F89*T89) -> 0 | Z89: =IF(AND(F89*X89>Y89,Y89>0),Y89, F89*X89) -> 0
A90: 88 | B90: Tutsch | C90: Daniel | D90: 41321 | E90: 505 | F90: 84 | G90: 1005 | H90: 0.5 | J90: =IF(AND(F90*H90>I90,I90>0),I90, F90*H90) -> 42 | K90: 1129 | L90: 1 | N90: =IF(AND(F90*L90>M90,M90>0),M90, F90*L90) -> 84 | R90: =IF(AND(F90*P90>Q90,Q90>0),Q90, F90*P90) -> 0 | V90: =IF(AND(F90*T90>U90,U90>0),U90, F90*T90) -> 0 | Z90: =IF(AND(F90*X90>Y90,Y90>0),Y90, F90*X90) -> 0
A91: 89 | B91: Sommerfeld | C91: Andreas | D91: 22924 | F91: 42 | J91: =IF(AND(F91*H91>I91,I91>0),I91, F91*H91) -> 0 | N91: =IF(AND(F91*L91>M91,M91>0),M91, F91*L91) -> 0 | R91: =IF(AND(F91*P91>Q91,Q91>0),Q91, F91*P91) -> 0 | V91: =IF(AND(F91*T91>U91,U91>0),U91, F91*T91) -> 0 | Z91: =IF(AND(F91*X91>Y91,Y91>0),Y91, F91*X91) -> 0
A92: 90 | B92: Warlitz | C92: Eleanor | D92: 22647 | F92: 44 | J92: =IF(AND(F92*H92>I92,I92>0),I92, F92*H92) -> 0 | N92: =IF(AND(F92*L92>M92,M92>0),M92, F92*L92) -> 0 | R92: =IF(AND(F92*P92>Q92,Q92>0),Q92, F92*P92) -> 0 | V92: =IF(AND(F92*T92>U92,U92>0),U92, F92*T92) -> 0 | Z92: =IF(AND(F92*X92>Y92,Y92>0),Y92, F92*X92) -> 0
A93: 91 | B93: Veit | C93: Konstantin | D93: 42325 | F93: 50 | G93: 1130 | H93: 1 | J93: =IF(AND(F93*H93>I93,I93>0),I93, F93*H93) -> 50 | N93: =IF(AND(F93*L93>M93,M93>0),M93, F93*L93) -> 0 | R93: =IF(AND(F93*P93>Q93,Q93>0),Q93, F93*P93) -> 0 | V93: =IF(AND(F93*T93>U93,U93>0),U93, F93*T93) -> 0 | Z93: =IF(AND(F93*X93>Y93,Y93>0),Y93, F93*X93) -> 0
A94: 92 | B94: Nanjack | C94: Mariims | D94: 21845 | F94: 22 | J94: =IF(AND(F94*H94>I94,I94>0),I94, F94*H94) -> 0 | N94: =IF(AND(F94*L94>M94,M94>0),M94, F94*L94) -> 0 | R94: =IF(AND(F94*P94>Q94,Q94>0),Q94, F94*P94) -> 0 | V94: =IF(AND(F94*T94>U94,U94>0),U94, F94*T94) -> 0 | Z94: =IF(AND(F94*X94>Y94,Y94>0),Y94, F94*X94) -> 0
A95: 93 | B95: Weber-Bleyle | C95: Christina | D95: 29077 | F95: 48 | J95: =IF(AND(F95*H95>I95,I95>0),I95, F95*H95) -> 0 | N95: =IF(AND(F95*L95>M95,M95>0),M95, F95*L95) -> 0 | R95: =IF(AND(F95*P95>Q95,Q95>0),Q95, F95*P95) -> 0 | V95: =IF(AND(F95*T95>U95,U95>0),U95, F95*T95) -> 0 | Z95: =IF(AND(F95*X95>Y95,Y95>0),Y95, F95*X95) -> 0
A96: 94 | B96: Kaiser | C96: Denis | D96: 40592 | E96: 502 | F96: 34 | G96: 1002 | H96: 0.5 | J96: =IF(AND(F96*H96>I96,I96>0),I96, F96*H96) -> 17 | K96: 1133 | L96: 20 | M96: 20 | N96: =IF(AND(F96*L96>M96,M96>0),M96, F96*L96) -> 20 | R96: =IF(AND(F96*P96>Q96,Q96>0),Q96, F96*P96) -> 0 | V96: =IF(AND(F96*T96>U96,U96>0),U96, F96*T96) -> 0 | Z96: =IF(AND(F96*X96>Y96,Y96>0),Y96, F96*X96) -> 0
A97: 95 | B97: Kaiser | C97: Vitalis | D97: 27608 | E97: 502 | F97: 24 | G97: 1002 | H97: 0.5 | J97: =IF(AND(F97*H97>I97,I97>0),I97, F97*H97) -> 12 | K97: 1133 | L97: 20 | M97: 20 | N97: =IF(AND(F97*L97>M97,M97>0),M97, F97*L97) -> 20 | R97: =IF(AND(F97*P97>Q97,Q97>0),Q97, F97*P97) -> 0 | V97: =IF(AND(F97*T97>U97,U97>0),U97, F97*T97) -> 0 | Z97: =IF(AND(F97*X97>Y97,Y97>0),Y97, F97*X97) -> 0
A98: 96 | B98: Schule | C98: Malik | D98: 41275 | F98: 36 | J98: =IF(AND(F98*H98>I98,I98>0),I98, F98*H98) -> 0 | N98: =IF(AND(F98*L98>M98,M98>0),M98, F98*L98) -> 0 | R98: =IF(AND(F98*P98>Q98,Q98>0),Q98, F98*P98) -> 0 | V98: =IF(AND(F98*T98>U98,U98>0),U98, F98*T98) -> 0 | Z98: =IF(AND(F98*X98>Y98,Y98>0),Y98, F98*X98) -> 0
A99: 97 | B99: Graf | C99: Alexander | D99: 33386 | E99: 502 | F99: 24 | G99: 1002 | H99: 0.5 | J99: =IF(AND(F99*H99>I99,I99>0),I99, F99*H99) -> 12 | N99: =IF(AND(F99*L99>M99,M99>0),M99, F99*L99) -> 0 | R99: =IF(AND(F99*P99>Q99,Q99>0),Q99, F99*P99) -> 0 | V99: =IF(AND(F99*T99>U99,U99>0),U99, F99*T99) -> 0 | Z99: =IF(AND(F99*X99>Y99,Y99>0),Y99, F99*X99) -> 0
A100: 98 | J100: =IF(AND(F100*H100>I100,I100>0),I100, F100*H100) -> 0 | N100: =IF(AND(F100*L100>M100,M100>0),M100, F100*L100) -> 0 | R100: =IF(AND(F100*P100>Q100,Q100>0),Q100, F100*P100) -> 0
A101: 99 | B101: Irion | C101: Christoph | D101: 33989 | E101: 503.504 | F101: 48 | G101: 1003 | H101: 0.5 | J101: =IF(AND(F101*H101>I101,I101>0),I101, F101*H101) -> 24 | K101: 1004 | L101: 0.5 | N101: =IF(AND(F101*L101>M101,M101>0),M101, F101*L101) -> 24 | O101: 1132 | P101: 2 | R101: =IF(AND(F101*P101>Q101,Q101>0),Q101, F101*P101) -> 96
A102: 100 | J102: =IF(AND(F102*H102>I102,I102>0),I102, F102*H102) -> 0 | N102: =IF(AND(F102*L102>M102,M102>0),M102, F102*L102) -> 0 | R102: =IF(AND(F102*P102>Q102,Q102>0),Q102, F102*P102) -> 0
A103: 101 | J103: =SUM(J4:J102) -> 1422 | N103: =SUM(N4:N102) -> 663 | R103: =SUM(R4:R102) -> 283 | S103: =SUMIF('Stammdaten - Schwimmer'!S$4:S$99,1002,'Stammdaten - Schwimmer'!$F$4:$F$99) -> 0 | V103: =SUM(V4:V102) -> 188 | W103: =J103+N103+R103+V103 -> 2556
...

Sheet Tabelle1
A1: Jungstes Kind | K1: =#REF! -> #REF! | L1: =#REF! -> #REF! | M1: =#REF! -> #REF! | N1: =#REF! -> #REF! | O1: =#REF! -> #REF! | P1: =#REF! -> #REF! | Q1: 50 | R1: =P1*Q1 -> #REF!
A2: ='Stammdaten - Schwimmer'!A3 -> Nummer | B2: ='Stammdaten - Schwimmer'!B3 -> Name | C2: ='Stammdaten - Schwimmer'!C3 -> Vormname | D2: ='Stammdaten - Schwimmer'!D3 -> Geburtstag | E2: ='Stammdaten - Schwimmer'!E3 -> Mannschaft | F2: ='Stammdaten - Schwimmer'!F3 -> Anzahl Bahnen | K2: ='Stammdaten - Schwimmer'!A4 -> 2 | L2: ='stammdaten - schwimmer'!#ref! -> #VALUE! | M2: ='stammdaten - schwimmer'!#ref! -> #VALUE! | N2: ='stammdaten - schwimmer'!#ref! -> #VALUE! | O2: ='stammdaten - schwimmer'!#ref! -> #VALUE! | P2: ='stammdaten - schwimmer'!#ref! -> #VALUE! | Q2: 25 | R2: =P2*Q2 -> #VALUE!
A3: ='Stammdaten - Schwimmer'!A82 -> 80 | B3: ='Stammdaten - Schwimmer'!B82 -> Schönefeld | C3: ='Stammdaten - Schwimmer'!C82 -> Frida Marie | D3: ='Stammdaten - Schwimmer'!D82 -> 43719 | E3: ='Stammdaten - Schwimmer'!E82 -> 0 | F3: ='Stammdaten - Schwimmer'!F82 -> 32 | K3: ='Stammdaten - Schwimmer'!A5 -> 3 | L3: ='Stammdaten - Schwimmer'!B5 -> 0 | M3: ='Stammdaten - Schwimmer'!C5 -> 0 | N3: ='Stammdaten - Schwimmer'!D5 -> 0 | O3: ='Stammdaten - Schwimmer'!E5 -> 0 | P3: ='Stammdaten - Schwimmer'!F5 -> 0 | Q3: 25 | R3: =P3*Q3 -> 0
A4: ='Stammdaten - Schwimmer'!A32 -> 30 | B4: ='Stammdaten - Schwimmer'!B32 -> Kombacher | C4: ='Stammdaten - Schwimmer'!C32 -> Mia | D4: ='Stammdaten - Schwimmer'!D32 -> 43635 | E4: ='Stammdaten - Schwimmer'!E32 -> 502 | F4: ='Stammdaten - Schwimmer'!F32 -> 40 | K4: ='Stammdaten - Schwimmer'!A6 -> 4 | L4: ='Stammdaten - Schwimmer'!B6 -> 0 | M4: ='Stammdaten - Schwimmer'!C6 -> 0 | N4: ='Stammdaten - Schwimmer'!D6 -> 0 | O4: ='Stammdaten - Schwimmer'!E6 -> 0 | P4: ='Stammdaten - Schwimmer'!F6 -> 0 | Q4: 50 | R4: =P4*Q4 -> 0
A5: ='Stammdaten - Schwimmer'!A79 -> 77 | B5: ='Stammdaten - Schwimmer'!B79 -> Rink | C5: ='Stammdaten - Schwimmer'!C79 -> Henrik | D5: ='Stammdaten - Schwimmer'!D79 -> 43484 | E5: ='Stammdaten - Schwimmer'!E79 -> 503.505 | F5: ='Stammdaten - Schwimmer'!F79 -> 48 | K5: ='Stammdaten - Schwimmer'!A7 -> 5 | L5: ='Stammdaten - Schwimmer'!B7 -> Rink | M5: ='Stammdaten - Schwimmer'!C7 -> Wiebke | N5: ='Stammdaten - Schwimmer'!D7 -> 42566 | O5: ='Stammdaten - Schwimmer'!E7 -> 503.505 | P5: ='Stammdaten - Schwimmer'!F7 -> 76 | Q5: 25 | R5: =P5*Q5 -> 1900
A6: ='Stammdaten - Schwimmer'!A7 -> 5 | B6: ='Stammdaten - Schwimmer'!B7 -> Rink | C6: ='Stammdaten - Schwimmer'!C7 -> Wiebke | D6: ='Stammdaten - Schwimmer'!D7 -> 42566 | E6: ='Stammdaten - Schwimmer'!E7 -> 503.505 | F6: ='Stammdaten - Schwimmer'!F7 -> 76 | K6: ='Stammdaten - Schwimmer'!A8 -> 6 | L6: ='Stammdaten - Schwimmer'!B8 -> Künsemüller | M6: ='Stammdaten - Schwimmer'!C8 -> Viktoria | N6: ='Stammdaten - Schwimmer'!D8 -> 40021 | O6: ='Stammdaten - Schwimmer'!E8 -> 503 | P6: ='Stammdaten - Schwimmer'!F8 -> 58 | Q6: 50 | R6: =P6*Q6 -> 2900
A7: ='Stammdaten - Schwimmer'!A36 -> 34 | B7: ='Stammdaten - Schwimmer'!B36 -> 0 | C7: ='Stammdaten - Schwimmer'!C36 -> 0 | D7: ='Stammdaten - Schwimmer'!D36 -> 0 | E7: ='Stammdaten - Schwimmer'!E36 -> 0 | F7: ='Stammdaten - Schwimmer'!F36 -> 0 | K7: ='Stammdaten - Schwimmer'!A9 -> 7 | L7: ='Stammdaten - Schwimmer'!B9 -> 0 | M7: ='Stammdaten - Schwimmer'!C9 -> 0 | N7: ='Stammdaten - Schwimmer'!D9 -> 0 | O7: ='Stammdaten - Schwimmer'!E9 -> 0 | P7: ='Stammdaten - Schwimmer'!F9 -> 0 | Q7: 50 | R7: =P7*Q7 -> 0
A8: ='Stammdaten - Schwimmer'!A37 -> 35 | B8: ='Stammdaten - Schwimmer'!B37 -> Kombacher | C8: ='Stammdaten - Schwimmer'!C37 -> Sara | D8: ='Stammdaten - Schwimmer'!D37 -> 42528 | E8: ='Stammdaten - Schwimmer'!E37 -> 502 | F8: ='Stammdaten - Schwimmer'!F37 -> 84 | K8: ='Stammdaten - Schwimmer'!A10 -> 8 | L8: ='Stammdaten - Schwimmer'!B10 -> 0 | M8: ='Stammdaten - Schwimmer'!C10 -> 0 | N8: ='Stammdaten - Schwimmer'!D10 -> 0 | O8: ='Stammdaten - Schwimmer'!E10 -> 0 | P8: ='Stammdaten - Schwimmer'!F10 -> 0 | Q8: 50 | R8: =P8*Q8 -> 0
A9: ='Stammdaten - Schwimmer'!A75 -> 73 | B9: ='Stammdaten - Schwimmer'!B75 -> Glaser | C9: ='Stammdaten - Schwimmer'!C75 -> Mila | D9: ='Stammdaten - Schwimmer'!D75 -> 42450 | E9: ='Stammdaten - Schwimmer'!E75 -> 0 | F9: ='Stammdaten - Schwimmer'!F75 -> 74 | K9: ='Stammdaten - Schwimmer'!A11 -> 9 | L9: ='Stammdaten - Schwimmer'!B4 -> 0 | M9: ='Stammdaten - Schwimmer'!C4 -> 0 | N9: ='Stammdaten - Schwimmer'!D4 -> 0 | O9: ='Stammdaten - Schwimmer'!E4 -> 0 | P9: ='Stammdaten - Schwimmer'!F4 -> 0 | Q9: 50 | R9: =P9*Q9 -> 0
A10: ='Stammdaten - Schwimmer'!A93 -> 91 | B10: ='Stammdaten - Schwimmer'!B93 -> Veit | C10: ='Stammdaten - Schwimmer'!C93 -> Konstantin | D10: ='Stammdaten - Schwimmer'!D93 -> 42325 | E10: ='Stammdaten - Schwimmer'!E93 -> 0 | F10: ='Stammdaten - Schwimmer'!F93 -> 50 | K10: ='Stammdaten - Schwimmer'!A12 -> 10 | L10: ='Stammdaten - Schwimmer'!B12 -> 0 | M10: ='Stammdaten - Schwimmer'!C12 -> 0 | N10: ='Stammdaten - Schwimmer'!D12 -> 0 | O10: ='Stammdaten - Schwimmer'!E12 -> 0 | P10: ='Stammdaten - Schwimmer'!F12 -> 0 | Q10: 50 | R10: =P10*Q10 -> 0
A11: ='Stammdaten - Schwimmer'!A89 -> 87 | B11: ='Stammdaten - Schwimmer'!B89 -> Tutsch | C11: ='Stammdaten - Schwimmer'!C89 -> Linda | D11: ='Stammdaten - Schwimmer'!D89 -> 41934 | E11: ='Stammdaten - Schwimmer'!E89 -> 505 | F11: ='Stammdaten - Schwimmer'!F89 -> 84 | K11: ='Stammdaten - Schwimmer'!A13 -> 11 | L11: ='Stammdaten - Schwimmer'!B13 -> 0 | M11: ='Stammdaten - Schwimmer'!C13 -> 0 | N11: ='Stammdaten - Schwimmer'!D13 -> 0 | O11: ='Stammdaten - Schwimmer'!E13 -> 0 | P11: ='Stammdaten - Schwimmer'!F13 -> 0 | Q11: 50 | R11: =P11*Q11 -> 0
A12: ='Stammdaten - Schwimmer'!A83 -> 81 | B12: ='Stammdaten - Schwimmer'!B83 -> Mauer | C12: ='Stammdaten - Schwimmer'!C83 -> Mika | D12: ='Stammdaten - Schwimmer'!D83 -> 41857 | E12: ='Stammdaten - Schwimmer'!E83 -> 503 | F12: ='Stammdaten - Schwimmer'!F83 -> 124 | K12: ='Stammdaten - Schwimmer'!A14 -> 12 | L12: ='Stammdaten - Schwimmer'!B14 -> 0 | M12: ='Stammdaten - Schwimmer'!C14 -> 0 | N12: ='Stammdaten - Schwimmer'!D14 -> 0 | O12: ='Stammdaten - Schwimmer'!E14 -> 0 | P12: ='Stammdaten - Schwimmer'!F14 -> 0 | Q12: 50 | R12: =P12*Q12 -> 0
A13: ='Stammdaten - Schwimmer'!A86 -> 84 | B13: ='Stammdaten - Schwimmer'!B86 -> Mauer | C13: ='Stammdaten - Schwimmer'!C86 -> Jana | D13: ='Stammdaten - Schwimmer'!D86 -> 41857 | E13: ='Stammdaten - Schwimmer'!E86 -> 503 | F13: ='Stammdaten - Schwimmer'!F86 -> 42 | K13: ='Stammdaten - Schwimmer'!A15 -> 13 | L13: ='Stammdaten - Schwimmer'!B15 -> 0 | M13: ='Stammdaten - Schwimmer'!C15 -> 0 | N13: ='Stammdaten - Schwimmer'!D15 -> 0 | O13: ='Stammdaten - Schwimmer'!E15 -> 0 | P13: ='Stammdaten - Schwimmer'!F15 -> 0 | Q13: 50 | R13: =P13*Q13 -> 0
A14: ='Stammdaten - Schwimmer'!A34 -> 32 | B14: ='Stammdaten - Schwimmer'!B34 -> 0 | C14: ='Stammdaten - Schwimmer'!C34 -> 0 | D14: ='Stammdaten - Schwimmer'!D34 -> 0 | E14: ='Stammdaten - Schwimmer'!E34 -> 0 | F14: ='Stammdaten - Schwimmer'!F34 -> 0 | K14: ='Stammdaten - Schwimmer'!A16 -> 14 | L14: ='Stammdaten - Schwimmer'!B16 -> 0 | M14: ='Stammdaten - Schwimmer'!C16 -> 0 | N14: ='Stammdaten - Schwimmer'!D16 -> 0 | O14: ='Stammdaten - Schwimmer'!E16 -> 0 | P14: ='Stammdaten - Schwimmer'!F16 -> 0 | Q14: 25 | R14: =P14*Q14 -> 0
A15: ='Stammdaten - Schwimmer'!A35 -> 33 | B15: ='Stammdaten - Schwimmer'!B35 -> Kombacher | C15: ='Stammdaten - Schwimmer'!C35 -> Lea | D15: ='Stammdaten - Schwimmer'!D35 -> 41712 | E15: ='Stammdaten - Schwimmer'!E35 -> 502 | F15: ='Stammdaten - Schwimmer'!F35 -> 54 | K15: ='Stammdaten - Schwimmer'!A17 -> 15 | L15: ='Stammdaten - Schwimmer'!B17 -> 0 | M15: ='Stammdaten - Schwimmer'!C17 -> 0 | N15: ='Stammdaten - Schwimmer'!D17 -> 0 | O15: ='Stammdaten - Schwimmer'!E17 -> 0 | P15: ='Stammdaten - Schwimmer'!F17 -> 0 | Q15: 25 | R15: =P15*Q15 -> 0
A16: ='Stammdaten - Schwimmer'!A78 -> 76 | B16: ='Stammdaten - Schwimmer'!B78 -> Wohlers | C16: ='Stammdaten - Schwimmer'!C78 -> Valentin | D16: ='Stammdaten - Schwimmer'!D78 -> 41498 | E16: ='Stammdaten - Schwimmer'!E78 -> 0 | F16: ='Stammdaten - Schwimmer'!F78 -> 76 | K16: ='Stammdaten - Schwimmer'!A18 -> 16 | L16: ='Stammdaten - Schwimmer'!B18 -> 0 | M16: ='Stammdaten - Schwimmer'!C18 -> 0 | N16: ='Stammdaten - Schwimmer'!D18 -> 0 | O16: ='Stammdaten - Schwimmer'!E18 -> 0 | P16: ='Stammdaten - Schwimmer'!F18 -> 0 | Q16: 50 | R16: =P16*Q16 -> 0
A17: ='Stammdaten - Schwimmer'!A84 -> 82 | B17: ='Stammdaten - Schwimmer'!B84 -> Veit | C17: ='Stammdaten - Schwimmer'!C84 -> Dorothea | D17: ='Stammdaten - Schwimmer'!D84 -> 41475 | E17: ='Stammdaten - Schwimmer'!E84 -> 503 | F17: ='Stammdaten - Schwimmer'!F84 -> 104 | K17: ='Stammdaten - Schwimmer'!A19 -> 17 | L17: ='Stammdaten - Schwimmer'!B19 -> 0 | M17: ='Stammdaten - Schwimmer'!C19 -> 0 | N17: ='Stammdaten - Schwimmer'!D19 -> 0 | O17: ='Stammdaten - Schwimmer'!E19 -> 0 | P17: ='Stammdaten - Schwimmer'!F19 -> 0 | Q17: 25 | R17: =P17*Q17 -> 0
A18: ='Stammdaten - Schwimmer'!A90 -> 88 | B18: ='Stammdaten - Schwimmer'!B90 -> Tutsch | C18: ='Stammdaten - Schwimmer'!C90 -> Daniel | D18: ='Stammdaten - Schwimmer'!D90 -> 41321 | E18: ='Stammdaten - Schwimmer'!E90 -> 505 | F18: ='Stammdaten - Schwimmer'!F90 -> 84 | K18: ='Stammdaten - Schwimmer'!A20 -> 18 | L18: ='Stammdaten - Schwimmer'!B20 -> 0 | M18: ='Stammdaten - Schwimmer'!C20 -> 0 | N18: ='Stammdaten - Schwimmer'!D20 -> 0 | O18: ='Stammdaten - Schwimmer'!E20 -> 0 | P18: ='Stammdaten - Schwimmer'!F20 -> 0 | Q18: 25 | R18: =P18*Q18 -> 0
A19: ='Stammdaten - Schwimmer'!A98 -> 96 | B19: ='Stammdaten - Schwimmer'!B98 -> Schule | C19: ='Stammdaten - Schwimmer'!C98 -> Malik | D19: ='Stammdaten - Schwimmer'!D98 -> 41275 | E19: ='Stammdaten - Schwimmer'!E98 -> 0 | F19: ='Stammdaten - Schwimmer'!F98 -> 36 | K19: ='Stammdaten - Schwimmer'!A21 -> 19 | L19: ='Stammdaten - Schwimmer'!B21 -> 0 | M19: ='Stammdaten - Schwimmer'!C21 -> 0 | N19: ='Stammdaten - Schwimmer'!D21 -> 0 | O19: ='Stammdaten - Schwimmer'!E21 -> 0 | P19: ='Stammdaten - Schwimmer'!F21 -> 0 | Q19: 25 | R19: =P19*Q19 -> 0
A20: ='Stammdaten - Schwimmer'!A11 -> 9 | B20: ='Stammdaten - Schwimmer'!B11 -> Künsemüller | C20: ='Stammdaten - Schwimmer'!C11 -> Jessika | D20: ='Stammdaten - Schwimmer'!D11 -> 40654 | E20: ='Stammdaten - Schwimmer'!E11 -> 503 | F20: ='Stammdaten - Schwimmer'!F11 -> 70 | K20: ='Stammdaten - Schwimmer'!A22 -> 20 | L20: ='Stammdaten - Schwimmer'!B22 -> 0 | M20: ='Stammdaten - Schwimmer'!C22 -> 0 | N20: ='Stammdaten - Schwimmer'!D22 -> 0 | O20: ='Stammdaten - Schwimmer'!E22 -> 0 | P20: ='Stammdaten - Schwimmer'!F22 -> 0 | Q20: 50 | R20: =P20*Q20 -> 0
A21: ='Stammdaten - Schwimmer'!A96 -> 94 | B21: ='Stammdaten - Schwimmer'!B96 -> Kaiser | C21: ='Stammdaten - Schwimmer'!C96 -> Denis | D21: ='Stammdaten - Schwimmer'!D96 -> 40592 | E21: ='Stammdaten - Schwimmer'!E96 -> 502 | F21: ='Stammdaten - Schwimmer'!F96 -> 34 | K21: ='Stammdaten - Schwimmer'!A23 -> 21 | L21: ='Stammdaten - Schwimmer'!B23 -> 0 | M21: ='Stammdaten - Schwimmer'!C23 -> 0 | N21: ='Stammdaten - Schwimmer'!D23 -> 0 | O21: ='Stammdaten - Schwimmer'!E23 -> 0 | P21: ='Stammdaten - Schwimmer'!F23 -> 0 | Q21: 50 | R21: =P21*Q21 -> 0
A22: ='Stammdaten - Schwimmer'!A85 -> 83 | B22: ='Stammdaten - Schwimmer'!B85 -> Heineke | C22: ='Stammdaten - Schwimmer'!C85 -> Jana | D22: ='Stammdaten - Schwimmer'!D85 -> 40445 | E22: ='Stammdaten - Schwimmer'!E85 -> 503 | F22: ='Stammdaten - Schwimmer'!F85 -> 64 | K22: ='Stammdaten - Schwimmer'!A24 -> 22 | L22: ='Stammdaten - Schwimmer'!B24 -> 0 | M22: ='Stammdaten - Schwimmer'!C24 -> 0 | N22: ='Stammdaten - Schwimmer'!D24 -> 0 | O22: ='Stammdaten - Schwimmer'!E24 -> 0 | P22: ='Stammdaten - Schwimmer'!F24 -> 0 | Q22: 50 | R22: =P22*Q22 -> 0
A23: =#REF! -> #REF! | B23: =#REF! -> #REF! | C23: =#REF! -> #REF! | D23: =#REF! -> #REF! | E23: =#REF! -> #REF! | F23: =#REF! -> #REF! | K23: ='Stammdaten - Schwimmer'!A25 -> 23 | L23: ='Stammdaten - Schwimmer'!B25 -> 0 | M23: ='Stammdaten - Schwimmer'!C25 -> 0 | N23: ='Stammdaten - Schwimmer'!D25 -> 0 | O23: ='Stammdaten - Schwimmer'!E25 -> 0 | P23: ='Stammdaten - Schwimmer'!F25 -> 0 | Q23: 25 | R23: =P23*Q23 -> 0
A24: ='Stammdaten - Schwimmer'!A8 -> 6 | B24: ='Stammdaten - Schwimmer'!B8 -> Künsemüller | C24: ='Stammdaten - Schwimmer'!C8 -> Viktoria | D24: ='Stammdaten - Schwimmer'!D8 -> 40021 | E24: ='Stammdaten - Schwimmer'!E8 -> 503 | F24: ='Stammdaten - Schwimmer'!F8 -> 58 | K24: ='Stammdaten - Schwimmer'!A26 -> 24 | L24: ='Stammdaten - Schwimmer'!B26 -> 0 | M24: ='Stammdaten - Schwimmer'!C26 -> 0 | N24: ='Stammdaten - Schwimmer'!D26 -> 0 | O24: ='Stammdaten - Schwimmer'!E26 -> 0 | P24: ='Stammdaten - Schwimmer'!F26 -> 0 | Q24: 25 | R24: =P24*Q24 -> 0
A25: ='Stammdaten - Schwimmer'!A77 -> 75 | B25: ='Stammdaten - Schwimmer'!B77 -> Buck | C25: ='Stammdaten - Schwimmer'!C77 -> Annika | D25: ='Stammdaten - Schwimmer'!D77 -> 39204 | E25: ='Stammdaten - Schwimmer'!E77 -> 502 | F25: ='Stammdaten - Schwimmer'!F77 -> 44 | K25: ='Stammdaten - Schwimmer'!A27 -> 25 | L25: ='Stammdaten - Schwimmer'!B27 -> 0 | M25: ='Stammdaten - Schwimmer'!C27 -> 0 | N25: ='Stammdaten - Schwimmer'!D27 -> 0 | O25: ='Stammdaten - Schwimmer'!E27 -> 0 | P25: ='Stammdaten - Schwimmer'!F27 -> 0 | Q25: 25 | R25: =P25*Q25 -> 0
A26: ='Stammdaten - Schwimmer'!A28 -> 26 | B26: ='Stammdaten - Schwimmer'!B28 -> Bauer | C26: ='Stammdaten - Schwimmer'!C28 -> Tim | D26: ='Stammdaten - Schwimmer'!D28 -> 35823 | E26: ='Stammdaten - Schwimmer'!E28 -> 503 | F26: ='Stammdaten - Schwimmer'!F28 -> 58 | K26: ='Stammdaten - Schwimmer'!A28 -> 26 | L26: ='Stammdaten - Schwimmer'!B28 -> Bauer | M26: ='Stammdaten - Schwimmer'!C28 -> Tim | N26: ='Stammdaten - Schwimmer'!D28 -> 35823 | O26: ='Stammdaten - Schwimmer'!E28 -> 503 | P26: ='Stammdaten - Schwimmer'!F28 -> 58 | Q26: 25 | R26: =P26*Q26 -> 1450
A27: ='Stammdaten - Schwimmer'!A81 -> 79 | B27: ='Stammdaten - Schwimmer'!B81 -> Fritz | C27: ='Stammdaten - Schwimmer'!C81 -> Lukas | D27: ='Stammdaten - Schwimmer'!D81 -> 35085 | E27: ='Stammdaten - Schwimmer'!E81 -> 0 | F27: ='Stammdaten - Schwimmer'!F81 -> 46 | K27: ='Stammdaten - Schwimmer'!A29 -> 27 | L27: ='Stammdaten - Schwimmer'!B29 -> 0 | M27: ='Stammdaten - Schwimmer'!C29 -> 0 | N27: ='Stammdaten - Schwimmer'!D29 -> 0 | O27: ='Stammdaten - Schwimmer'!E29 -> 0 | P27: ='Stammdaten - Schwimmer'!F29 -> 0 | Q27: 25 | R27: =P27*Q27 -> 0
A28: ='Stammdaten - Schwimmer'!A99 -> 97 | B28: ='Stammdaten - Schwimmer'!B99 -> Graf | C28: ='Stammdaten - Schwimmer'!C99 -> Alexander | D28: ='Stammdaten - Schwimmer'!D99 -> 33386 | E28: ='Stammdaten - Schwimmer'!E99 -> 502 | F28: ='Stammdaten - Schwimmer'!F99 -> 24 | K28: ='Stammdaten - Schwimmer'!A30 -> 28 | L28: ='Stammdaten - Schwimmer'!B30 -> 0 | M28: ='Stammdaten - Schwimmer'!C30 -> 0 | N28: ='Stammdaten - Schwimmer'!D30 -> 0 | O28: ='Stammdaten - Schwimmer'!E30 -> 0 | P28: ='Stammdaten - Schwimmer'!F30 -> 0 | Q28: 25 | R28: =P28*Q28 -> 0
A29: ='Stammdaten - Schwimmer'!A80 -> 78 | B29: ='Stammdaten - Schwimmer'!B80 -> B | C29: ='Stammdaten - Schwimmer'!C80 -> Pascal | D29: ='Stammdaten - Schwimmer'!D80 -> 32874 | E29: ='Stammdaten - Schwimmer'!E80 -> 503.504 | F29: ='Stammdaten - Schwimmer'!F80 -> 50 | K29: ='Stammdaten - Schwimmer'!A31 -> 29 | L29: ='Stammdaten - Schwimmer'!B31 -> 0 | M29: ='Stammdaten - Schwimmer'!C31 -> 0 | N29: ='Stammdaten - Schwimmer'!D31 -> 0 | O29: ='Stammdaten - Schwimmer'!E31 -> 0 | P29: ='Stammdaten - Schwimmer'!F31 -> 0 | Q29: 25 | R29: =P29*Q29 -> 0
A30: ='Stammdaten - Schwimmer'!A76 -> 74 | B30: ='Stammdaten - Schwimmer'!B76 -> Schmid | C30: ='Stammdaten - Schwimmer'!C76 -> Katharina | D30: ='Stammdaten - Schwimmer'!D76 -> 30595 | E30: ='Stammdaten - Schwimmer'!E76 -> 502 | F30: ='Stammdaten - Schwimmer'!F76 -> 44 | K30: ='Stammdaten - Schwimmer'!A32 -> 30 | L30: ='Stammdaten - Schwimmer'!B32 -> Kombacher | M30: ='Stammdaten - Schwimmer'!C32 -> Mia | N30: ='Stammdaten - Schwimmer'!D32 -> 43635 | O30: ='Stammdaten - Schwimmer'!E32 -> 502 | P30: ='Stammdaten - Schwimmer'!F32 -> 40 | Q30: 50 | R30: =P30*Q30 -> 2000
A31: ='Stammdaten - Schwimmer'!A33 -> 31 | B31: ='Stammdaten - Schwimmer'!B33 -> Kombacher | C31: ='Stammdaten - Schwimmer'!C33 -> Anja | D31: ='Stammdaten - Schwimmer'!D33 -> 30515 | E31: ='Stammdaten - Schwimmer'!E33 -> 502 | F31: ='Stammdaten - Schwimmer'!F33 -> 46 | K31: ='Stammdaten - Schwimmer'!A33 -> 31 | L31: ='Stammdaten - Schwimmer'!B33 -> Kombacher | M31: ='Stammdaten - Schwimmer'!C33 -> Anja | N31: ='Stammdaten - Schwimmer'!D33 -> 30515 | O31: ='Stammdaten - Schwimmer'!E33 -> 502 | P31: ='Stammdaten - Schwimmer'!F33 -> 46 | Q31: 25 | R31: =P31*Q31 -> 1150
A32: ='Stammdaten - Schwimmer'!A74 -> 72 | B32: ='Stammdaten - Schwimmer'!B74 -> Schmid | C32: ='Stammdaten - Schwimmer'!C74 -> Annette | D32: ='Stammdaten - Schwimmer'!D74 -> 30400 | E32: ='Stammdaten - Schwimmer'!E74 -> 503 | F32: ='Stammdaten - Schwimmer'!F74 -> 44 | K32: ='Stammdaten - Schwimmer'!A34 -> 32 | L32: ='Stammdaten - Schwimmer'!B34 -> 0 | M32: ='Stammdaten - Schwimmer'!C34 -> 0 | N32: ='Stammdaten - Schwimmer'!D34 -> 0 | O32: ='Stammdaten - Schwimmer'!E34 -> 0 | P32: ='Stammdaten - Schwimmer'!F34 -> 0 | Q32: 25 | R32: =P32*Q32 -> 0
A33: ='Stammdaten - Schwimmer'!A49 -> 47 | B33: ='Stammdaten - Schwimmer'!B49 -> Holste | C33: ='Stammdaten - Schwimmer'!C49 -> Ruben | D33: ='Stammdaten - Schwimmer'!D49 -> 30358 | E33: ='Stammdaten - Schwimmer'!E49 -> 503 | F33: ='Stammdaten - Schwimmer'!F49 -> 62 | K33: ='Stammdaten - Schwimmer'!A35 -> 33 | L33: ='Stammdaten - Schwimmer'!B35 -> Kombacher | M33: ='Stammdaten - Schwimmer'!C35 -> Lea | N33: ='Stammdaten - Schwimmer'!D35 -> 41712 | O33: ='Stammdaten - Schwimmer'!E35 -> 502 | P33: ='Stammdaten - Schwimmer'!F35 -> 54 | Q33: 50 | R33: =P33*Q33 -> 2700
A34: ='Stammdaten - Schwimmer'!A95 -> 93 | B34: ='Stammdaten - Schwimmer'!B95 -> Weber-Bleyle | C34: ='Stammdaten - Schwimmer'!C95 -> Christina | D34: ='Stammdaten - Schwimmer'!D95 -> 29077 | E34: ='Stammdaten - Schwimmer'!E95 -> 0 | F34: ='Stammdaten - Schwimmer'!F95 -> 48 | K34: ='Stammdaten - Schwimmer'!A36 -> 34 | L34: ='Stammdaten - Schwimmer'!B36 -> 0 | M34: ='Stammdaten - Schwimmer'!C36 -> 0 | N34: ='Stammdaten - Schwimmer'!D36 -> 0 | O34: ='Stammdaten - Schwimmer'!E36 -> 0 | P34: ='Stammdaten - Schwimmer'!F36 -> 0 | Q34: 50 | R34: =P34*Q34 -> 0
A35: ='Stammdaten - Schwimmer'!A97 -> 95 | B35: ='Stammdaten - Schwimmer'!B97 -> Kaiser | C35: ='Stammdaten - Schwimmer'!C97 -> Vitalis | D35: ='Stammdaten - Schwimmer'!D97 -> 27608 | E35: ='Stammdaten - Schwimmer'!E97 -> 502 | F35: ='Stammdaten - Schwimmer'!F97 -> 24 | K35: ='Stammdaten - Schwimmer'!A37 -> 35 | L35: ='Stammdaten - Schwimmer'!B37 -> Kombacher | M35: ='Stammdaten - Schwimmer'!C37 -> Sara | N35: ='Stammdaten - Schwimmer'!D37 -> 42528 | O35: ='Stammdaten - Schwimmer'!E37 -> 502 | P35: ='Stammdaten - Schwimmer'!F37 -> 84 | Q35: 25 | R35: =P35*Q35 -> 2100
A36: ='Stammdaten - Schwimmer'!A87 -> 85 | B36: ='Stammdaten - Schwimmer'!B87 -> Fernandez | C36: ='Stammdaten - Schwimmer'!C87 -> Silvia Velesco | D36: ='Stammdaten - Schwimmer'!D87 -> 26482 | E36: ='Stammdaten - Schwimmer'!E87 -> 0 | F36: ='Stammdaten - Schwimmer'!F87 -> 32 | K36: ='Stammdaten - Schwimmer'!A38 -> 36 | L36: ='Stammdaten - Schwimmer'!B38 -> 0 | M36: ='Stammdaten - Schwimmer'!C38 -> 0 | N36: ='Stammdaten - Schwimmer'!D38 -> 0 | O36: ='Stammdaten - Schwimmer'!E38 -> 0 | P36: ='Stammdaten - Schwimmer'!F38 -> 0 | Q36: 50 | R36: =P36*Q36 -> 0
A37: ='Stammdaten - Schwimmer'!A88 -> 86 | B37: ='Stammdaten - Schwimmer'!B88 -> Collmer | C37: ='Stammdaten - Schwimmer'!C88 -> Andreas | D37: ='Stammdaten - Schwimmer'!D88 -> 25976 | E37: ='Stammdaten - Schwimmer'!E88 -> 0 | F37: ='Stammdaten - Schwimmer'!F88 -> 52 | K37: ='Stammdaten - Schwimmer'!A39 -> 37 | L37: ='Stammdaten - Schwimmer'!B39 -> 0 | M37: ='Stammdaten - Schwimmer'!C39 -> 0 | N37: ='Stammdaten - Schwimmer'!D39 -> 0 | O37: ='Stammdaten - Schwimmer'!E39 -> 0 | P37: ='Stammdaten - Schwimmer'!F39 -> 0 | Q37: 50 | R37: =P37*Q37 -> 0
A38: ='Stammdaten - Schwimmer'!A91 -> 89 | B38: ='Stammdaten - Schwimmer'!B91 -> Sommerfeld | C38: ='Stammdaten - Schwimmer'!C91 -> Andreas | D38: ='Stammdaten - Schwimmer'!D91 -> 22924 | E38: ='Stammdaten - Schwimmer'!E91 -> 0 | F38: ='Stammdaten - Schwimmer'!F91 -> 42 | K38: ='Stammdaten - Schwimmer'!A40 -> 38 | L38: ='Stammdaten - Schwimmer'!B40 -> 0 | M38: ='Stammdaten - Schwimmer'!C40 -> 0 | N38: ='Stammdaten - Schwimmer'!D40 -> 0 | O38: ='Stammdaten - Schwimmer'!E40 -> 0 | P38: ='Stammdaten - Schwimmer'!F40 -> 0 | Q38: 50 | R38: =P38*Q38 -> 0
A39: ='Stammdaten - Schwimmer'!A92 -> 90 | B39: ='Stammdaten - Schwimmer'!B92 -> Warlitz | C39: ='Stammdaten - Schwimmer'!C92 -> Eleanor | D39: ='Stammdaten - Schwimmer'!D92 -> 22647 | E39: ='Stammdaten - Schwimmer'!E92 -> 0 | F39: ='Stammdaten - Schwimmer'!F92 -> 44 | K39: ='Stammdaten - Schwimmer'!A41 -> 39 | L39: ='Stammdaten - Schwimmer'!B41 -> 0 | M39: ='Stammdaten - Schwimmer'!C41 -> 0 | N39: ='Stammdaten - Schwimmer'!D41 -> 0 | O39: ='Stammdaten - Schwimmer'!E41 -> 0 | P39: ='Stammdaten - Schwimmer'!F41 -> 0 | Q39: 50 | R39: =P39*Q39 -> 0
A40: ='Stammdaten - Schwimmer'!A72 -> 70 | B40: ='Stammdaten - Schwimmer'!B72 -> Klick | C40: ='Stammdaten - Schwimmer'!C72 -> Karin | D40: ='Stammdaten - Schwimmer'!D72 -> 22319 | E40: ='Stammdaten - Schwimmer'!E72 -> 508 | F40: ='Stammdaten - Schwimmer'!F72 -> 36 | K40: ='Stammdaten - Schwimmer'!A42 -> 40 | L40: ='Stammdaten - Schwimmer'!B42 -> 0 | M40: ='Stammdaten - Schwimmer'!C42 -> 0 | N40: ='Stammdaten - Schwimmer'!D42 -> 0 | O40: ='Stammdaten - Schwimmer'!E42 -> 0 | P40: ='Stammdaten - Schwimmer'!F42 -> 0 | Q40: 50 | R40: =P40*Q40 -> 0
A41: ='Stammdaten - Schwimmer'!A94 -> 92 | B41: ='Stammdaten - Schwimmer'!B94 -> Nanjack | C41: ='Stammdaten - Schwimmer'!C94 -> Mariims | D41: ='Stammdaten - Schwimmer'!D94 -> 21845 | E41: ='Stammdaten - Schwimmer'!E94 -> 0 | F41: ='Stammdaten - Schwimmer'!F94 -> 22 | K41: ='Stammdaten - Schwimmer'!A43 -> 41 | L41: ='Stammdaten - Schwimmer'!B43 -> 0 | M41: ='Stammdaten - Schwimmer'!C43 -> 0 | N41: ='Stammdaten - Schwimmer'!D43 -> 0 | O41: ='Stammdaten - Schwimmer'!E43 -> 0 | P41: ='Stammdaten - Schwimmer'!F43 -> 0 | Q41: 50 | R41: =P41*Q41 -> 0
A42: ='Stammdaten - Schwimmer'!A73 -> 71 | B42: ='Stammdaten - Schwimmer'!B73 -> Zimmermann | C42: ='Stammdaten - Schwimmer'!C73 -> Inge | D42: ='Stammdaten - Schwimmer'!D73 -> 21516 | E42: ='Stammdaten - Schwimmer'!E73 -> 508 | F42: ='Stammdaten - Schwimmer'!F73 -> 22 | K42: ='Stammdaten - Schwimmer'!A44 -> 42 | L42: ='Stammdaten - Schwimmer'!B44 -> 0 | M42: ='Stammdaten - Schwimmer'!C44 -> 0 | N42: ='Stammdaten - Schwimmer'!D44 -> 0 | O42: ='Stammdaten - Schwimmer'!E44 -> 0 | P42: ='Stammdaten - Schwimmer'!F44 -> 0 | Q42: 50 | R42: =P42*Q42 -> 0
A43: ='Stammdaten - Schwimmer'!A4 -> 2 | B43: ='Stammdaten - Schwimmer'!B4 -> 0 | C43: ='Stammdaten - Schwimmer'!C4 -> 0 | D43: ='Stammdaten - Schwimmer'!D4 -> 0 | E43: ='Stammdaten - Schwimmer'!E4 -> 0 | F43: ='Stammdaten - Schwimmer'!F4 -> 0 | K43: ='Stammdaten - Schwimmer'!A45 -> 43 | L43: ='Stammdaten - Schwimmer'!B45 -> 0 | M43: ='Stammdaten - Schwimmer'!C45 -> 0 | N43: ='Stammdaten - Schwimmer'!D45 -> 0 | O43: ='Stammdaten - Schwimmer'!E45 -> 0 | P43: ='Stammdaten - Schwimmer'!F45 -> 0 | Q43: 25 | R43: =P43*Q43 -> 0
A44: ='Stammdaten - Schwimmer'!A5 -> 3 | B44: ='Stammdaten - Schwimmer'!B5 -> 0 | C44: ='Stammdaten - Schwimmer'!C5 -> 0 | D44: ='Stammdaten - Schwimmer'!D5 -> 0 | E44: ='Stammdaten - Schwimmer'!E5 -> 0 | F44: ='Stammdaten - Schwimmer'!F5 -> 0 | K44: ='Stammdaten - Schwimmer'!A46 -> 44 | L44: ='Stammdaten - Schwimmer'!B46 -> 0 | M44: ='Stammdaten - Schwimmer'!C46 -> 0 | N44: ='Stammdaten - Schwimmer'!D46 -> 0 | O44: ='Stammdaten - Schwimmer'!E46 -> 0 | P44: ='Stammdaten - Schwimmer'!F46 -> 0 | Q44: 50 | R44: =P44*Q44 -> 0
A45: ='Stammdaten - Schwimmer'!A6 -> 4 | B45: ='Stammdaten - Schwimmer'!B6 -> 0 | C45: ='Stammdaten - Schwimmer'!C6 -> 0 | D45: ='Stammdaten - Schwimmer'!D6 -> 0 | E45: ='Stammdaten - Schwimmer'!E6 -> 0 | F45: ='Stammdaten - Schwimmer'!F6 -> 0 | K45: ='Stammdaten - Schwimmer'!A47 -> 45 | L45: ='Stammdaten - Schwimmer'!B47 -> 0 | M45: ='Stammdaten - Schwimmer'!C47 -> 0 | N45: ='Stammdaten - Schwimmer'!D47 -> 0 | O45: ='Stammdaten - Schwimmer'!E47 -> 0 | P45: ='Stammdaten - Schwimmer'!F47 -> 0 | Q45: 50 | R45: =P45*Q45 -> 0
A46: ='Stammdaten - Schwimmer'!A9 -> 7 | B46: ='Stammdaten - Schwimmer'!B9 -> 0 | C46: ='Stammdaten - Schwimmer'!C9 -> 0 | D46: ='Stammdaten - Schwimmer'!D9 -> 0 | E46: ='Stammdaten - Schwimmer'!E9 -> 0 | F46: ='Stammdaten - Schwimmer'!F9 -> 0 | K46: ='Stammdaten - Schwimmer'!A48 -> 46 | L46: ='Stammdaten - Schwimmer'!B48 -> 0 | M46: ='Stammdaten - Schwimmer'!C48 -> 0 | N46: ='Stammdaten - Schwimmer'!D48 -> 0 | O46: ='Stammdaten - Schwimmer'!E48 -> 0 | P46: ='Stammdaten - Schwimmer'!F48 -> 0 | Q46: 50 | R46: =P46*Q46 -> 0
A47: ='Stammdaten - Schwimmer'!A10 -> 8 | B47: ='Stammdaten - Schwimmer'!B10 -> 0 | C47: ='Stammdaten - Schwimmer'!C10 -> 0 | D47: ='Stammdaten - Schwimmer'!D10 -> 0 | E47: ='Stammdaten - Schwimmer'!E10 -> 0 | F47: ='Stammdaten - Schwimmer'!F10 -> 0 | K47: ='Stammdaten - Schwimmer'!A49 -> 47 | L47: ='Stammdaten - Schwimmer'!B49 -> Holste | M47: ='Stammdaten - Schwimmer'!C49 -> Ruben | N47: ='Stammdaten - Schwimmer'!D49 -> 30358 | O47: ='Stammdaten - Schwimmer'!E49 -> 503 | P47: ='Stammdaten - Schwimmer'!F49 -> 62 | Q47: 25 | R47: =P47*Q47 -> 1550
A48: ='Stammdaten - Schwimmer'!A12 -> 10 | B48: ='Stammdaten - Schwimmer'!B12 -> 0 | C48: ='Stammdaten - Schwimmer'!C12 -> 0 | D48: ='Stammdaten - Schwimmer'!D12 -> 0 | E48: ='Stammdaten - Schwimmer'!E12 -> 0 | F48: ='Stammdaten - Schwimmer'!F12 -> 0 | K48: ='Stammdaten - Schwimmer'!A50 -> 48 | L48: ='Stammdaten - Schwimmer'!B50 -> 0 | M48: ='Stammdaten - Schwimmer'!C50 -> 0 | N48: ='Stammdaten - Schwimmer'!D50 -> 0 | O48: ='Stammdaten - Schwimmer'!E50 -> 0 | P48: ='Stammdaten - Schwimmer'!F50 -> 0 | Q48: 25 | R48: =P48*Q48 -> 0
A49: ='Stammdaten - Schwimmer'!A13 -> 11 | B49: ='Stammdaten - Schwimmer'!B13 -> 0 | C49: ='Stammdaten - Schwimmer'!C13 -> 0 | D49: ='Stammdaten - Schwimmer'!D13 -> 0 | E49: ='Stammdaten - Schwimmer'!E13 -> 0 | F49: ='Stammdaten - Schwimmer'!F13 -> 0 | K49: ='Stammdaten - Schwimmer'!A51 -> 49 | L49: ='Stammdaten - Schwimmer'!B51 -> 0 | M49: ='Stammdaten - Schwimmer'!C51 -> 0 | N49: ='Stammdaten - Schwimmer'!D51 -> 0 | O49: ='Stammdaten - Schwimmer'!E51 -> 0 | P49: ='Stammdaten - Schwimmer'!F51 -> 0 | Q49: 50 | R49: =P49*Q49 -> 0
A50: ='Stammdaten - Schwimmer'!A14 -> 12 | B50: ='Stammdaten - Schwimmer'!B14 -> 0 | C50: ='Stammdaten - Schwimmer'!C14 -> 0 | D50: ='Stammdaten - Schwimmer'!D14 -> 0 | E50: ='Stammdaten - Schwimmer'!E14 -> 0 | F50: ='Stammdaten - Schwimmer'!F14 -> 0 | K50: ='Stammdaten - Schwimmer'!A52 -> 50 | L50: ='Stammdaten - Schwimmer'!B52 -> Ludwig | M50: ='Stammdaten - Schwimmer'!C52 -> Mariya | N50: ='Stammdaten - Schwimmer'!D52 -> 40298 | O50: ='Stammdaten - Schwimmer'!E52 -> 502 | P50: ='Stammdaten - Schwimmer'!F52 -> 54 | Q50: 50 | R50: =P50*Q50 -> 2700
A51: ='Stammdaten - Schwimmer'!A15 -> 13 | B51: ='Stammdaten - Schwimmer'!B15 -> 0 | C51: ='Stammdaten - Schwimmer'!C15 -> 0 | D51: ='Stammdaten - Schwimmer'!D15 -> 0 | E51: ='Stammdaten - Schwimmer'!E15 -> 0 | F51: ='Stammdaten - Schwimmer'!F15 -> 0 | K51: ='Stammdaten - Schwimmer'!A53 -> 51 | L51: ='Stammdaten - Schwimmer'!B53 -> Warga | M51: ='Stammdaten - Schwimmer'!C53 -> Eva | N51: ='Stammdaten - Schwimmer'!D53 -> 42629 | O51: ='Stammdaten - Schwimmer'!E53 -> 507 | P51: ='Stammdaten - Schwimmer'!F53 -> 102 | Q51: 50 | R51: =P51*Q51 -> 5100
A52: ='Stammdaten - Schwimmer'!A16 -> 14 | B52: ='Stammdaten - Schwimmer'!B16 -> 0 | C52: ='Stammdaten - Schwimmer'!C16 -> 0 | D52: ='Stammdaten - Schwimmer'!D16 -> 0 | E52: ='Stammdaten - Schwimmer'!E16 -> 0 | F52: ='Stammdaten - Schwimmer'!F16 -> 0 | K52: ='Stammdaten - Schwimmer'!A54 -> 52 | L52: ='Stammdaten - Schwimmer'!B54 -> Warga | M52: ='Stammdaten - Schwimmer'!C54 -> Christina | N52: ='Stammdaten - Schwimmer'!D54 -> 27766 | O52: ='Stammdaten - Schwimmer'!E54 -> 507 | P52: ='Stammdaten - Schwimmer'!F54 -> 40 | Q52: 50 | R52: =P52*Q52 -> 2000
A53: ='Stammdaten - Schwimmer'!A17 -> 15 | B53: ='Stammdaten - Schwimmer'!B17 -> 0 | C53: ='Stammdaten - Schwimmer'!C17 -> 0 | D53: ='Stammdaten - Schwimmer'!D17 -> 0 | E53: ='Stammdaten - Schwimmer'!E17 -> 0 | F53: ='Stammdaten - Schwimmer'!F17 -> 0 | K53: ='Stammdaten - Schwimmer'!A55 -> 53 | L53: ='Stammdaten - Schwimmer'!B55 -> Warga | M53: ='Stammdaten - Schwimmer'!C55 -> Paula | N53: ='Stammdaten - Schwimmer'!D55 -> 39823 | O53: ='Stammdaten - Schwimmer'!E55 -> 507 | P53: ='Stammdaten - Schwimmer'!F55 -> 58 | Q53: 50 | R53: =P53*Q53 -> 2900
A54: ='Stammdaten - Schwimmer'!A18 -> 16 | B54: ='Stammdaten - Schwimmer'!B18 -> 0 | C54: ='Stammdaten - Schwimmer'!C18 -> 0 | D54: ='Stammdaten - Schwimmer'!D18 -> 0 | E54: ='Stammdaten - Schwimmer'!E18 -> 0 | F54: ='Stammdaten - Schwimmer'!F18 -> 0 | K54: ='Stammdaten - Schwimmer'!A56 -> 54 | L54: ='Stammdaten - Schwimmer'!B56 -> Warga | M54: ='Stammdaten - Schwimmer'!C56 -> Christian | N54: ='Stammdaten - Schwimmer'!D56 -> 27486 | O54: ='Stammdaten - Schwimmer'!E56 -> 507 | P54: ='Stammdaten - Schwimmer'!F56 -> 38 | Q54: 25 | R54: =P54*Q54 -> 950
A55: ='Stammdaten - Schwimmer'!A19 -> 17 | B55: ='Stammdaten - Schwimmer'!B19 -> 0 | C55: ='Stammdaten - Schwimmer'!C19 -> 0 | D55: ='Stammdaten - Schwimmer'!D19 -> 0 | E55: ='Stammdaten - Schwimmer'!E19 -> 0 | F55: ='Stammdaten - Schwimmer'!F19 -> 0 | K55: ='Stammdaten - Schwimmer'!A57 -> 55 | L55: ='Stammdaten - Schwimmer'!B57 -> 0 | M55: ='Stammdaten - Schwimmer'!C57 -> 0 | N55: ='Stammdaten - Schwimmer'!D57 -> 0 | O55: ='Stammdaten - Schwimmer'!E57 -> 0 | P55: ='Stammdaten - Schwimmer'!F57 -> 0 | Q55: 50 | R55: =P55*Q55 -> 0
A56: ='Stammdaten - Schwimmer'!A20 -> 18 | B56: ='Stammdaten - Schwimmer'!B20 -> 0 | C56: ='Stammdaten - Schwimmer'!C20 -> 0 | D56: ='Stammdaten - Schwimmer'!D20 -> 0 | E56: ='Stammdaten - Schwimmer'!E20 -> 0 | F56: ='Stammdaten - Schwimmer'!F20 -> 0 | K56: ='Stammdaten - Schwimmer'!A58 -> 56 | L56: ='Stammdaten - Schwimmer'!B58 -> 0 | M56: ='Stammdaten - Schwimmer'!C58 -> 0 | N56: ='Stammdaten - Schwimmer'!D58 -> 0 | O56: ='Stammdaten - Schwimmer'!E58 -> 0 | P56: ='Stammdaten - Schwimmer'!F58 -> 0 | Q56: 50 | R56: =P56*Q56 -> 0
A57: ='Stammdaten - Schwimmer'!A21 -> 19 | B57: ='Stammdaten - Schwimmer'!B21 -> 0 | C57: ='Stammdaten - Schwimmer'!C21 -> 0 | D57: ='Stammdaten - Schwimmer'!D21 -> 0 | E57: ='Stammdaten - Schwimmer'!E21 -> 0 | F57: ='Stammdaten - Schwimmer'!F21 -> 0 | K57: ='Stammdaten - Schwimmer'!A59 -> 57 | L57: ='Stammdaten - Schwimmer'!B59 -> 0 | M57: ='Stammdaten - Schwimmer'!C59 -> 0 | N57: ='Stammdaten - Schwimmer'!D59 -> 0 | O57: ='Stammdaten - Schwimmer'!E59 -> 0 | P57: ='Stammdaten - Schwimmer'!F59 -> 0 | Q57: 25 | R57: =P57*Q57 -> 0
A58: ='Stammdaten - Schwimmer'!A22 -> 20 | B58: ='Stammdaten - Schwimmer'!B22 -> 0 | C58: ='Stammdaten - Schwimmer'!C22 -> 0 | D58: ='Stammdaten - Schwimmer'!D22 -> 0 | E58: ='Stammdaten - Schwimmer'!E22 -> 0 | F58: ='Stammdaten - Schwimmer'!F22 -> 0 | K58: ='Stammdaten - Schwimmer'!A60 -> 58 | L58: ='Stammdaten - Schwimmer'!B60 -> 0 | M58: ='Stammdaten - Schwimmer'!C60 -> 0 | N58: ='Stammdaten - Schwimmer'!D60 -> 0 | O58: ='Stammdaten - Schwimmer'!E60 -> 0 | P58: ='Stammdaten - Schwimmer'!F60 -> 0 | Q58: 50 | R58: =P58*Q58 -> 0
A59: ='Stammdaten - Schwimmer'!A23 -> 21 | B59: ='Stammdaten - Schwimmer'!B23 -> 0 | C59: ='Stammdaten - Schwimmer'!C23 -> 0 | D59: ='Stammdaten - Schwimmer'!D23 -> 0 | E59: ='Stammdaten - Schwimmer'!E23 -> 0 | F59: ='Stammdaten - Schwimmer'!F23 -> 0 | K59: ='Stammdaten - Schwimmer'!A61 -> 59 | L59: ='Stammdaten - Schwimmer'!B61 -> 0 | M59: ='Stammdaten - Schwimmer'!C61 -> 0 | N59: ='Stammdaten - Schwimmer'!D61 -> 0 | O59: ='Stammdaten - Schwimmer'!E61 -> 0 | P59: ='Stammdaten - Schwimmer'!F61 -> 0 | Q59: 50 | R59: =P59*Q59 -> 0
... A63: ='Stammdaten - Schwimmer'!A27 -> 25 | B63: ='Stammdaten - Schwimmer'!B27 -> 0 | C63: ='Stammdaten - Schwimmer'!C27 -> 0 | D63: ='Stammdaten - Schwimmer'!D27 -> 0 | E63: ='Stammdaten - Schwimmer'!E27 -> 0 | F63: ='Stammdaten - Schwimmer'!F27 -> 0 | K63: ='Stammdaten - Schwimmer'!A65 -> 63 | L63: ='Stammdaten - Schwimmer'!B65 -> 0 | M63: ='Stammdaten - Schwimmer'!C65 -> 0 | N63: ='Stammdaten - Schwimmer'!D65 -> 0 | O63: ='Stammdaten - Schwimmer'!E65 -> 0 | P63: ='Stammdaten - Schwimmer'!F65 -> 0 | Q63: 50 | R63: =P63*Q63 -> 0
A64: ='Stammdaten - Schwimmer'!A29 -> 27 | B64: ='Stammdaten - Schwimmer'!B29 -> 0 | C64: ='Stammdaten - Schwimmer'!C29 -> 0 | D64: ='Stammdaten - Schwimmer'!D29 -> 0 | E64: ='Stammdaten - Schwimmer'!E29 -> 0 | F64: ='Stammdaten - Schwimmer'!F29 -> 0 | K64: ='Stammdaten - Schwimmer'!A66 -> 64 | L64: ='Stammdaten - Schwimmer'!B66 -> 0 | M64: ='Stammdaten - Schwimmer'!C66 -> 0 | N64: ='Stammdaten - Schwimmer'!D66 -> 0 | O64: ='Stammdaten - Schwimmer'!E66 -> 0 | P64: ='Stammdaten - Schwimmer'!F66 -> 0 | Q64: 50 | R64: =P64*Q64 -> 0
A65: ='Stammdaten - Schwimmer'!A30 -> 28 | B65: ='Stammdaten - Schwimmer'!B30 -> 0 | C65: ='Stammdaten - Schwimmer'!C30 -> 0 | D65: ='Stammdaten - Schwimmer'!D30 -> 0 | E65: ='Stammdaten - Schwimmer'!E30 -> 0 | F65: ='Stammdaten - Schwimmer'!F30 -> 0 | K65: ='Stammdaten - Schwimmer'!A67 -> 65 | L65: ='Stammdaten - Schwimmer'!B67 -> 0 | M65: ='Stammdaten - Schwimmer'!C67 -> 0 | N65: ='Stammdaten - Schwimmer'!D67 -> 0 | O65: ='Stammdaten - Schwimmer'!E67 -> 0 | P65: ='Stammdaten - Schwimmer'!F67 -> 0 | Q65: 25 | R65: =P65*Q65 -> 0
A66: ='Stammdaten - Schwimmer'!A31 -> 29 | B66: ='Stammdaten - Schwimmer'!B31 -> 0 | C66: ='Stammdaten - Schwimmer'!C31 -> 0 | D66: ='Stammdaten - Schwimmer'!D31 -> 0 | E66: ='Stammdaten - Schwimmer'!E31 -> 0 | F66: ='Stammdaten - Schwimmer'!F31 -> 0 | K66: ='Stammdaten - Schwimmer'!A68 -> 66 | L66: ='Stammdaten - Schwimmer'!B68 -> 0 | M66: ='Stammdaten - Schwimmer'!C68 -> 0 | N66: ='Stammdaten - Schwimmer'!D68 -> 0 | O66: ='Stammdaten - Schwimmer'!E68 -> 0 | P66: ='Stammdaten - Schwimmer'!F68 -> 0 | Q66: 50 | R66: =P66*Q66 -> 0
A67: ='Stammdaten - Schwimmer'!A38 -> 36 | B67: ='Stammdaten - Schwimmer'!B38 -> 0 | C67: ='Stammdaten - Schwimmer'!C38 -> 0 | D67: ='Stammdaten - Schwimmer'!D38 -> 0 | E67: ='Stammdaten - Schwimmer'!E38 -> 0 | F67: ='Stammdaten - Schwimmer'!F38 -> 0 | K67: ='Stammdaten - Schwimmer'!A69 -> 67 | L67: ='Stammdaten - Schwimmer'!B69 -> 0 | M67: ='Stammdaten - Schwimmer'!C69 -> 0 | N67: ='Stammdaten - Schwimmer'!D69 -> 0 | O67: ='Stammdaten - Schwimmer'!E69 -> 0 | P67: ='Stammdaten - Schwimmer'!F69 -> 0 | Q67: 50 | R67: =P67*Q67 -> 0
A68: ='Stammdaten - Schwimmer'!A39 -> 37 | B68: ='Stammdaten - Schwimmer'!B39 -> 0 | C68: ='Stammdaten - Schwimmer'!C39 -> 0 | D68: ='Stammdaten - Schwimmer'!D39 -> 0 | E68: ='Stammdaten - Schwimmer'!E39 -> 0 | F68: ='Stammdaten - Schwimmer'!F39 -> 0 | K68: ='Stammdaten - Schwimmer'!A70 -> 68 | L68: ='Stammdaten - Schwimmer'!B70 -> 0 | M68: ='Stammdaten - Schwimmer'!C70 -> 0 | N68: ='Stammdaten - Schwimmer'!D70 -> 0 | O68: ='Stammdaten - Schwimmer'!E70 -> 0 | P68: ='Stammdaten - Schwimmer'!F70 -> 0 | Q68: 50 | R68: =P68*Q68 -> 0
A69: ='Stammdaten - Schwimmer'!A40 -> 38 | B69: ='Stammdaten - Schwimmer'!B40 -> 0 | C69: ='Stammdaten - Schwimmer'!C40 -> 0 | D69: ='Stammdaten - Schwimmer'!D40 -> 0 | E69: ='Stammdaten - Schwimmer'!E40 -> 0 | F69: ='Stammdaten - Schwimmer'!F40 -> 0 | K69: ='Stammdaten - Schwimmer'!A71 -> 69 | L69: ='Stammdaten - Schwimmer'!B71 -> 0 | M69: ='Stammdaten - Schwimmer'!C71 -> 0 | N69: ='Stammdaten - Schwimmer'!D71 -> 0 | O69: ='Stammdaten - Schwimmer'!E71 -> 0 | P69: ='Stammdaten - Schwimmer'!F71 -> 0 | Q69: 25 | R69: =P69*Q69 -> 0
A70: ='Stammdaten - Schwimmer'!A41 -> 39 | B70: ='Stammdaten - Schwimmer'!B41 -> 0 | C70: ='Stammdaten - Schwimmer'!C41 -> 0 | D70: ='Stammdaten - Schwimmer'!D41 -> 0 | E70: ='Stammdaten - Schwimmer'!E41 -> 0 | F70: ='Stammdaten - Schwimmer'!F41 -> 0 | K70: ='Stammdaten - Schwimmer'!A72 -> 70 | L70: ='Stammdaten - Schwimmer'!B72 -> Klick | M70: ='Stammdaten - Schwimmer'!C72 -> Karin | N70: ='Stammdaten - Schwimmer'!D72 -> 22319 | O70: ='Stammdaten - Schwimmer'!E72 -> 508 | P70: ='Stammdaten - Schwimmer'!F72 -> 36 | Q70: 50 | R70: =P70*Q70 -> 1800
A71: ='Stammdaten - Schwimmer'!A42 -> 40 | B71: ='Stammdaten - Schwimmer'!B42 -> 0 | C71: ='Stammdaten - Schwimmer'!C42 -> 0 | D71: ='Stammdaten - Schwimmer'!D42 -> 0 | E71: ='Stammdaten - Schwimmer'!E42 -> 0 | F71: ='Stammdaten - Schwimmer'!F42 -> 0 | K71: ='Stammdaten - Schwimmer'!A73 -> 71 | L71: ='Stammdaten - Schwimmer'!B73 -> Zimmermann | M71: ='Stammdaten - Schwimmer'!C73 -> Inge | N71: ='Stammdaten - Schwimmer'!D73 -> 21516 | O71: ='Stammdaten - Schwimmer'!E73 -> 508 | P71: ='Stammdaten - Schwimmer'!F73 -> 22 | Q71: 25 | R71: =P71*Q71 -> 550
A72: ='Stammdaten - Schwimmer'!A43 -> 41 | B72: ='Stammdaten - Schwimmer'!B43 -> 0 | C72: ='Stammdaten - Schwimmer'!C43 -> 0 | D72: ='Stammdaten - Schwimmer'!D43 -> 0 | E72: ='Stammdaten - Schwimmer'!E43 -> 0 | F72: ='Stammdaten - Schwimmer'!F43 -> 0 | K72: ='Stammdaten - Schwimmer'!A74 -> 72 | L72: ='Stammdaten - Schwimmer'!B74 -> Schmid | M72: ='Stammdaten - Schwimmer'!C74 -> Annette | N72: ='Stammdaten - Schwimmer'!D74 -> 30400 | O72: ='Stammdaten - Schwimmer'!E74 -> 503 | P72: ='Stammdaten - Schwimmer'!F74 -> 44 | Q72: 25 | R72: =P72*Q72 -> 1100
A73: ='Stammdaten - Schwimmer'!A44 -> 42 | B73: ='Stammdaten - Schwimmer'!B44 -> 0 | C73: ='Stammdaten - Schwimmer'!C44 -> 0 | D73: ='Stammdaten - Schwimmer'!D44 -> 0 | E73: ='Stammdaten - Schwimmer'!E44 -> 0 | F73: ='Stammdaten - Schwimmer'!F44 -> 0 | K73: ='Stammdaten - Schwimmer'!A75 -> 73 | L73: ='Stammdaten - Schwimmer'!B75 -> Glaser | M73: ='Stammdaten - Schwimmer'!C75 -> Mila | N73: ='Stammdaten - Schwimmer'!D75 -> 42450 | O73: ='Stammdaten - Schwimmer'!E75 -> 0 | P73: ='Stammdaten - Schwimmer'!F75 -> 74 | Q73: 50 | R73: =P73*Q73 -> 3700
A74: ='Stammdaten - Schwimmer'!A45 -> 43 | B74: ='Stammdaten - Schwimmer'!B45 -> 0 | C74: ='Stammdaten - Schwimmer'!C45 -> 0 | D74: ='Stammdaten - Schwimmer'!D45 -> 0 | E74: ='Stammdaten - Schwimmer'!E45 -> 0 | F74: ='Stammdaten - Schwimmer'!F45 -> 0 | K74: ='Stammdaten - Schwimmer'!A76 -> 74 | L74: ='Stammdaten - Schwimmer'!B76 -> Schmid | M74: ='Stammdaten - Schwimmer'!C76 -> Katharina | N74: ='Stammdaten - Schwimmer'!D76 -> 30595 | O74: ='Stammdaten - Schwimmer'!E76 -> 502 | P74: ='Stammdaten - Schwimmer'!F76 -> 44 | Q74: 50 | R74: =P74*Q74 -> 2200
A75: ='Stammdaten - Schwimmer'!A46 -> 44 | B75: ='Stammdaten - Schwimmer'!B46 -> 0 | C75: ='Stammdaten - Schwimmer'!C46 -> 0 | D75: ='Stammdaten - Schwimmer'!D46 -> 0 | E75: ='Stammdaten - Schwimmer'!E46 -> 0 | F75: ='Stammdaten - Schwimmer'!F46 -> 0 | K75: ='Stammdaten - Schwimmer'!A77 -> 75 | L75: ='Stammdaten - Schwimmer'!B77 -> Buck | M75: ='Stammdaten - Schwimmer'!C77 -> Annika | N75: ='Stammdaten - Schwimmer'!D77 -> 39204 | O75: ='Stammdaten - Schwimmer'!E77 -> 502 | P75: ='Stammdaten - Schwimmer'!F77 -> 44 | Q75: 50 | R75: =P75*Q75 -> 2200
A76: ='Stammdaten - Schwimmer'!A47 -> 45 | B76: ='Stammdaten - Schwimmer'!B47 -> 0 | C76: ='Stammdaten - Schwimmer'!C47 -> 0 | D76: ='Stammdaten - Schwimmer'!D47 -> 0 | E76: ='Stammdaten - Schwimmer'!E47 -> 0 | F76: ='Stammdaten - Schwimmer'!F47 -> 0 | K76: ='Stammdaten - Schwimmer'!A78 -> 76 | L76: ='Stammdaten - Schwimmer'!B78 -> Wohlers | M76: ='Stammdaten - Schwimmer'!C78 -> Valentin | N76: ='Stammdaten - Schwimmer'!D78 -> 41498 | O76: ='Stammdaten - Schwimmer'!E78 -> 0 | P76: ='Stammdaten - Schwimmer'!F78 -> 76 | Q76: 25 | R76: =P76*Q76 -> 1900
A77: ='Stammdaten - Schwimmer'!A48 -> 46 | B77: ='Stammdaten - Schwimmer'!B48 -> 0 | C77: ='Stammdaten - Schwimmer'!C48 -> 0 | D77: ='Stammdaten - Schwimmer'!D48 -> 0 | E77: ='Stammdaten - Schwimmer'!E48 -> 0 | F77: ='Stammdaten - Schwimmer'!F48 -> 0 | K77: ='Stammdaten - Schwimmer'!A79 -> 77 | L77: ='Stammdaten - Schwimmer'!B79 -> Rink | M77: ='Stammdaten - Schwimmer'!C79 -> Henrik | N77: ='Stammdaten - Schwimmer'!D79 -> 43484 | O77: ='Stammdaten - Schwimmer'!E79 -> 503.505 | P77: ='Stammdaten - Schwimmer'!F79 -> 48 | Q77: 25 | R77: =P77*Q77 -> 1200
A78: ='Stammdaten - Schwimmer'!A50 -> 48 | B78: ='Stammdaten - Schwimmer'!B50 -> 0 | C78: ='Stammdaten - Schwimmer'!C50 -> 0 | D78: ='Stammdaten - Schwimmer'!D50 -> 0 | E78: ='Stammdaten - Schwimmer'!E50 -> 0 | F78: ='Stammdaten - Schwimmer'!F50 -> 0 | K78: ='Stammdaten - Schwimmer'!A80 -> 78 | L78: ='Stammdaten - Schwimmer'!B80 -> B | M78: ='Stammdaten - Schwimmer'!C80 -> Pascal | N78: ='Stammdaten - Schwimmer'!D80 -> 32874 | O78: ='Stammdaten - Schwimmer'!E80 -> 503.504 | P78: ='Stammdaten - Schwimmer'!F80 -> 50 | Q78: 25 | R78: =P78*Q78 -> 1250
A79: ='Stammdaten - Schwimmer'!A51 -> 49 | B79: ='Stammdaten - Schwimmer'!B51 -> 0 | C79: ='Stammdaten - Schwimmer'!C51 -> 0 | D79: ='Stammdaten - Schwimmer'!D51 -> 0 | E79: ='Stammdaten - Schwimmer'!E51 -> 0 | F79: ='Stammdaten - Schwimmer'!F51 -> 0 | K79: ='Stammdaten - Schwimmer'!A81 -> 79 | L79: ='Stammdaten - Schwimmer'!B81 -> Fritz | M79: ='Stammdaten - Schwimmer'!C81 -> Lukas | N79: ='Stammdaten - Schwimmer'!D81 -> 35085 | O79: ='Stammdaten - Schwimmer'!E81 -> 0 | P79: ='Stammdaten - Schwimmer'!F81 -> 46 | Q79: 50 | R79: =P79*Q79 -> 2300
A80: ='Stammdaten - Schwimmer'!A52 -> 50 | B80: ='Stammdaten - Schwimmer'!B52 -> Ludwig | C80: ='Stammdaten - Schwimmer'!C52 -> Mariya | D80: ='Stammdaten - Schwimmer'!D52 -> 40298 | E80: ='Stammdaten - Schwimmer'!E52 -> 502 | F80: ='Stammdaten - Schwimmer'!F52 -> 54 | K80: ='Stammdaten - Schwimmer'!A82 -> 80 | L80: ='Stammdaten - Schwimmer'!B82 -> Schönefeld | M80: ='Stammdaten - Schwimmer'!C82 -> Frida Marie | N80: ='Stammdaten - Schwimmer'!D82 -> 43719 | O80: ='Stammdaten - Schwimmer'!E82 -> 0 | P80: ='Stammdaten - Schwimmer'!F82 -> 32 | Q80: 50 | R80: =P80*Q80 -> 1600
A81: ='Stammdaten - Schwimmer'!A53 -> 51 | B81: ='Stammdaten - Schwimmer'!B53 -> Warga | C81: ='Stammdaten - Schwimmer'!C53 -> Eva | D81: ='Stammdaten - Schwimmer'!D53 -> 42629 | E81: ='Stammdaten - Schwimmer'!E53 -> 507 | F81: ='Stammdaten - Schwimmer'!F53 -> 102 | K81: ='Stammdaten - Schwimmer'!A83 -> 81 | L81: ='Stammdaten - Schwimmer'!B83 -> Mauer | M81: ='Stammdaten - Schwimmer'!C83 -> Mika | N81: ='Stammdaten - Schwimmer'!D83 -> 41857 | O81: ='Stammdaten - Schwimmer'!E83 -> 503 | P81: ='Stammdaten - Schwimmer'!F83 -> 124 | Q81: 25 | R81: =P81*Q81 -> 3100
A82: ='Stammdaten - Schwimmer'!A54 -> 52 | B82: ='Stammdaten - Schwimmer'!B54 -> Warga | C82: ='Stammdaten - Schwimmer'!C54 -> Christina | D82: ='Stammdaten - Schwimmer'!D54 -> 27766 | E82: ='Stammdaten - Schwimmer'!E54 -> 507 | F82: ='Stammdaten - Schwimmer'!F54 -> 40 | K82: ='Stammdaten - Schwimmer'!A84 -> 82 | L82: ='Stammdaten - Schwimmer'!B84 -> Veit | M82: ='Stammdaten - Schwimmer'!C84 -> Dorothea | N82: ='Stammdaten - Schwimmer'!D84 -> 41475 | O82: ='Stammdaten - Schwimmer'!E84 -> 503 | P82: ='Stammdaten - Schwimmer'!F84 -> 104 | Q82: 25 | R82: =P82*Q82 -> 2600
A83: ='Stammdaten - Schwimmer'!A55 -> 53 | B83: ='Stammdaten - Schwimmer'!B55 -> Warga | C83: ='Stammdaten - Schwimmer'!C55 -> Paula | D83: ='Stammdaten - Schwimmer'!D55 -> 39823 | E83: ='Stammdaten - Schwimmer'!E55 -> 507 | F83: ='Stammdaten - Schwimmer'!F55 -> 58 | K83: ='Stammdaten - Schwimmer'!A85 -> 83 | L83: ='Stammdaten - Schwimmer'!B85 -> Heineke | M83: ='Stammdaten - Schwimmer'!C85 -> Jana | N83: ='Stammdaten - Schwimmer'!D85 -> 40445 | O83: ='Stammdaten - Schwimmer'!E85 -> 503 | P83: ='Stammdaten - Schwimmer'!F85 -> 64 | Q83: 50 | R83: =P83*Q83 -> 3200
A84: ='Stammdaten - Schwimmer'!A56 -> 54 | B84: ='Stammdaten - Schwimmer'!B56 -> Warga | C84: ='Stammdaten - Schwimmer'!C56 -> Christian | D84: ='Stammdaten - Schwimmer'!D56 -> 27486 | E84: ='Stammdaten - Schwimmer'!E56 -> 507 | F84: ='Stammdaten - Schwimmer'!F56 -> 38 | K84: ='Stammdaten - Schwimmer'!A86 -> 84 | L84: ='Stammdaten - Schwimmer'!B86 -> Mauer | M84: ='Stammdaten - Schwimmer'!C86 -> Jana | N84: ='Stammdaten - Schwimmer'!D86 -> 41857 | O84: ='Stammdaten - Schwimmer'!E86 -> 503 | P84: ='Stammdaten - Schwimmer'!F86 -> 42 | Q84: 50 | R84: =P84*Q84 -> 2100
A85: ='Stammdaten - Schwimmer'!A57 -> 55 | B85: ='Stammdaten - Schwimmer'!B57 -> 0 | C85: ='Stammdaten - Schwimmer'!C57 -> 0 | D85: ='Stammdaten - Schwimmer'!D57 -> 0 | E85: ='Stammdaten - Schwimmer'!E57 -> 0 | F85: ='Stammdaten - Schwimmer'!F57 -> 0 | K85: ='Stammdaten - Schwimmer'!A87 -> 85 | L85: ='Stammdaten - Schwimmer'!B87 -> Fernandez | M85: ='Stammdaten - Schwimmer'!C87 -> Silvia Velesco | N85: ='Stammdaten - Schwimmer'!D87 -> 26482 | O85: ='Stammdaten - Schwimmer'!E87 -> 0 | P85: ='Stammdaten - Schwimmer'!F87 -> 32 | Q85: 50 | R85: =P85*Q85 -> 1600
A86: ='Stammdaten - Schwimmer'!A58 -> 56 | B86: ='Stammdaten - Schwimmer'!B58 -> 0 | C86: ='Stammdaten - Schwimmer'!C58 -> 0 | D86: ='Stammdaten - Schwimmer'!D58 -> 0 | E86: ='Stammdaten - Schwimmer'!E58 -> 0 | F86: ='Stammdaten - Schwimmer'!F58 -> 0 | K86: ='Stammdaten - Schwimmer'!A88 -> 86 | L86: ='Stammdaten - Schwimmer'!B88 -> Collmer | M86: ='Stammdaten - Schwimmer'!C88 -> Andreas | N86: ='Stammdaten - Schwimmer'!D88 -> 25976 | O86: ='Stammdaten - Schwimmer'!E88 -> 0 | P86: ='Stammdaten - Schwimmer'!F88 -> 52 | Q86: 25 | R86: =P86*Q86 -> 1300
A87: ='Stammdaten - Schwimmer'!A59 -> 57 | B87: ='Stammdaten - Schwimmer'!B59 -> 0 | C87: ='Stammdaten - Schwimmer'!C59 -> 0 | D87: ='Stammdaten - Schwimmer'!D59 -> 0 | E87: ='Stammdaten - Schwimmer'!E59 -> 0 | F87: ='Stammdaten - Schwimmer'!F59 -> 0 | K87: ='Stammdaten - Schwimmer'!A89 -> 87 | L87: ='Stammdaten - Schwimmer'!B89 -> Tutsch | M87: ='Stammdaten - Schwimmer'!C89 -> Linda | N87: ='Stammdaten - Schwimmer'!D89 -> 41934 | O87: ='Stammdaten - Schwimmer'!E89 -> 505 | P87: ='Stammdaten - Schwimmer'!F89 -> 84 | Q87: 50 | R87: =P87*Q87 -> 4200
A88: ='Stammdaten - Schwimmer'!A60 -> 58 | B88: ='Stammdaten - Schwimmer'!B60 -> 0 | C88: ='Stammdaten - Schwimmer'!C60 -> 0 | D88: ='Stammdaten - Schwimmer'!D60 -> 0 | E88: ='Stammdaten - Schwimmer'!E60 -> 0 | F88: ='Stammdaten - Schwimmer'!F60 -> 0 | K88: ='Stammdaten - Schwimmer'!A90 -> 88 | L88: ='Stammdaten - Schwimmer'!B90 -> Tutsch | M88: ='Stammdaten - Schwimmer'!C90 -> Daniel | N88: ='Stammdaten - Schwimmer'!D90 -> 41321 | O88: ='Stammdaten - Schwimmer'!E90 -> 505 | P88: ='Stammdaten - Schwimmer'!F90 -> 84 | Q88: 50 | R88: =P88*Q88 -> 4200
A89: ='Stammdaten - Schwimmer'!A61 -> 59 | B89: ='Stammdaten - Schwimmer'!B61 -> 0 | C89: ='Stammdaten - Schwimmer'!C61 -> 0 | D89: ='Stammdaten - Schwimmer'!D61 -> 0 | E89: ='Stammdaten - Schwimmer'!E61 -> 0 | F89: ='Stammdaten - Schwimmer'!F61 -> 0 | K89: ='Stammdaten - Schwimmer'!A91 -> 89 | L89: ='Stammdaten - Schwimmer'!B91 -> Sommerfeld | M89: ='Stammdaten - Schwimmer'!C91 -> Andreas | N89: ='Stammdaten - Schwimmer'!D91 -> 22924 | O89: ='Stammdaten - Schwimmer'!E91 -> 0 | P89: ='Stammdaten - Schwimmer'!F91 -> 42 | Q89: 50 | R89: =P89*Q89 -> 2100
A90: ='Stammdaten - Schwimmer'!A62 -> 60 | B90: ='Stammdaten - Schwimmer'!B62 -> 0 | C90: ='Stammdaten - Schwimmer'!C62 -> 0 | D90: ='Stammdaten - Schwimmer'!D62 -> 0 | E90: ='Stammdaten - Schwimmer'!E62 -> 0 | F90: ='Stammdaten - Schwimmer'!F62 -> 0 | K90: Älteste
A91: ='Stammdaten - Schwimmer'!A63 -> 61 | B91: ='Stammdaten - Schwimmer'!B63 -> 0 | C91: ='Stammdaten - Schwimmer'!C63 -> 0 | D91: ='Stammdaten - Schwimmer'!D63 -> 0 | E91: ='Stammdaten - Schwimmer'!E63 -> 0 | F91: ='Stammdaten - Schwimmer'!F63 -> 0 | K91: ='Stammdaten - Schwimmer'!A3 -> Nummer | L91: ='Stammdaten - Schwimmer'!B3 -> Name | M91: ='Stammdaten - Schwimmer'!C3 -> Vormname | N91: ='Stammdaten - Schwimmer'!D3 -> Geburtstag | O91: ='Stammdaten - Schwimmer'!E3 -> Mannschaft | P91: ='Stammdaten - Schwimmer'!F3 -> Anzahl Bahnen | R91: Meter
A92: ='Stammdaten - Schwimmer'!A64 -> 62 | B92: ='Stammdaten - Schwimmer'!B64 -> 0 | C92: ='Stammdaten - Schwimmer'!C64 -> 0 | D92: ='Stammdaten - Schwimmer'!D64 -> 0 | E92: ='Stammdaten - Schwimmer'!E64 -> 0 | F92: ='Stammdaten - Schwimmer'!F64 -> 0 | K92: ='stammdaten - schwimmer'!#ref! -> #VALUE! | L92: ='stammdaten - schwimmer'!#ref! -> #VALUE! | M92: ='stammdaten - schwimmer'!#ref! -> #VALUE! | N92: ='stammdaten - schwimmer'!#ref! -> #VALUE! | O92: ='stammdaten - schwimmer'!#ref! -> #VALUE! | P92: ='stammdaten - schwimmer'!#ref! -> #VALUE! | Q92: 50 | R92: =P92*Q92 -> #VALUE!
A93: ='Stammdaten - Schwimmer'!A65 -> 63 | B93: ='Stammdaten - Schwimmer'!B65 -> 0 | C93: ='Stammdaten - Schwimmer'!C65 -> 0 | D93: ='Stammdaten - Schwimmer'!D65 -> 0 | E93: ='Stammdaten - Schwimmer'!E65 -> 0 | F93: ='Stammdaten - Schwimmer'!F65 -> 0 | K93: ='stammdaten - schwimmer'!#ref! -> #VALUE! | L93: ='stammdaten - schwimmer'!#ref! -> #VALUE! | M93: ='stammdaten - schwimmer'!#ref! -> #VALUE! | N93: ='stammdaten - schwimmer'!#ref! -> #VALUE! | O93: ='stammdaten - schwimmer'!#ref! -> #VALUE! | P93: ='stammdaten - schwimmer'!#ref! -> #VALUE! | Q93: 50 | R93: =P93*Q93 -> #VALUE!
A94: ='Stammdaten - Schwimmer'!A66 -> 64 | B94: ='Stammdaten - Schwimmer'!B66 -> 0 | C94: ='Stammdaten - Schwimmer'!C66 -> 0 | D94: ='Stammdaten - Schwimmer'!D66 -> 0 | E94: ='Stammdaten - Schwimmer'!E66 -> 0 | F94: ='Stammdaten - Schwimmer'!F66 -> 0 | K94: ='stammdaten - schwimmer'!#ref! -> #VALUE! | L94: ='stammdaten - schwimmer'!#ref! -> #VALUE! | M94: ='stammdaten - schwimmer'!#ref! -> #VALUE! | N94: ='stammdaten - schwimmer'!#ref! -> #VALUE! | O94: ='stammdaten - schwimmer'!#ref! -> #VALUE! | P94: ='stammdaten - schwimmer'!#ref! -> #VALUE! | Q94: 25 | R94: =P94*Q94 -> #VALUE!
A95: ='Stammdaten - Schwimmer'!A67 -> 65 | B95: ='Stammdaten - Schwimmer'!B67 -> 0 | C95: ='Stammdaten - Schwimmer'!C67 -> 0 | D95: ='Stammdaten - Schwimmer'!D67 -> 0 | E95: ='Stammdaten - Schwimmer'!E67 -> 0 | F95: ='Stammdaten - Schwimmer'!F67 -> 0 | P95: =SUM(P3:P94) -> #VALUE! | R95: =SUM(R3:R94) -> #VALUE!
A96: ='Stammdaten - Schwimmer'!A68 -> 66 | B96: ='Stammdaten - Schwimmer'!B68 -> 0 | C96: ='Stammdaten - Schwimmer'!C68 -> 0 | D96: ='Stammdaten - Schwimmer'!D68 -> 0 | E96: ='Stammdaten - Schwimmer'!E68 -> 0 | F96: ='Stammdaten - Schwimmer'!F68 -> 0
A97: ='Stammdaten - Schwimmer'!A69 -> 67 | B97: ='Stammdaten - Schwimmer'!B69 -> 0 | C97: ='Stammdaten - Schwimmer'!C69 -> 0 | D97: ='Stammdaten - Schwimmer'!D69 -> 0 | E97: ='Stammdaten - Schwimmer'!E69 -> 0 | F97: ='Stammdaten - Schwimmer'!F69 -> 0
A98: ='Stammdaten - Schwimmer'!A70 -> 68 | B98: ='Stammdaten - Schwimmer'!B70 -> 0 | C98: ='Stammdaten - Schwimmer'!C70 -> 0 | D98: ='Stammdaten - Schwimmer'!D70 -> 0 | E98: ='Stammdaten - Schwimmer'!E70 -> 0 | F98: ='Stammdaten - Schwimmer'!F70 -> 0
A99: ='Stammdaten - Schwimmer'!A71 -> 69 | B99: ='Stammdaten - Schwimmer'!B71 -> 0 | C99: ='Stammdaten - Schwimmer'!C71 -> 0 | D99: ='Stammdaten - Schwimmer'!D71 -> 0 | E99: ='Stammdaten - Schwimmer'!E71 -> 0 | F99: ='Stammdaten - Schwimmer'!F71 -> 0
A100: ='Stammdaten - Schwimmer'!A100 -> 98 | B100: ='Stammdaten - Schwimmer'!B100 -> 0 | C100: ='Stammdaten - Schwimmer'!C100 -> 0 | D100: ='Stammdaten - Schwimmer'!D100 -> 0 | E100: ='Stammdaten - Schwimmer'!E100 -> 0 | F100: ='Stammdaten - Schwimmer'!F100 -> 0

Sheet Stammdaten - Sponsoren
A1: Sponsoren (bis zu 100 Sponsoren vorgesehen)
A3: Nummer | B3: Name / Unternehmen | C3: Vorname / Vertreter | D3: Adresse | E3: Max. Betrag | F3: Gesponsorte Schwimmer / Mannschaft | H3: Gesponsorte Schwimmer / Mannschaft | I3: Gesponsorte Schwimmer / Mannschaft | J3: Gesponsorte Schwimmer / Mannschaft | K3: Gesponsorte Schwimmer / Mannschaft | L3: Gesponsorte Schwimmer / Mannschaft | M3: Gesponsorte Schwimmer / Mannschaft | N3: Gesponsorte Schwimmer / Mannschaft
A4: 1001 | B4: Förderverein ETB | C4: Thomas Schmid
A5: 1002 | B5: DLRG OG VAI | C5: Thomas Schmid | D5: Walter-de-Pay Str.; Vaihingen (Enz) | F5: 502 | H5: 33 | I5: 30 | J5: 31 | K5: 35 | L5: 72 | M5: 74 | N5: 75 | O5: 50 | P5: 77 | Q5: 79 | R5: 94 | S5: 95 | T5: 97
A6: 1003 | B6: TVV Schwimmabteilung | C6: Tim Bauer | D6: Walter-de-Pay Str.; 71665 Vaihingen | F6: 503 | H6: 9 | I6: 6 | J6: 5 | K6: 77 | L6: 78 | M6: 81 | N6: 82 | O6: 83 | P6: 84 | Q6: 91 | R6: 26
A7: 1004 | B7: Symmetree GmbH | C7: James Hartman | D7: Königstr. 26; 70173 Stuttgart | F7: 504 | H7: 78
A8: 1005 | B8: Kanuclub CJD kaltenstein | C8: Michael Fischer | D8: Klaiberstr 7/1 71665 Vaihingen Enz | F8: 505 | H8: 5 | I8: 87 | J8: 88
A9: 1006 | B9: Auto Service Frank Striebel | C9: Frank Striebel | D9: Römerstr 28, 74399 Walheim | F9: 2
A10: 1007 | B10: Grambow | C10: Kerstin | D10: Weidenweg 10 71665 Vaihingen Enz | F10: 2
A11: 1022 | B11: Seel | C11: Rita | D11: Dürer Ring 22 74372 Serseim | E11: 50 | F11: 30 | G11: 31 | H11: 33 | I11: 35
A12: 1023 | B12: Kombächer | C12: Dagmar | D12: Zur Talwiese24 57334 Bad Laasphe | E12: 50 | F12: 30 | G12: 31 | H12: 33 | I12: 35
A13: 1024 | B13: Häcker | C13: Rudi | D13: Jahnstr. 32 74371 sersheim | E13: 50 | F13: 30 | G13: 31 | H13: 33 | I13: 35
A14: 1034 | B14: Ludwig | C14: Martin | D14: Weizenstr 36 71665 Vaihingn Enz | F14: 50
A15: 1108 | B15: Zimmermann | C15: Inge | D15: Klaiberstr. 7 71665 | F15: 71
A16: 1109 | B16: Klich | C16: Karin | D16: Klaiberstr. 9 71665 | F16: 70
A17: 1110 | B17: RINK | C17: Bärbel | D17: Eugen Eisele Weg 8 | F17: 5 | G17: 77
A18: 1111 | B18: Fischer | C18: Michael Fischer | D18: Klaiberstr. 7/1 | F18: 5 | G18: 77
A19: 1115 | B19: Faigle | C19: Gustav | D19: Einsteinstr. 10 71665 | F19: 72
A20: 1117 | B20: Schmid | C20: Christina | D20: Kalkäckerstr. 9 | F20: 74
A21: 1118 | B21: Schüle | C21: Else | D21: Lindenstr. 27 71665 | F21: 75
A22: 1119 | B22: Buell | C22: Dorothee | D22: Grempstr 38 71665 | F22: 75
A23: 1121 | B23: Wohlers | C23: Jan | D23: Alter Ziegeleiweg 9/1 71665 | F23: 76
A24: 1123 | B24: Fritz | C24: Lukas | D24: Sophie-Scholl-tr. 44 74372 Sersheim | F24: 79
A25: 1124 | B25: Franz | C25: Franziska | D25: Kehlstr. 27 71665 | F25: 80
A26: 1126 | B26: Mauer | C26: familie | D26: Furthbergstr. 56 71665 | F26: 84 | G26: 81
A27: 1127 | B27: Collmer | C27: Andreas | D27: Eichendorffstr.18 71665 | F27: 85
A28: 1128 | B28: Valesco | C28: Silvia | D28: Eichendorffstr. 18 71665 | F28: 86
A29: 1129 | B29: Tutsch | C29: Daniel | F29: 87 | G29: 88
A30: 1130 | B30: Weingartner | C30: Sibyllle | D30: Gerokstr. 41 71665 | F30: 91
A31: 1131 | B31: Glaser | D31: Im Nonnenpfad 11 71706 Markgröningen | F31: 73
A32: 1132 | B32: Irion | C32: Christoph | D32: Teitsteige 5 Aurich | F32: 99
A33: 1133 | B33: Hornbach-Kasswm | D33: Jauerninger Str. 9 | F33: 94 | G33: 95
A48: 1048
A49: 1049
A50: 1050
A51: 1051
A52: 1052
A53: 1053
A54: 1054
A55: 1055
A56: 1056
A57: 1057
A58: 1058
A59: 1059
... A100: 1100

Sheet Stammdaten Teams
A1: Team Zusammenstetzungen
A2: (bis zu 25 Schwimmer im Team und bis zu 50 Teams vorgesehen)
A3: Team Nummer | B3: Team Name | C3: Verantwortlicher | D3: Gesamt Mitglieder | E3: Gesamtanzahl Bahnen | F3: Spende pro Bahn | G3: Spenden- Betrag | H3: Bahnen pro Mitglied | I3: Zugehöriger Schwimmer | J3: Zugehöriger Schwimmer | K3: Zugehöriger Schwimmer | L3: Zugehöriger Schwimmer | M3: Zugehöriger Schwimmer | N3: Zugehöriger Schwimmer | O3: Zugehöriger Schwimmer | P3: Zugehöriger Schwimmer | Q3: Zugehöriger Schwimmer | R3: Zugehöriger Schwimmer | S3: Zugehöriger Schwimmer | T3: Zugehöriger Schwimmer | U3: Zugehöriger Schwimmer | V3: Zugehöriger Schwimmer | W3: Zugehöriger Schwimmer | X3: Zugehöriger Schwimmer | Y3: Zugehöriger Schwimmer | Z3: Zugehöriger Schwimmer | AA3: Zugehöriger Schwimmer | AB3: Zugehöriger Schwimmer | AC3: Zugehöriger Schwimmer | AD3: Zugehöriger Schwimmer | AE3: Zugehöriger Schwimmer | AF3: Zugehöriger Schwimmer | AG3: Zugehöriger Schwimmer
A4: 501 | B4: FV ETB | D4: =COUNTIF(I4:AQ4,">0") -> 0 | H4: =IF(D4>0,E4/D4,) -> 0
A5: 502 | B5: DLRG | C5: Thomas Schmid | D5: =COUNTIFS(I5:AQ5,">0",I5:AQ5,"<101") -> 11 | E5: =SUMIF('Stammdaten - Schwimmer'!G$4:G$99,'Stammdaten - Sponsoren'!A5,'Stammdaten - Schwimmer'!F$4:F$99)+SUMIF('Stammdaten - Schwimmer'!K$4:K$99,'Stammdaten - Sponsoren'!A5,'Stammdaten - Schwimmer'!F$4:F$99)+SUMIF('Stammdaten - Schwimmer'!O$4:O$99,'Stammdaten - Sponsoren'!A5,'Stammdaten - Schwimmer'!F$4:F$99)+SUMIF('Stammdaten - Schwimmer'!S$4:S$99,'Stammdaten - Sponsoren'!A5,'Stammdaten - Schwimmer'!F$4:F$99) -> 448 | F5: 0.5 | G5: =E5*F5 -> 224 | H5: =IF(D5>0,E5/D5,) -> 40.727273 | I5: 26 | J5: 30 | K5: 31 | L5: 33 | M5: 35 | N5: 47 | O5: 74 | P5: 75 | Q5: 94 | R5: 95 | S5: 97 | T5: 101 | U5: 101 | V5: 101 | W5: 101 | X5: 101 | Y5: 101 | Z5: 101 | AA5: 101 | AB5: 101 | AC5: 101 | AD5: 101 | AE5: 101 | AF5: 101 | AG5: 101 | AH5: 101 | AI5: 101 | AJ5: 101 | AK5: 101 | AL5: 101 | AM5: 101 | AN5: 101 | AO5: 101 | AP5: 101
A6: 503 | B6: TVV Schwimm | C6: Tim Bauer | D6: =COUNTIFS(I6:AQ6,">0",I6:AQ6,"<101") -> 13 | E6: =SUMIF('Stammdaten - Schwimmer'!G$4:G$99,'Stammdaten - Sponsoren'!A6,'Stammdaten - Schwimmer'!F$4:F$99)+SUMIF('Stammdaten - Schwimmer'!K$4:K$99,'Stammdaten - Sponsoren'!A6,'Stammdaten - Schwimmer'!F$4:F$99)+SUMIF('Stammdaten - Schwimmer'!O$4:O$99,'Stammdaten - Sponsoren'!A6,'Stammdaten - Schwimmer'!F$4:F$99)+SUMIF('Stammdaten - Schwimmer'!S$4:S$99,'Stammdaten - Sponsoren'!A6,'Stammdaten - Schwimmer'!F$4:F$99) -> 800 | F6: 0.5 | G6: =E6*F6 -> 400 | H6: =IF(D6>0,E6/D6,) -> 61.538462 | I6: 5 | J6: 6 | K6: 9 | L6: 26 | M6: 47 | N6: 72 | O6: 77 | P6: 78 | Q6: 81 | R6: 82 | S6: 83 | T6: 84 | U6: 99 | V6: 101 | W6: 101 | X6: 101 | Y6: 101 | Z6: 101 | AA6: 101 | AB6: 101 | AC6: 101 | AD6: 101 | AE6: 101 | AF6: 101 | AG6: 101 | AH6: 101 | AI6: 101 | AJ6: 101 | AK6: 101 | AL6: 101 | AM6: 101 | AN6: 101 | AO6: 101 | AP6: 101
A7: 504 | B7: Schildkröten | C7: Symmetree GmbH | D7: =COUNTIFS(I7:AQ7,">0",I7:AQ7,"<101") -> 2 | E7: =SUMIF('Stammdaten - Schwimmer'!G$4:G$99,'Stammdaten - Sponsoren'!A7,'Stammdaten - Schwimmer'!F$4:F$99)+SUMIF('Stammdaten - Schwimmer'!K$4:K$99,'Stammdaten - Sponsoren'!A7,'Stammdaten - Schwimmer'!F$4:F$99)+SUMIF('Stammdaten - Schwimmer'!O$4:O$99,'Stammdaten - Sponsoren'!A7,'Stammdaten - Schwimmer'!F$4:F$99)+SUMIF('Stammdaten - Schwimmer'!S$4:S$99,'Stammdaten - Sponsoren'!A7,'Stammdaten - Schwimmer'!F$4:F$99) -> 50 | F7: 0.5 | G7: =E7*F7 -> 25 | H7: =IF(D7>0,E7/D7,) -> 25 | I7: 78 | J7: 99 | K7: 101 | L7: 101 | M7: 101 | N7: 101 | O7: 101 | P7: 101 | Q7: 101 | R7: 101 | S7: 101 | T7: 101 | U7: 101 | V7: 101 | W7: 101 | X7: 101 | Y7: 101 | Z7: 101 | AA7: 101 | AB7: 101 | AC7: 101 | AD7: 101 | AE7: 101 | AF7: 101 | AG7: 101 | AH7: 101 | AI7: 101 | AJ7: 101 | AK7: 101 | AL7: 101 | AM7: 101 | AN7: 101 | AO7: 101 | AP7: 101
A8: 505 | B8: Kanu Klub | C8: Michael Fischer | D8: =COUNTIFS(I8:AQ8,">0",I8:AQ8,"<101") -> 4 | E8: =SUMIF('Stammdaten - Schwimmer'!G$4:G$99,'Stammdaten - Sponsoren'!A8,'Stammdaten - Schwimmer'!F$4:F$99)+SUMIF('Stammdaten - Schwimmer'!K$4:K$99,'Stammdaten - Sponsoren'!A8,'Stammdaten - Schwimmer'!F$4:F$99)+SUMIF('Stammdaten - Schwimmer'!O$4:O$99,'Stammdaten - Sponsoren'!A8,'Stammdaten - Schwimmer'!F$4:F$99)+SUMIF('Stammdaten - Schwimmer'!S$4:S$99,'Stammdaten - Sponsoren'!A8,'Stammdaten - Schwimmer'!F$4:F$99) -> 292 | F8: 0.5 | G8: =E8*F8 -> 146 | H8: =IF(D8>0,E8/D8,) -> 73 | I8: 5 | J8: 77 | K8: 87 | L8: 88 | M8: 101 | N8: 101 | O8: 101 | P8: 101 | Q8: 101 | R8: 101 | S8: 101 | T8: 101 | U8: 101 | V8: 101 | W8: 101 | X8: 101 | Y8: 101 | Z8: 101 | AA8: 101 | AB8: 101 | AC8: 101 | AD8: 101 | AE8: 101 | AF8: 101 | AG8: 101 | AH8: 101 | AI8: 101 | AJ8: 101 | AK8: 101 | AL8: 101 | AM8: 101 | AN8: 101 | AO8: 101 | AP8: 101
A9: 506 | B9: DRK Ortsverein VAI | C9: Eliase Flohr | D9: =COUNTIFS(I9:AQ9,">0",I9:AQ9,"<101") -> 0 | E9: =INDIRECT("'Stammdaten - Schwimmer'!F"&(I9+3))+INDIRECT("'Stammdaten - Schwimmer'!F"&(J9+3))+INDIRECT("'Stammdaten - Schwimmer'!F"&(K9+3))+INDIRECT("'Stammdaten - Schwimmer'!F"&(L9+3))+INDIRECT("'Stammdaten - Schwimmer'!F"&(M9+3))+INDIRECT("'Stammdaten - Schwimmer'!F"&(N9+3))+INDIRECT("'Stammdaten - Schwimmer'!F"&O9+3)+INDIRECT("'Stammdaten - Schwimmer'!F"&(P9+3))+INDIRECT("'Stammdaten - Schwimmer'!F"&(Q9+3))+INDIRECT("'Stammdaten - Schwimmer'!F"&(R9+3))+INDIRECT("'Stammdaten - Schwimmer'!F"&(S9+3))+INDIRECT("'Stammdaten - Schwimmer'!F"&(T9+3))+INDIRECT("'Stammdaten - Schwimmer'!F"&(U9+3))+INDIRECT("'Stammdaten - Schwimmer'!F"&(V9+3))+INDIRECT("'Stammdaten - Schwimmer'!F"&(W9+3))+INDIRECT("'Stammdaten - Schwimmer'!F"&(X9+3))+INDIRECT("'Stammdaten - Schwimmer'!F"&(Y9+3))+INDIRECT("'Stammdaten - Schwimmer'!F"&(Z9+3))+INDIRECT("'Stammdaten - Schwimmer'!F"&(AA9+3))+INDIRECT("'Stammdaten - Schwimmer'!F"&(AB9+3))+INDIRECT("'Stammdaten - Schwimmer'!F"&(AC9+3))+INDIRECT("'Stammdaten - Schwimmer'!F"&(AD9+3))+INDIRECT("'Stammdaten - Schwimmer'!F"&(AE9+3))+INDIRECT("'Stammdaten - Schwimmer'!F"&(AF9+3))+INDIRECT("'Stammdaten - Schwimmer'!F"&(AG9+3)) -> 0 | G9: =E9*F9 -> 0 | H9: =IF(D9>0,E9/D9,) -> 0 | I9: 101 | J9: 101 | K9: 101 | L9: 101 | M9: 101 | N9: 101 | O9: 101 | P9: 101 | Q9: 101 | R9: 101 | S9: 101 | T9: 101 | U9: 101 | V9: 101 | W9: 101 | X9: 101 | Y9: 101 | Z9: 101 | AA9: 101 | AB9: 101 | AC9: 101 | AD9: 101 | AE9: 101 | AF9: 101 | AG9: 101 | AH9: 101 | AI9: 101 | AJ9: 101 | AK9: 101 | AL9: 101 | AM9: 101 | AN9: 101
A10: 507 | B10: Die Hydrotherapeuten | C10: Warner, Chris | D10: =COUNTIFS(I10:AQ10,">0",I10:AQ10,"<101") -> 0 | E10: =INDIRECT("'Stammdaten - Schwimmer'!F"&(I10+3))+INDIRECT("'Stammdaten - Schwimmer'!F"&(J10+3))+INDIRECT("'Stammdaten - Schwimmer'!F"&(K10+3))+INDIRECT("'Stammdaten - Schwimmer'!F"&(L10+3))+INDIRECT("'Stammdaten - Schwimmer'!F"&(M10+3))+INDIRECT("'Stammdaten - Schwimmer'!F"&(N10+3))+INDIRECT("'Stammdaten - Schwimmer'!F"&O10+3)+INDIRECT("'Stammdaten - Schwimmer'!F"&(P10+3))+INDIRECT("'Stammdaten - Schwimmer'!F"&(Q10+3))+INDIRECT("'Stammdaten - Schwimmer'!F"&(R10+3))+INDIRECT("'Stammdaten - Schwimmer'!F"&(S10+3))+INDIRECT("'Stammdaten - Schwimmer'!F"&(T10+3))+INDIRECT("'Stammdaten - Schwimmer'!F"&(U10+3))+INDIRECT("'Stammdaten - Schwimmer'!F"&(V10+3))+INDIRECT("'Stammdaten - Schwimmer'!F"&(W10+3))+INDIRECT("'Stammdaten - Schwimmer'!F"&(X10+3))+INDIRECT("'Stammdaten - Schwimmer'!F"&(Y10+3))+INDIRECT("'Stammdaten - Schwimmer'!F"&(Z10+3))+INDIRECT("'Stammdaten - Schwimmer'!F"&(AA10+3))+INDIRECT("'Stammdaten - Schwimmer'!F"&(AB10+3))+INDIRECT("'Stammdaten - Schwimmer'!F"&(AC10+3))+INDIRECT("'Stammdaten - Schwimmer'!F"&(AD10+3))+INDIRECT("'Stammdaten - Schwimmer'!F"&(AE10+3))+INDIRECT("'Stammdaten - Schwimmer'!F"&(AF10+3))+INDIRECT("'Stammdaten - Schwimmer'!F"&(AG10+3)) -> 0 | G10: =E10*F10 -> 0 | H10: =IF(D10>0,E10/D10,) -> 0 | I10: 101 | J10: 101 | K10: 101 | L10: 101 | M10: 101 | N10: 101 | O10: 101 | P10: 101 | Q10: 101 | R10: 101 | S10: 101 | T10: 101 | U10: 101 | V10: 101 | W10: 101 | X10: 101 | Y10: 101 | Z10: 101 | AA10: 101 | AB10: 101 | AC10: 101 | AD10: 101 | AE10: 101 | AF10: 101 | AG10: 101 | AH10: 101 | AI10: 101 | AJ10: 101 | AK10: 101 | AL10: 101 | AM10: 101 | AN10: 101
A11: 508 | B11: Klaiberstr | D11: =COUNTIFS(I11:AQ11,">0",I11:AQ11,"<101") -> 0 | E11: =INDIRECT("'Stammdaten - Schwimmer'!F"&(I11+3))+INDIRECT("'Stammdaten - Schwimmer'!F"&(J11+3))+INDIRECT("'Stammdaten - Schwimmer'!F"&(K11+3))+INDIRECT("'Stammdaten - Schwimmer'!F"&(L11+3))+INDIRECT("'Stammdaten - Schwimmer'!F"&(M11+3))+INDIRECT("'Stammdaten - Schwimmer'!F"&(N11+3))+INDIRECT("'Stammdaten - Schwimmer'!F"&O11+3)+INDIRECT("'Stammdaten - Schwimmer'!F"&(P11+3))+INDIRECT("'Stammdaten - Schwimmer'!F"&(Q11+3))+INDIRECT("'Stammdaten - Schwimmer'!F"&(R11+3))+INDIRECT("'Stammdaten - Schwimmer'!F"&(S11+3))+INDIRECT("'Stammdaten - Schwimmer'!F"&(T11+3))+INDIRECT("'Stammdaten - Schwimmer'!F"&(U11+3))+INDIRECT("'Stammdaten - Schwimmer'!F"&(V11+3))+INDIRECT("'Stammdaten - Schwimmer'!F"&(W11+3))+INDIRECT("'Stammdaten - Schwimmer'!F"&(X11+3))+INDIRECT("'Stammdaten - Schwimmer'!F"&(Y11+3))+INDIRECT("'Stammdaten - Schwimmer'!F"&(Z11+3))+INDIRECT("'Stammdaten - Schwimmer'!F"&(AA11+3))+INDIRECT("'Stammdaten - Schwimmer'!F"&(AB11+3))+INDIRECT("'Stammdaten - Schwimmer'!F"&(AC11+3))+INDIRECT("'Stammdaten - Schwimmer'!F"&(AD11+3))+INDIRECT("'Stammdaten - Schwimmer'!F"&(AE11+3))+INDIRECT("'Stammdaten - Schwimmer'!F"&(AF11+3))+INDIRECT("'Stammdaten - Schwimmer'!F"&(AG11+3)) -> 0 | G11: =E11*F11 -> 0 | H11: =IF(D11>0,E11/D11,) -> 0 | I11: 101 | J11: 101 | K11: 101 | L11: 101 | M11: 101 | N11: 101 | O11: 101 | P11: 101 | Q11: 101 | R11: 101 | S11: 101 | T11: 101 | U11: 101 | V11: 101 | W11: 101 | X11: 101 | Y11: 101 | Z11: 101 | AA11: 101 | AB11: 101 | AC11: 101 | AD11: 101 | AE11: 101 | AF11: 101 | AG11: 101 | AH11: 101 | AI11: 101 | AJ11: 101 | AK11: 101 | AL11: 101 | AM11: 101 | AN11: 101
A12: 509 | D12: =COUNTIFS(I12:AQ12,">0",I12:AQ12,"<101") -> 0 | E12: =INDIRECT("'Stammdaten - Schwimmer'!F"&(I12+3))+INDIRECT("'Stammdaten - Schwimmer'!F"&(J12+3))+INDIRECT("'Stammdaten - Schwimmer'!F"&(K12+3))+INDIRECT("'Stammdaten - Schwimmer'!F"&(L12+3))+INDIRECT("'Stammdaten - Schwimmer'!F"&(M12+3))+INDIRECT("'Stammdaten - Schwimmer'!F"&(N12+3))+INDIRECT("'Stammdaten - Schwimmer'!F"&O12+3)+INDIRECT("'Stammdaten - Schwimmer'!F"&(P12+3))+INDIRECT("'Stammdaten - Schwimmer'!F"&(Q12+3))+INDIRECT("'Stammdaten - Schwimmer'!F"&(R12+3))+INDIRECT("'Stammdaten - Schwimmer'!F"&(S12+3))+INDIRECT("'Stammdaten - Schwimmer'!F"&(T12+3))+INDIRECT("'Stammdaten - Schwimmer'!F"&(U12+3))+INDIRECT("'Stammdaten - Schwimmer'!F"&(V12+3))+INDIRECT("'Stammdaten - Schwimmer'!F"&(W12+3))+INDIRECT("'Stammdaten - Schwimmer'!F"&(X12+3))+INDIRECT("'Stammdaten - Schwimmer'!F"&(Y12+3))+INDIRECT("'Stammdaten - Schwimmer'!F"&(Z12+3))+INDIRECT("'Stammdaten - Schwimmer'!F"&(AA12+3))+INDIRECT("'Stammdaten - Schwimmer'!F"&(AB12+3))+INDIRECT("'Stammdaten - Schwimmer'!F"&(AC12+3))+INDIRECT("'Stammdaten - Schwimmer'!F"&(AD12+3))+INDIRECT("'Stammdaten - Schwimmer'!F"&(AE12+3))+INDIRECT("'Stammdaten - Schwimmer'!F"&(AF12+3))+INDIRECT("'Stammdaten - Schwimmer'!F"&(AG12+3)) -> 0 | G12: =E12*F12 -> 0 | H12: =IF(D12>0,E12/D12,) -> 0 | I12: 101 | J12: 101 | K12: 101 | L12: 101 | M12: 101 | N12: 101 | O12: 101 | P12: 101 | Q12: 101 | R12: 101 | S12: 101 | T12: 101 | U12: 101 | V12: 101 | W12: 101 | X12: 101 | Y12: 101 | Z12: 101 | AA12: 101 | AB12: 101 | AC12: 101 | AD12: 101 | AE12: 101 | AF12: 101 | AG12: 101 | AH12: 101 | AI12: 101 | AJ12: 101 | AK12: 101 | AL12: 101 | AM12: 101 | AN12: 101
A13: 510 | D13: =COUNTIFS(I13:AQ13,">0",I13:AQ13,"<101") -> 0 | E13: =INDIRECT("'Stammdaten - Schwimmer'!F"&(I13+3))+INDIRECT("'Stammdaten - Schwimmer'!F"&(J13+3))+INDIRECT("'Stammdaten - Schwimmer'!F"&(K13+3))+INDIRECT("'Stammdaten - Schwimmer'!F"&(L13+3))+INDIRECT("'Stammdaten - Schwimmer'!F"&(M13+3))+INDIRECT("'Stammdaten - Schwimmer'!F"&(N13+3))+INDIRECT("'Stammdaten - Schwimmer'!F"&O13+3)+INDIRECT("'Stammdaten - Schwimmer'!F"&(P13+3))+INDIRECT("'Stammdaten - Schwimmer'!F"&(Q13+3))+INDIRECT("'Stammdaten - Schwimmer'!F"&(R13+3))+INDIRECT("'Stammdaten - Schwimmer'!F"&(S13+3))+INDIRECT("'Stammdaten - Schwimmer'!F"&(T13+3))+INDIRECT("'Stammdaten - Schwimmer'!F"&(U13+3))+INDIRECT("'Stammdaten - Schwimmer'!F"&(V13+3))+INDIRECT("'Stammdaten - Schwimmer'!F"&(W13+3))+INDIRECT("'Stammdaten - Schwimmer'!F"&(X13+3))+INDIRECT("'Stammdaten - Schwimmer'!F"&(Y13+3))+INDIRECT("'Stammdaten - Schwimmer'!F"&(Z13+3))+INDIRECT("'Stammdaten - Schwimmer'!F"&(AA13+3))+INDIRECT("'Stammdaten - Schwimmer'!F"&(AB13+3))+INDIRECT("'Stammdaten - Schwimmer'!F"&(AC13+3))+INDIRECT("'Stammdaten - Schwimmer'!F"&(AD13+3))+INDIRECT("'Stammdaten - Schwimmer'!F"&(AE13+3))+INDIRECT("'Stammdaten - Schwimmer'!F"&(AF13+3))+INDIRECT("'Stammdaten - Schwimmer'!F"&(AG13+3)) -> 0 | G13: =E13*F13 -> 0 | H13: =IF(D13>0,E13/D13,) -> 0 | I13: 101 | J13: 101 | K13: 101 | L13: 101 | M13: 101 | N13: 101 | O13: 101 | P13: 101 | Q13: 101 | R13: 101 | S13: 101 | T13: 101 | U13: 101 | V13: 101 | W13: 101 | X13: 101 | Y13: 101 | Z13: 101 | AA13: 101 | AB13: 101 | AC13: 101 | AD13: 101 | AE13: 101 | AF13: 101 | AG13: 101 | AH13: 101 | AI13: 101 | AJ13: 101 | AK13: 101 | AL13: 101 | AM13: 101 | AN13: 101
A14: 511 | D14: =COUNTIFS(I14:AQ14,">0",I14:AQ14,"<101") -> 0 | E14: =INDIRECT("'Stammdaten - Schwimmer'!F"&(I14+3))+INDIRECT("'Stammdaten - Schwimmer'!F"&(J14+3))+INDIRECT("'Stammdaten - Schwimmer'!F"&(K14+3))+INDIRECT("'Stammdaten - Schwimmer'!F"&(L14+3))+INDIRECT("'Stammdaten - Schwimmer'!F"&(M14+3))+INDIRECT("'Stammdaten - Schwimmer'!F"&(N14+3))+INDIRECT("'Stammdaten - Schwimmer'!F"&O14+3)+INDIRECT("'Stammdaten - Schwimmer'!F"&(P14+3))+INDIRECT("'Stammdaten - Schwimmer'!F"&(Q14+3))+INDIRECT("'Stammdaten - Schwimmer'!F"&(R14+3))+INDIRECT("'Stammdaten - Schwimmer'!F"&(S14+3))+INDIRECT("'Stammdaten - Schwimmer'!F"&(T14+3))+INDIRECT("'Stammdaten - Schwimmer'!F"&(U14+3))+INDIRECT("'Stammdaten - Schwimmer'!F"&(V14+3))+INDIRECT("'Stammdaten - Schwimmer'!F"&(W14+3))+INDIRECT("'Stammdaten - Schwimmer'!F"&(X14+3))+INDIRECT("'Stammdaten - Schwimmer'!F"&(Y14+3))+INDIRECT("'Stammdaten - Schwimmer'!F"&(Z14+3))+INDIRECT("'Stammdaten - Schwimmer'!F"&(AA14+3))+INDIRECT("'Stammdaten - Schwimmer'!F"&(AB14+3))+INDIRECT("'Stammdaten - Schwimmer'!F"&(AC14+3))+INDIRECT("'Stammdaten - Schwimmer'!F"&(AD14+3))+INDIRECT("'Stammdaten - Schwimmer'!F"&(AE14+3))+INDIRECT("'Stammdaten - Schwimmer'!F"&(AF14+3))+INDIRECT("'Stammdaten - Schwimmer'!F"&(AG14+3)) -> 0 | G14: =E14*F14 -> 0 | H14: =IF(D14>0,E14/D14,) -> 0 | I14: 101 | J14: 101 | K14: 101 | L14: 101 | M14: 101 | N14: 101 | O14: 101 | P14: 101 | Q14: 101 | R14: 101 | S14: 101 | T14: 101 | U14: 101 | V14: 101 | W14: 101 | X14: 101 | Y14: 101 | Z14: 101 | AA14: 101 | AB14: 101 | AC14: 101 | AD14: 101 | AE14: 101 | AF14: 101 | AG14: 101 | AH14: 101 | AI14: 101 | AJ14: 101 | AK14: 101 | AL14: 101 | AM14: 101 | AN14: 101
A15: 512 | D15: =COUNTIFS(I15:AQ15,">0",I15:AQ15,"<101") -> 0 | E15: =INDIRECT("'Stammdaten - Schwimmer'!F"&(I15+3))+INDIRECT("'Stammdaten - Schwimmer'!F"&(J15+3))+INDIRECT("'Stammdaten - Schwimmer'!F"&(K15+3))+INDIRECT("'Stammdaten - Schwimmer'!F"&(L15+3))+INDIRECT("'Stammdaten - Schwimmer'!F"&(M15+3))+INDIRECT("'Stammdaten - Schwimmer'!F"&(N15+3))+INDIRECT("'Stammdaten - Schwimmer'!F"&O15+3)+INDIRECT("'Stammdaten - Schwimmer'!F"&(P15+3))+INDIRECT("'Stammdaten - Schwimmer'!F"&(Q15+3))+INDIRECT("'Stammdaten - Schwimmer'!F"&(R15+3))+INDIRECT("'Stammdaten - Schwimmer'!F"&(S15+3))+INDIRECT("'Stammdaten - Schwimmer'!F"&(T15+3))+INDIRECT("'Stammdaten - Schwimmer'!F"&(U15+3))+INDIRECT("'Stammdaten - Schwimmer'!F"&(V15+3))+INDIRECT("'Stammdaten - Schwimmer'!F"&(W15+3))+INDIRECT("'Stammdaten - Schwimmer'!F"&(X15+3))+INDIRECT("'Stammdaten - Schwimmer'!F"&(Y15+3))+INDIRECT("'Stammdaten - Schwimmer'!F"&(Z15+3))+INDIRECT("'Stammdaten - Schwimmer'!F"&(AA15+3))+INDIRECT("'Stammdaten - Schwimmer'!F"&(AB15+3))+INDIRECT("'Stammdaten - Schwimmer'!F"&(AC15+3))+INDIRECT("'Stammdaten - Schwimmer'!F"&(AD15+3))+INDIRECT("'Stammdaten - Schwimmer'!F"&(AE15+3))+INDIRECT("'Stammdaten - Schwimmer'!F"&(AF15+3))+INDIRECT("'Stammdaten - Schwimmer'!F"&(AG15+3)) -> 0 | G15: =E15*F15 -> 0 | H15: =IF(D15>0,E15/D15,) -> 0 | I15: 101 | J15: 101 | K15: 101 | L15: 101 | M15: 101 | N15: 101 | O15: 101 | P15: 101 | Q15: 101 | R15: 101 | S15: 101 | T15: 101 | U15: 101 | V15: 101 | W15: 101 | X15: 101 | Y15: 101 | Z15: 101 | AA15: 101 | AB15: 101 | AC15: 101 | AD15: 101 | AE15: 101 | AF15: 101 | AG15: 101 | AH15: 101 | AI15: 101 | AJ15: 101 | AK15: 101 | AL15: 101 | AM15: 101 | AN15: 101
A16: 513 | D16: =COUNTIFS(I16:AQ16,">0",I16:AQ16,"<101") -> 0 | E16: =INDIRECT("'Stammdaten - Schwimmer'!F"&(I16+3))+INDIRECT("'Stammdaten - Schwimmer'!F"&(J16+3))+INDIRECT("'Stammdaten - Schwimmer'!F"&(K16+3))+INDIRECT("'Stammdaten - Schwimmer'!F"&(L16+3))+INDIRECT("'Stammdaten - Schwimmer'!F"&(M16+3))+INDIRECT("'Stammdaten - Schwimmer'!F"&(N16+3))+INDIRECT("'Stammdaten - Schwimmer'!F"&O16+3)+INDIRECT("'Stammdaten - Schwimmer'!F"&(P16+3))+INDIRECT("'Stammdaten - Schwimmer'!F"&(Q16+3))+INDIRECT("'Stammdaten - Schwimmer'!F"&(R16+3))+INDIRECT("'Stammdaten - Schwimmer'!F"&(S16+3))+INDIRECT("'Stammdaten - Schwimmer'!F"&(T16+3))+INDIRECT("'Stammdaten - Schwimmer'!F"&(U16+3))+INDIRECT("'Stammdaten - Schwimmer'!F"&(V16+3))+INDIRECT("'Stammdaten - Schwimmer'!F"&(W16+3))+INDIRECT("'Stammdaten - Schwimmer'!F"&(X16+3))+INDIRECT("'Stammdaten - Schwimmer'!F"&(Y16+3))+INDIRECT("'Stammdaten - Schwimmer'!F"&(Z16+3))+INDIRECT("'Stammdaten - Schwimmer'!F"&(AA16+3))+INDIRECT("'Stammdaten - Schwimmer'!F"&(AB16+3))+INDIRECT("'Stammdaten - Schwimmer'!F"&(AC16+3))+INDIRECT("'Stammdaten - Schwimmer'!F"&(AD16+3))+INDIRECT("'Stammdaten - Schwimmer'!F"&(AE16+3))+INDIRECT("'Stammdaten - Schwimmer'!F"&(AF16+3))+INDIRECT("'Stammdaten - Schwimmer'!F"&(AG16+3)) -> 0 | G16: =E16*F16 -> 0 | H16: =IF(D16>0,E16/D16,) -> 0 | I16: 101 | J16: 101 | K16: 101 | L16: 101 | M16: 101 | N16: 101 | O16: 101 | P16: 101 | Q16: 101 | R16: 101 | S16: 101 | T16: 101 | U16: 101 | V16: 101 | W16: 101 | X16: 101 | Y16: 101 | Z16: 101 | AA16: 101 | AB16: 101 | AC16: 101 | AD16: 101 | AE16: 101 | AF16: 101 | AG16: 101 | AH16: 101 | AI16: 101 | AJ16: 101 | AK16: 101 | AL16: 101 | AM16: 101 | AN16: 101
A17: 514 | D17: =COUNTIFS(I17:AQ17,">0",I17:AQ17,"<101") -> 0 | E17: =INDIRECT("'Stammdaten - Schwimmer'!F"&(I17+3))+INDIRECT("'Stammdaten - Schwimmer'!F"&(J17+3))+INDIRECT("'Stammdaten - Schwimmer'!F"&(K17+3))+INDIRECT("'Stammdaten - Schwimmer'!F"&(L17+3))+INDIRECT("'Stammdaten - Schwimmer'!F"&(M17+3))+INDIRECT("'Stammdaten - Schwimmer'!F"&(N17+3))+INDIRECT("'Stammdaten - Schwimmer'!F"&O17+3)+INDIRECT("'Stammdaten - Schwimmer'!F"&(P17+3))+INDIRECT("'Stammdaten - Schwimmer'!F"&(Q17+3))+INDIRECT("'Stammdaten - Schwimmer'!F"&(R17+3))+INDIRECT("'Stammdaten - Schwimmer'!F"&(S17+3))+INDIRECT("'Stammdaten - Schwimmer'!F"&(T17+3))+INDIRECT("'Stammdaten - Schwimmer'!F"&(U17+3))+INDIRECT("'Stammdaten - Schwimmer'!F"&(V17+3))+INDIRECT("'Stammdaten - Schwimmer'!F"&(W17+3))+INDIRECT("'Stammdaten - Schwimmer'!F"&(X17+3))+INDIRECT("'Stammdaten - Schwimmer'!F"&(Y17+3))+INDIRECT("'Stammdaten - Schwimmer'!F"&(Z17+3))+INDIRECT("'Stammdaten - Schwimmer'!F"&(AA17+3))+INDIRECT("'Stammdaten - Schwimmer'!F"&(AB17+3))+INDIRECT("'Stammdaten - Schwimmer'!F"&(AC17+3))+INDIRECT("'Stammdaten - Schwimmer'!F"&(AD17+3))+INDIRECT("'Stammdaten - Schwimmer'!F"&(AE17+3))+INDIRECT("'Stammdaten - Schwimmer'!F"&(AF17+3))+INDIRECT("'Stammdaten - Schwimmer'!F"&(AG17+3)) -> 0 | G17: =E17*F17 -> 0 | H17: =IF(D17>0,E17/D17,) -> 0 | I17: 101 | J17: 101 | K17: 101 | L17: 101 | M17: 101 | N17: 101 | O17: 101 | P17: 101 | Q17: 101 | R17: 101 | S17: 101 | T17: 101 | U17: 101 | V17: 101 | W17: 101 | X17: 101 | Y17: 101 | Z17: 101 | AA17: 101 | AB17: 101 | AC17: 101 | AD17: 101 | AE17: 101 | AF17: 101 | AG17: 101 | AH17: 101 | AI17: 101 | AJ17: 101 | AK17: 101 | AL17: 101 | AM17: 101 | AN17: 101
A18: 515 | D18: =COUNTIFS(I18:AQ18,">0",I18:AQ18,"<101") -> 0 | E18: =INDIRECT("'Stammdaten - Schwimmer'!F"&(I18+3))+INDIRECT("'Stammdaten - Schwimmer'!F"&(J18+3))+INDIRECT("'Stammdaten - Schwimmer'!F"&(K18+3))+INDIRECT("'Stammdaten - Schwimmer'!F"&(L18+3))+INDIRECT("'Stammdaten - Schwimmer'!F"&(M18+3))+INDIRECT("'Stammdaten - Schwimmer'!F"&(N18+3))+INDIRECT("'Stammdaten - Schwimmer'!F"&O18+3)+INDIRECT("'Stammdaten - Schwimmer'!F"&(P18+3))+INDIRECT("'Stammdaten - Schwimmer'!F"&(Q18+3))+INDIRECT("'Stammdaten - Schwimmer'!F"&(R18+3))+INDIRECT("'Stammdaten - Schwimmer'!F"&(S18+3))+INDIRECT("'Stammdaten - Schwimmer'!F"&(T18+3))+INDIRECT("'Stammdaten - Schwimmer'!F"&(U18+3))+INDIRECT("'Stammdaten - Schwimmer'!F"&(V18+3))+INDIRECT("'Stammdaten - Schwimmer'!F"&(W18+3))+INDIRECT("'Stammdaten - Schwimmer'!F"&(X18+3))+INDIRECT("'Stammdaten - Schwimmer'!F"&(Y18+3))+INDIRECT("'Stammdaten - Schwimmer'!F"&(Z18+3))+INDIRECT("'Stammdaten - Schwimmer'!F"&(AA18+3))+INDIRECT("'Stammdaten - Schwimmer'!F"&(AB18+3))+INDIRECT("'Stammdaten - Schwimmer'!F"&(AC18+3))+INDIRECT("'Stammdaten - Schwimmer'!F"&(AD18+3))+INDIRECT("'Stammdaten - Schwimmer'!F"&(AE18+3))+INDIRECT("'Stammdaten - Schwimmer'!F"&(AF18+3))+INDIRECT("'Stammdaten - Schwimmer'!F"&(AG18+3)) -> 0 | G18: =E18*F18 -> 0 | H18: =IF(D18>0,E18/D18,) -> 0 | I18: 101 | J18: 101 | K18: 101 | L18: 101 | M18: 101 | N18: 101 | O18: 101 | P18: 101 | Q18: 101 | R18: 101 | S18: 101 | T18: 101 | U18: 101 | V18: 101 | W18: 101 | X18: 101 | Y18: 101 | Z18: 101 | AA18: 101 | AB18: 101 | AC18: 101 | AD18: 101 | AE18: 101 | AF18: 101 | AG18: 101 | AH18: 101 | AI18: 101 | AJ18: 101 | AK18: 101 | AL18: 101 | AM18: 101 | AN18: 101
A19: 516 | D19: =COUNTIFS(I19:AQ19,">0",I19:AQ19,"<101") -> 0 | E19: =INDIRECT("'Stammdaten - Schwimmer'!F"&(I19+3))+INDIRECT("'Stammdaten - Schwimmer'!F"&(J19+3))+INDIRECT("'Stammdaten - Schwimmer'!F"&(K19+3))+INDIRECT("'Stammdaten - Schwimmer'!F"&(L19+3))+INDIRECT("'Stammdaten - Schwimmer'!F"&(M19+3))+INDIRECT("'Stammdaten - Schwimmer'!F"&(N19+3))+INDIRECT("'Stammdaten - Schwimmer'!F"&O19+3)+INDIRECT("'Stammdaten - Schwimmer'!F"&(P19+3))+INDIRECT("'Stammdaten - Schwimmer'!F"&(Q19+3))+INDIRECT("'Stammdaten - Schwimmer'!F"&(R19+3))+INDIRECT("'Stammdaten - Schwimmer'!F"&(S19+3))+INDIRECT("'Stammdaten - Schwimmer'!F"&(T19+3))+INDIRECT("'Stammdaten - Schwimmer'!F"&(U19+3))+INDIRECT("'Stammdaten - Schwimmer'!F"&(V19+3))+INDIRECT("'Stammdaten - Schwimmer'!F"&(W19+3))+INDIRECT("'Stammdaten - Schwimmer'!F"&(X19+3))+INDIRECT("'Stammdaten - Schwimmer'!F"&(Y19+3))+INDIRECT("'Stammdaten - Schwimmer'!F"&(Z19+3))+INDIRECT("'Stammdaten - Schwimmer'!F"&(AA19+3))+INDIRECT("'Stammdaten - Schwimmer'!F"&(AB19+3))+INDIRECT("'Stammdaten - Schwimmer'!F"&(AC19+3))+INDIRECT("'Stammdaten - Schwimmer'!F"&(AD19+3))+INDIRECT("'Stammdaten - Schwimmer'!F"&(AE19+3))+INDIRECT("'Stammdaten - Schwimmer'!F"&(AF19+3))+INDIRECT("'Stammdaten - Schwimmer'!F"&(AG19+3)) -> 0 | G19: =E19*F19 -> 0 | H19: =IF(D19>0,E19/D19,) -> 0 | I19: 101 | J19: 101 | K19: 101 | L19: 101 | M19: 101 | N19: 101 | O19: 101 | P19: 101 | Q19: 101 | R19: 101 | S19: 101 | T19: 101 | U19: 101 | V19: 101 | W19: 101 | X19: 101 | Y19: 101 | Z19: 101 | AA19: 101 | AB19: 101 | AC19: 101 | AD19: 101 | AE19: 101 | AF19: 101 | AG19: 101 | AH19: 101 | AI19: 101 | AJ19: 101 | AK19: 101 | AL19: 101 | AM19: 101 | AN19: 101
A20: 517 | D20: =COUNTIFS(I20:AQ20,">0",I20:AQ20,"<101") -> 0 | E20: =INDIRECT("'Stammdaten - Schwimmer'!F"&(I20+3))+INDIRECT("'Stammdaten - Schwimmer'!F"&(J20+3))+INDIRECT("'Stammdaten - Schwimmer'!F"&(K20+3))+INDIRECT("'Stammdaten - Schwimmer'!F"&(L20+3))+INDIRECT("'Stammdaten - Schwimmer'!F"&(M20+3))+INDIRECT("'Stammdaten - Schwimmer'!F"&(N20+3))+INDIRECT("'Stammdaten - Schwimmer'!F"&O20+3)+INDIRECT("'Stammdaten - Schwimmer'!F"&(P20+3))+INDIRECT("'Stammdaten - Schwimmer'!F"&(Q20+3))+INDIRECT("'Stammdaten - Schwimmer'!F"&(R20+3))+INDIRECT("'Stammdaten - Schwimmer'!F"&(S20+3))+INDIRECT("'Stammdaten - Schwimmer'!F"&(T20+3))+INDIRECT("'Stammdaten - Schwimmer'!F"&(U20+3))+INDIRECT("'Stammdaten - Schwimmer'!F"&(V20+3))+INDIRECT("'Stammdaten - Schwimmer'!F"&(W20+3))+INDIRECT("'Stammdaten - Schwimmer'!F"&(X20+3))+INDIRECT("'Stammdaten - Schwimmer'!F"&(Y20+3))+INDIRECT("'Stammdaten - Schwimmer'!F"&(Z20+3))+INDIRECT("'Stammdaten - Schwimmer'!F"&(AA20+3))+INDIRECT("'Stammdaten - Schwimmer'!F"&(AB20+3))+INDIRECT("'Stammdaten - Schwimmer'!F"&(AC20+3))+INDIRECT("'Stammdaten - Schwimmer'!F"&(AD20+3))+INDIRECT("'Stammdaten - Schwimmer'!F"&(AE20+3))+INDIRECT("'Stammdaten - Schwimmer'!F"&(AF20+3))+INDIRECT("'Stammdaten - Schwimmer'!F"&(AG20+3)) -> 0 | G20: =E20*F20 -> 0 | H20: =IF(D20>0,E20/D20,) -> 0 | I20: 101 | J20: 101 | K20: 101 | L20: 101 | M20: 101 | N20: 101 | O20: 101 | P20: 101 | Q20: 101 | R20: 101 | S20: 101 | T20: 101 | U20: 101 | V20: 101 | W20: 101 | X20: 101 | Y20: 101 | Z20: 101 | AA20: 101 | AB20: 101 | AC20: 101 | AD20: 101 | AE20: 101 | AF20: 101 | AG20: 101 | AH20: 101 | AI20: 101 | AJ20: 101 | AK20: 101 | AL20: 101 | AM20: 101 | AN20: 101
A21: 518 | D21: =COUNTIFS(I21:AQ21,">0",I21:AQ21,"<101") -> 0 | E21: =INDIRECT("'Stammdaten - Schwimmer'!F"&(I21+3))+INDIRECT("'Stammdaten - Schwimmer'!F"&(J21+3))+INDIRECT("'Stammdaten - Schwimmer'!F"&(K21+3))+INDIRECT("'Stammdaten - Schwimmer'!F"&(L21+3))+INDIRECT("'Stammdaten - Schwimmer'!F"&(M21+3))+INDIRECT("'Stammdaten - Schwimmer'!F"&(N21+3))+INDIRECT("'Stammdaten - Schwimmer'!F"&O21+3)+INDIRECT("'Stammdaten - Schwimmer'!F"&(P21+3))+INDIRECT("'Stammdaten - Schwimmer'!F"&(Q21+3))+INDIRECT("'Stammdaten - Schwimmer'!F"&(R21+3))+INDIRECT("'Stammdaten - Schwimmer'!F"&(S21+3))+INDIRECT("'Stammdaten - Schwimmer'!F"&(T21+3))+INDIRECT("'Stammdaten - Schwimmer'!F"&(U21+3))+INDIRECT("'Stammdaten - Schwimmer'!F"&(V21+3))+INDIRECT("'Stammdaten - Schwimmer'!F"&(W21+3))+INDIRECT("'Stammdaten - Schwimmer'!F"&(X21+3))+INDIRECT("'Stammdaten - Schwimmer'!F"&(Y21+3))+INDIRECT("'Stammdaten - Schwimmer'!F"&(Z21+3))+INDIRECT("'Stammdaten - Schwimmer'!F"&(AA21+3))+INDIRECT("'Stammdaten - Schwimmer'!F"&(AB21+3))+INDIRECT("'Stammdaten - Schwimmer'!F"&(AC21+3))+INDIRECT("'Stammdaten - Schwimmer'!F"&(AD21+3))+INDIRECT("'Stammdaten - Schwimmer'!F"&(AE21+3))+INDIRECT("'Stammdaten - Schwimmer'!F"&(AF21+3))+INDIRECT("'Stammdaten - Schwimmer'!F"&(AG21+3)) -> 0 | G21: =E21*F21 -> 0 | H21: =IF(D21>0,E21/D21,) -> 0 | I21: 101 | J21: 101 | K21: 101 | L21: 101 | M21: 101 | N21: 101 | O21: 101 | P21: 101 | Q21: 101 | R21: 101 | S21: 101 | T21: 101 | U21: 101 | V21: 101 | W21: 101 | X21: 101 | Y21: 101 | Z21: 101 | AA21: 101 | AB21: 101 | AC21: 101 | AD21: 101 | AE21: 101 | AF21: 101 | AG21: 101 | AH21: 101 | AI21: 101 | AJ21: 101 | AK21: 101 | AL21: 101 | AM21: 101 | AN21: 101
A22: 519 | D22: =COUNTIFS(I22:AQ22,">0",I22:AQ22,"<101") -> 0 | E22: =INDIRECT("'Stammdaten - Schwimmer'!F"&(I22+3))+INDIRECT("'Stammdaten - Schwimmer'!F"&(J22+3))+INDIRECT("'Stammdaten - Schwimmer'!F"&(K22+3))+INDIRECT("'Stammdaten - Schwimmer'!F"&(L22+3))+INDIRECT("'Stammdaten - Schwimmer'!F"&(M22+3))+INDIRECT("'Stammdaten - Schwimmer'!F"&(N22+3))+INDIRECT("'Stammdaten - Schwimmer'!F"&O22+3)+INDIRECT("'Stammdaten - Schwimmer'!F"&(P22+3))+INDIRECT("'Stammdaten - Schwimmer'!F"&(Q22+3))+INDIRECT("'Stammdaten - Schwimmer'!F"&(R22+3))+INDIRECT("'Stammdaten - Schwimmer'!F"&(S22+3))+INDIRECT("'Stammdaten - Schwimmer'!F"&(T22+3))+INDIRECT("'Stammdaten - Schwimmer'!F"&(U22+3))+INDIRECT("'Stammdaten - Schwimmer'!F"&(V22+3))+INDIRECT("'Stammdaten - Schwimmer'!F"&(W22+3))+INDIRECT("'Stammdaten - Schwimmer'!F"&(X22+3))+INDIRECT("'Stammdaten - Schwimmer'!F"&(Y22+3))+INDIRECT("'Stammdaten - Schwimmer'!F"&(Z22+3))+INDIRECT("'Stammdaten - Schwimmer'!F"&(AA22+3))+INDIRECT("'Stammdaten - Schwimmer'!F"&(AB22+3))+INDIRECT("'Stammdaten - Schwimmer'!F"&(AC22+3))+INDIRECT("'Stammdaten - Schwimmer'!F"&(AD22+3))+INDIRECT("'Stammdaten - Schwimmer'!F"&(AE22+3))+INDIRECT("'Stammdaten - Schwimmer'!F"&(AF22+3))+INDIRECT("'Stammdaten - Schwimmer'!F"&(AG22+3)) -> 0 | G22: =E22*F22 -> 0 | H22: =IF(D22>0,E22/D22,) -> 0 | I22: 101 | J22: 101 | K22: 101 | L22: 101 | M22: 101 | N22: 101 | O22: 101 | P22: 101 | Q22: 101 | R22: 101 | S22: 101 | T22: 101 | U22: 101 | V22: 101 | W22: 101 | X22: 101 | Y22: 101 | Z22: 101 | AA22: 101 | AB22: 101 | AC22: 101 | AD22: 101 | AE22: 101 | AF22: 101 | AG22: 101 | AH22: 101 | AI22: 101 | AJ22: 101 | AK22: 101 | AL22: 101 | AM22: 101 | AN22: 101
A23: 520 | D23: =COUNTIFS(I23:AQ23,">0",I23:AQ23,"<101") -> 0 | E23: =INDIRECT("'Stammdaten - Schwimmer'!F"&(I23+3))+INDIRECT("'Stammdaten - Schwimmer'!F"&(J23+3))+INDIRECT("'Stammdaten - Schwimmer'!F"&(K23+3))+INDIRECT("'Stammdaten - Schwimmer'!F"&(L23+3))+INDIRECT("'Stammdaten - Schwimmer'!F"&(M23+3))+INDIRECT("'Stammdaten - Schwimmer'!F"&(N23+3))+INDIRECT("'Stammdaten - Schwimmer'!F"&O23+3)+INDIRECT("'Stammdaten - Schwimmer'!F"&(P23+3))+INDIRECT("'Stammdaten - Schwimmer'!F"&(Q23+3))+INDIRECT("'Stammdaten - Schwimmer'!F"&(R23+3))+INDIRECT("'Stammdaten - Schwimmer'!F"&(S23+3))+INDIRECT("'Stammdaten - Schwimmer'!F"&(T23+3))+INDIRECT("'Stammdaten - Schwimmer'!F"&(U23+3))+INDIRECT("'Stammdaten - Schwimmer'!F"&(V23+3))+INDIRECT("'Stammdaten - Schwimmer'!F"&(W23+3))+INDIRECT("'Stammdaten - Schwimmer'!F"&(X23+3))+INDIRECT("'Stammdaten - Schwimmer'!F"&(Y23+3))+INDIRECT("'Stammdaten - Schwimmer'!F"&(Z23+3))+INDIRECT("'Stammdaten - Schwimmer'!F"&(AA23+3))+INDIRECT("'Stammdaten - Schwimmer'!F"&(AB23+3))+INDIRECT("'Stammdaten - Schwimmer'!F"&(AC23+3))+INDIRECT("'Stammdaten - Schwimmer'!F"&(AD23+3))+INDIRECT("'Stammdaten - Schwimmer'!F"&(AE23+3))+INDIRECT("'Stammdaten - Schwimmer'!F"&(AF23+3))+INDIRECT("'Stammdaten - Schwimmer'!F"&(AG23+3)) -> 0 | G23: =E23*F23 -> 0 | H23: =IF(D23>0,E23/D23,) -> 0 | I23: 101 | J23: 101 | K23: 101 | L23: 101 | M23: 101 | N23: 101 | O23: 101 | P23: 101 | Q23: 101 | R23: 101 | S23: 101 | T23: 101 | U23: 101 | V23: 101 | W23: 101 | X23: 101 | Y23: 101 | Z23: 101 | AA23: 101 | AB23: 101 | AC23: 101 | AD23: 101 | AE23: 101 | AF23: 101 | AG23: 101 | AH23: 101 | AI23: 101 | AJ23: 101 | AK23: 101 | AL23: 101 | AM23: 101 | AN23: 101
... A53: 550 | D53: =COUNTIFS(I53:AQ53,">0",I53:AQ53,"<101") -> 0 | E53: =INDIRECT("'Stammdaten - Schwimmer'!F"&(I53+3))+INDIRECT("'Stammdaten - Schwimmer'!F"&(J53+3))+INDIRECT("'Stammdaten - Schwimmer'!F"&(K53+3))+INDIRECT("'Stammdaten - Schwimmer'!F"&(L53+3))+INDIRECT("'Stammdaten - Schwimmer'!F"&(M53+3))+INDIRECT("'Stammdaten - Schwimmer'!F"&(N53+3))+INDIRECT("'Stammdaten - Schwimmer'!F"&O53+3)+INDIRECT("'Stammdaten - Schwimmer'!F"&(P53+3))+INDIRECT("'Stammdaten - Schwimmer'!F"&(Q53+3))+INDIRECT("'Stammdaten - Schwimmer'!F"&(R53+3))+INDIRECT("'Stammdaten - Schwimmer'!F"&(S53+3))+INDIRECT("'Stammdaten - Schwimmer'!F"&(T53+3))+INDIRECT("'Stammdaten - Schwimmer'!F"&(U53+3))+INDIRECT("'Stammdaten - Schwimmer'!F"&(V53+3))+INDIRECT("'Stammdaten - Schwimmer'!F"&(W53+3))+INDIRECT("'Stammdaten - Schwimmer'!F"&(X53+3))+INDIRECT("'Stammdaten - Schwimmer'!F"&(Y53+3))+INDIRECT("'Stammdaten - Schwimmer'!F"&(Z53+3))+INDIRECT("'Stammdaten - Schwimmer'!F"&(AA53+3))+INDIRECT("'Stammdaten - Schwimmer'!F"&(AB53+3))+INDIRECT("'Stammdaten - Schwimmer'!F"&(AC53+3))+INDIRECT("'Stammdaten - Schwimmer'!F"&(AD53+3))+INDIRECT("'Stammdaten - Schwimmer'!F"&(AE53+3))+INDIRECT("'Stammdaten - Schwimmer'!F"&(AF53+3))+INDIRECT("'Stammdaten - Schwimmer'!F"&(AG53+3)) -> 0 | G53: =E53*F53 -> 0 | H53: =IF(D53>0,E53/D53,) -> 0 | I53: 101 | J53: 101 | K53: 101 | L53: 101 | M53: 101 | N53: 101 | O53: 101 | P53: 101 | Q53: 101 | R53: 101 | S53: 101 | T53: 101 | U53: 101 | V53: 101 | W53: 101 | X53: 101 | Y53: 101 | Z53: 101 | AA53: 101 | AB53: 101 | AC53: 101 | AD53: 101 | AE53: 101 | AF53: 101 | AG53: 101 | AH53: 101 | AI53: 101 | AJ53: 101 | AK53: 101 | AL53: 101 | AM53: 101 | AN53: 101
A70: Ergebnis: Teams der Gründungsvereine
A72: =A3 -> Team Nummer | B72: =B3 -> Team Name | C72: =C3 -> Verantwortlicher | D72: =D3 -> Gesamt Mitglieder | E72: =E3 -> Gesamtanzahl Bahnen | F72: =F3 -> Spende pro Bahn | G72: =G3 -> Spenden- Betrag | H72: =H3 -> Bahnen pro Mitglied
A74: =A5 -> 502 | B74: =B5 -> DLRG | C74: =C5 -> Thomas Schmid | D74: =D5 -> 11 | E74: =E5 -> 448 | F74: =F5 -> 0.5 | G74: =G5 -> 224 | H74: =H5 -> 40.727273
A75: =A6 -> 503 | B75: =B6 -> TVV Schwimm | C75: =C6 -> Tim Bauer | D75: =D6 -> 13 | E75: =E6 -> 800 | F75: =F6 -> 0.5 | G75: =G6 -> 400 | H75: =H6 -> 61.538462
A76: =A8 -> 505 | B76: =B8 -> Kanu Klub | C76: =C8 -> Michael Fischer | D76: =D8 -> 4 | E76: =E8 -> 292 | F76: =F8 -> 0.5 | G76: =G8 -> 146 | H76: =H8 -> 73

Sheet Ehrungen
A1: Ergebnisse - Ehrungen - TOP 5 Listen (Achtung: gibt’s Probleme bei gleiche Bahnzahlen oder gleiche Geburtstag - nur erster treffer in Liste wird gezeigt)
A3: Meiste Bahnen - Bis 13J | H3: Meiste Bahnen - 14 bis 18J | O3: Meiste Bahnen - Erwachsene
A4: Schwimmer Nummer | B4: Name | C4: Vormname | D4: Spenden Summe | E4: Anzahl Bahnen | H4: Nummer | I4: Name | J4: Vormname | K4: Spenden Summe | L4: Anzahl Bahnen | O4: Nummer | P4: Name | Q4: Vormname | R4: Spenden Summe | S4: Anzahl Bahnen
A5: =INDEX('Spenden-Kalkulation-Schwimmer'!$H$4:$H$103,MATCH(LARGE('Spenden-Kalkulation-Schwimmer'!$L$4:$L$103,ROWS('Spenden-Kalkulation-Schwimmer'!$H$4:H4)),'Spenden-Kalkulation-Schwimmer'!$L$4:$L$103,0)) -> #REF! | B5: =INDEX('Spenden-Kalkulation-Schwimmer'!$I$4:$I$103,MATCH(LARGE('Spenden-Kalkulation-Schwimmer'!$L$4:$L$103,ROWS('Spenden-Kalkulation-Schwimmer'!$I$4:I4)),'Spenden-Kalkulation-Schwimmer'!$L$4:$L$103,0)) -> #REF! | C5: =INDEX('Spenden-Kalkulation-Schwimmer'!$J$4:$J$103,MATCH(LARGE('Spenden-Kalkulation-Schwimmer'!$L$4:$L$103,ROWS('Spenden-Kalkulation-Schwimmer'!$J$4:J4)),'Spenden-Kalkulation-Schwimmer'!$L$4:$L$103,0)) -> #REF! | D5: =INDEX('Spenden-Kalkulation-Schwimmer'!$K$4:$K$103,MATCH(LARGE('Spenden-Kalkulation-Schwimmer'!$L$4:$L$103,ROWS('Spenden-Kalkulation-Schwimmer'!$K$4:K4)),'Spenden-Kalkulation-Schwimmer'!$L$4:$L$103,0)) -> #REF! | E5: =LARGE('Spenden-Kalkulation-Schwimmer'!$L$4:$L$103,ROWS('Spenden-Kalkulation-Schwimmer'!L$4:L4)) -> #REF! | H5: =INDEX('Spenden-Kalkulation-Schwimmer'!$O$4:$O$103,MATCH(LARGE('Spenden-Kalkulation-Schwimmer'!$S$4:$S$103,ROWS('Spenden-Kalkulation-Schwimmer'!$O$4:O4)),'Spenden-Kalkulation-Schwimmer'!$S$4:$S$103,0)) -> #REF! | I5: =INDEX('Spenden-Kalkulation-Schwimmer'!$P$4:$P$103,MATCH(LARGE('Spenden-Kalkulation-Schwimmer'!$S$4:$S$103,ROWS('Spenden-Kalkulation-Schwimmer'!$P$4:P4)),'Spenden-Kalkulation-Schwimmer'!$S$4:$S$103,0)) -> #REF! | J5: =INDEX('Spenden-Kalkulation-Schwimmer'!$Q$4:$Q$103,MATCH(LARGE('Spenden-Kalkulation-Schwimmer'!$S$4:$S$103,ROWS('Spenden-Kalkulation-Schwimmer'!$Q$4:Q4)),'Spenden-Kalkulation-Schwimmer'!$S$4:$S$103,0)) -> #REF! | K5: =INDEX('Spenden-Kalkulation-Schwimmer'!$R$4:$R$103,MATCH(LARGE('Spenden-Kalkulation-Schwimmer'!$S$4:$S$103,ROWS('Spenden-Kalkulation-Schwimmer'!$R$4:R4)),'Spenden-Kalkulation-Schwimmer'!$S$4:$S$103,0)) -> #REF! | L5: =LARGE('Spenden-Kalkulation-Schwimmer'!$S$4:$S$103,ROWS('Spenden-Kalkulation-Schwimmer'!S$4:S4)) -> #REF! | O5: =INDEX('Spenden-Kalkulation-Schwimmer'!$V$4:$V$103,MATCH(LARGE('Spenden-Kalkulation-Schwimmer'!$Z$4:$Z$103,ROWS('Spenden-Kalkulation-Schwimmer'!$V$4:V4)),'Spenden-Kalkulation-Schwimmer'!$Z$4:$Z$103,0)) -> #REF! | P5: =INDEX('Spenden-Kalkulation-Schwimmer'!$W$4:$W$103,MATCH(LARGE('Spenden-Kalkulation-Schwimmer'!$Z$4:$Z$103,ROWS('Spenden-Kalkulation-Schwimmer'!$W$4:W4)),'Spenden-Kalkulation-Schwimmer'!$Z$4:$Z$103,0)) -> #REF! | Q5: =INDEX('Spenden-Kalkulation-Schwimmer'!$X$4:$X$103,MATCH(LARGE('Spenden-Kalkulation-Schwimmer'!$Z$4:$Z$103,ROWS('Spenden-Kalkulation-Schwimmer'!$X$4:X4)),'Spenden-Kalkulation-Schwimmer'!$Z$4:$Z$103,0)) -> #REF! | R5: =INDEX('Spenden-Kalkulation-Schwimmer'!$Y$4:$Y$103,MATCH(LARGE('Spenden-Kalkulation-Schwimmer'!$Z$4:$Z$103,ROWS('Spenden-Kalkulation-Schwimmer'!$Y$4:Y4)),'Spenden-Kalkulation-Schwimmer'!$Z$4:$Z$103,0)) -> #REF! | S5: =LARGE('Spenden-Kalkulation-Schwimmer'!$Z$4:$Z$103,ROWS('Spenden-Kalkulation-Schwimmer'!Z$4:Z4)) -> #REF!
A6: =INDEX('Spenden-Kalkulation-Schwimmer'!$H$4:$H$103,MATCH(LARGE('Spenden-Kalkulation-Schwimmer'!$L$4:$L$103,ROWS('Spenden-Kalkulation-Schwimmer'!$H$4:H5)),'Spenden-Kalkulation-Schwimmer'!$L$4:$L$103,0)) -> #REF! | B6: =INDEX('Spenden-Kalkulation-Schwimmer'!$I$4:$I$103,MATCH(LARGE('Spenden-Kalkulation-Schwimmer'!$L$4:$L$103,ROWS('Spenden-Kalkulation-Schwimmer'!$I$4:I5)),'Spenden-Kalkulation-Schwimmer'!$L$4:$L$103,0)) -> #REF! | C6: =INDEX('Spenden-Kalkulation-Schwimmer'!$J$4:$J$103,MATCH(LARGE('Spenden-Kalkulation-Schwimmer'!$L$4:$L$103,ROWS('Spenden-Kalkulation-Schwimmer'!$J$4:J5)),'Spenden-Kalkulation-Schwimmer'!$L$4:$L$103,0)) -> #REF! | D6: =INDEX('Spenden-Kalkulation-Schwimmer'!$K$4:$K$103,MATCH(LARGE('Spenden-Kalkulation-Schwimmer'!$L$4:$L$103,ROWS('Spenden-Kalkulation-Schwimmer'!$K$4:K5)),'Spenden-Kalkulation-Schwimmer'!$L$4:$L$103,0)) -> #REF! | E6: =LARGE('Spenden-Kalkulation-Schwimmer'!$L$4:$L$103,ROWS('Spenden-Kalkulation-Schwimmer'!L$4:L5)) -> #REF! | H6: =INDEX('Spenden-Kalkulation-Schwimmer'!$O$4:$O$103,MATCH(LARGE('Spenden-Kalkulation-Schwimmer'!$S$4:$S$103,ROWS('Spenden-Kalkulation-Schwimmer'!$O$4:O5)),'Spenden-Kalkulation-Schwimmer'!$S$4:$S$103,0)) -> #REF! | I6: =INDEX('Spenden-Kalkulation-Schwimmer'!$P$4:$P$103,MATCH(LARGE('Spenden-Kalkulation-Schwimmer'!$S$4:$S$103,ROWS('Spenden-Kalkulation-Schwimmer'!$P$4:P5)),'Spenden-Kalkulation-Schwimmer'!$S$4:$S$103,0)) -> #REF! | J6: =INDEX('Spenden-Kalkulation-Schwimmer'!$Q$4:$Q$103,MATCH(LARGE('Spenden-Kalkulation-Schwimmer'!$S$4:$S$103,ROWS('Spenden-Kalkulation-Schwimmer'!$Q$4:Q5)),'Spenden-Kalkulation-Schwimmer'!$S$4:$S$103,0)) -> #REF! | K6: =INDEX('Spenden-Kalkulation-Schwimmer'!$R$4:$R$103,MATCH(LARGE('Spenden-Kalkulation-Schwimmer'!$S$4:$S$103,ROWS('Spenden-Kalkulation-Schwimmer'!$R$4:R5)),'Spenden-Kalkulation-Schwimmer'!$S$4:$S$103,0)) -> #REF! | L6: =LARGE('Spenden-Kalkulation-Schwimmer'!$S$4:$S$103,ROWS('Spenden-Kalkulation-Schwimmer'!S$4:S5)) -> #REF! | O6: =INDEX('Spenden-Kalkulation-Schwimmer'!$V$4:$V$103,MATCH(LARGE('Spenden-Kalkulation-Schwimmer'!$Z$4:$Z$103,ROWS('Spenden-Kalkulation-Schwimmer'!$V$4:V5)),'Spenden-Kalkulation-Schwimmer'!$Z$4:$Z$103,0)) -> #REF! | P6: =INDEX('Spenden-Kalkulation-Schwimmer'!$W$4:$W$103,MATCH(LARGE('Spenden-Kalkulation-Schwimmer'!$Z$4:$Z$103,ROWS('Spenden-Kalkulation-Schwimmer'!$W$4:W5)),'Spenden-Kalkulation-Schwimmer'!$Z$4:$Z$103,0)) -> #REF! | Q6: =INDEX('Spenden-Kalkulation-Schwimmer'!$X$4:$X$103,MATCH(LARGE('Spenden-Kalkulation-Schwimmer'!$Z$4:$Z$103,ROWS('Spenden-Kalkulation-Schwimmer'!$X$4:X5)),'Spenden-Kalkulation-Schwimmer'!$Z$4:$Z$103,0)) -> #REF! | R6: =INDEX('Spenden-Kalkulation-Schwimmer'!$Y$4:$Y$103,MATCH(LARGE('Spenden-Kalkulation-Schwimmer'!$Z$4:$Z$103,ROWS('Spenden-Kalkulation-Schwimmer'!$Y$4:Y5)),'Spenden-Kalkulation-Schwimmer'!$Z$4:$Z$103,0)) -> #REF! | S6: =LARGE('Spenden-Kalkulation-Schwimmer'!$Z$4:$Z$103,ROWS('Spenden-Kalkulation-Schwimmer'!Z$4:Z5)) -> #REF!
A7: =INDEX('Spenden-Kalkulation-Schwimmer'!$H$4:$H$103,MATCH(LARGE('Spenden-Kalkulation-Schwimmer'!$L$4:$L$103,ROWS('Spenden-Kalkulation-Schwimmer'!$H$4:H6)),'Spenden-Kalkulation-Schwimmer'!$L$4:$L$103,0)) -> #REF! | B7: =INDEX('Spenden-Kalkulation-Schwimmer'!$I$4:$I$103,MATCH(LARGE('Spenden-Kalkulation-Schwimmer'!$L$4:$L$103,ROWS('Spenden-Kalkulation-Schwimmer'!$I$4:I6)),'Spenden-Kalkulation-Schwimmer'!$L$4:$L$103,0)) -> #REF! | C7: =INDEX('Spenden-Kalkulation-Schwimmer'!$J$4:$J$103,MATCH(LARGE('Spenden-Kalkulation-Schwimmer'!$L$4:$L$103,ROWS('Spenden-Kalkulation-Schwimmer'!$J$4:J6)),'Spenden-Kalkulation-Schwimmer'!$L$4:$L$103,0)) -> #REF! | D7: =INDEX('Spenden-Kalkulation-Schwimmer'!$K$4:$K$103,MATCH(LARGE('Spenden-Kalkulation-Schwimmer'!$L$4:$L$103,ROWS('Spenden-Kalkulation-Schwimmer'!$K$4:K6)),'Spenden-Kalkulation-Schwimmer'!$L$4:$L$103,0)) -> #REF! | E7: =LARGE('Spenden-Kalkulation-Schwimmer'!$L$4:$L$103,ROWS('Spenden-Kalkulation-Schwimmer'!L$4:L6)) -> #REF! | H7: =INDEX('Spenden-Kalkulation-Schwimmer'!$O$4:$O$103,MATCH(LARGE('Spenden-Kalkulation-Schwimmer'!$S$4:$S$103,ROWS('Spenden-Kalkulation-Schwimmer'!$O$4:O6)),'Spenden-Kalkulation-Schwimmer'!$S$4:$S$103,0)) -> #REF! | I7: =INDEX('Spenden-Kalkulation-Schwimmer'!$P$4:$P$103,MATCH(LARGE('Spenden-Kalkulation-Schwimmer'!$S$4:$S$103,ROWS('Spenden-Kalkulation-Schwimmer'!$P$4:P6)),'Spenden-Kalkulation-Schwimmer'!$S$4:$S$103,0)) -> #REF! | J7: =INDEX('Spenden-Kalkulation-Schwimmer'!$Q$4:$Q$103,MATCH(LARGE('Spenden-Kalkulation-Schwimmer'!$S$4:$S$103,ROWS('Spenden-Kalkulation-Schwimmer'!$Q$4:Q6)),'Spenden-Kalkulation-Schwimmer'!$S$4:$S$103,0)) -> #REF! | K7: =INDEX('Spenden-Kalkulation-Schwimmer'!$R$4:$R$103,MATCH(LARGE('Spenden-Kalkulation-Schwimmer'!$S$4:$S$103,ROWS('Spenden-Kalkulation-Schwimmer'!$R$4:R6)),'Spenden-Kalkulation-Schwimmer'!$S$4:$S$103,0)) -> #REF! | L7: =LARGE('Spenden-Kalkulation-Schwimmer'!$S$4:$S$103,ROWS('Spenden-Kalkulation-Schwimmer'!S$4:S6)) -> #REF! | O7: =INDEX('Spenden-Kalkulation-Schwimmer'!$V$4:$V$103,MATCH(LARGE('Spenden-Kalkulation-Schwimmer'!$Z$4:$Z$103,ROWS('Spenden-Kalkulation-Schwimmer'!$V$4:V6)),'Spenden-Kalkulation-Schwimmer'!$Z$4:$Z$103,0)) -> #REF! | P7: =INDEX('Spenden-Kalkulation-Schwimmer'!$W$4:$W$103,MATCH(LARGE('Spenden-Kalkulation-Schwimmer'!$Z$4:$Z$103,ROWS('Spenden-Kalkulation-Schwimmer'!$W$4:W6)),'Spenden-Kalkulation-Schwimmer'!$Z$4:$Z$103,0)) -> #REF! | Q7: =INDEX('Spenden-Kalkulation-Schwimmer'!$X$4:$X$103,MATCH(LARGE('Spenden-Kalkulation-Schwimmer'!$Z$4:$Z$103,ROWS('Spenden-Kalkulation-Schwimmer'!$X$4:X6)),'Spenden-Kalkulation-Schwimmer'!$Z$4:$Z$103,0)) -> #REF! | R7: =INDEX('Spenden-Kalkulation-Schwimmer'!$Y$4:$Y$103,MATCH(LARGE('Spenden-Kalkulation-Schwimmer'!$Z$4:$Z$103,ROWS('Spenden-Kalkulation-Schwimmer'!$Y$4:Y6)),'Spenden-Kalkulation-Schwimmer'!$Z$4:$Z$103,0)) -> #REF! | S7: =LARGE('Spenden-Kalkulation-Schwimmer'!$Z$4:$Z$103,ROWS('Spenden-Kalkulation-Schwimmer'!Z$4:Z6)) -> #REF!
A8: =INDEX('Spenden-Kalkulation-Schwimmer'!$H$4:$H$103,MATCH(LARGE('Spenden-Kalkulation-Schwimmer'!$L$4:$L$103,ROWS('Spenden-Kalkulation-Schwimmer'!$H$4:H7)),'Spenden-Kalkulation-Schwimmer'!$L$4:$L$103,0)) -> #REF! | B8: =INDEX('Spenden-Kalkulation-Schwimmer'!$I$4:$I$103,MATCH(LARGE('Spenden-Kalkulation-Schwimmer'!$L$4:$L$103,ROWS('Spenden-Kalkulation-Schwimmer'!$I$4:I7)),'Spenden-Kalkulation-Schwimmer'!$L$4:$L$103,0)) -> #REF! | C8: =INDEX('Spenden-Kalkulation-Schwimmer'!$J$4:$J$103,MATCH(LARGE('Spenden-Kalkulation-Schwimmer'!$L$4:$L$103,ROWS('Spenden-Kalkulation-Schwimmer'!$J$4:J7)),'Spenden-Kalkulation-Schwimmer'!$L$4:$L$103,0)) -> #REF! | D8: =INDEX('Spenden-Kalkulation-Schwimmer'!$K$4:$K$103,MATCH(LARGE('Spenden-Kalkulation-Schwimmer'!$L$4:$L$103,ROWS('Spenden-Kalkulation-Schwimmer'!$K$4:K7)),'Spenden-Kalkulation-Schwimmer'!$L$4:$L$103,0)) -> #REF! | E8: =LARGE('Spenden-Kalkulation-Schwimmer'!$L$4:$L$103,ROWS('Spenden-Kalkulation-Schwimmer'!L$4:L7)) -> #REF! | H8: =INDEX('Spenden-Kalkulation-Schwimmer'!$O$4:$O$103,MATCH(LARGE('Spenden-Kalkulation-Schwimmer'!$S$4:$S$103,ROWS('Spenden-Kalkulation-Schwimmer'!$O$4:O7)),'Spenden-Kalkulation-Schwimmer'!$S$4:$S$103,0)) -> #REF! | I8: =INDEX('Spenden-Kalkulation-Schwimmer'!$P$4:$P$103,MATCH(LARGE('Spenden-Kalkulation-Schwimmer'!$S$4:$S$103,ROWS('Spenden-Kalkulation-Schwimmer'!$P$4:P7)),'Spenden-Kalkulation-Schwimmer'!$S$4:$S$103,0)) -> #REF! | J8: =INDEX('Spenden-Kalkulation-Schwimmer'!$Q$4:$Q$103,MATCH(LARGE('Spenden-Kalkulation-Schwimmer'!$S$4:$S$103,ROWS('Spenden-Kalkulation-Schwimmer'!$Q$4:Q7)),'Spenden-Kalkulation-Schwimmer'!$S$4:$S$103,0)) -> #REF! | K8: =INDEX('Spenden-Kalkulation-Schwimmer'!$R$4:$R$103,MATCH(LARGE('Spenden-Kalkulation-Schwimmer'!$S$4:$S$103,ROWS('Spenden-Kalkulation-Schwimmer'!$R$4:R7)),'Spenden-Kalkulation-Schwimmer'!$S$4:$S$103,0)) -> #REF! | L8: =LARGE('Spenden-Kalkulation-Schwimmer'!$S$4:$S$103,ROWS('Spenden-Kalkulation-Schwimmer'!S$4:S7)) -> #REF! | O8: =INDEX('Spenden-Kalkulation-Schwimmer'!$V$4:$V$103,MATCH(LARGE('Spenden-Kalkulation-Schwimmer'!$Z$4:$Z$103,ROWS('Spenden-Kalkulation-Schwimmer'!$V$4:V7)),'Spenden-Kalkulation-Schwimmer'!$Z$4:$Z$103,0)) -> #REF! | P8: =INDEX('Spenden-Kalkulation-Schwimmer'!$W$4:$W$103,MATCH(LARGE('Spenden-Kalkulation-Schwimmer'!$Z$4:$Z$103,ROWS('Spenden-Kalkulation-Schwimmer'!$W$4:W7)),'Spenden-Kalkulation-Schwimmer'!$Z$4:$Z$103,0)) -> #REF! | Q8: =INDEX('Spenden-Kalkulation-Schwimmer'!$X$4:$X$103,MATCH(LARGE('Spenden-Kalkulation-Schwimmer'!$Z$4:$Z$103,ROWS('Spenden-Kalkulation-Schwimmer'!$X$4:X7)),'Spenden-Kalkulation-Schwimmer'!$Z$4:$Z$103,0)) -> #REF! | R8: =INDEX('Spenden-Kalkulation-Schwimmer'!$Y$4:$Y$103,MATCH(LARGE('Spenden-Kalkulation-Schwimmer'!$Z$4:$Z$103,ROWS('Spenden-Kalkulation-Schwimmer'!$Y$4:Y7)),'Spenden-Kalkulation-Schwimmer'!$Z$4:$Z$103,0)) -> #REF! | S8: =LARGE('Spenden-Kalkulation-Schwimmer'!$Z$4:$Z$103,ROWS('Spenden-Kalkulation-Schwimmer'!Z$4:Z7)) -> #REF!
A9: =INDEX('Spenden-Kalkulation-Schwimmer'!$H$4:$H$103,MATCH(LARGE('Spenden-Kalkulation-Schwimmer'!$L$4:$L$103,ROWS('Spenden-Kalkulation-Schwimmer'!$H$4:H8)),'Spenden-Kalkulation-Schwimmer'!$L$4:$L$103,0)) -> #REF! | B9: =INDEX('Spenden-Kalkulation-Schwimmer'!$I$4:$I$103,MATCH(LARGE('Spenden-Kalkulation-Schwimmer'!$L$4:$L$103,ROWS('Spenden-Kalkulation-Schwimmer'!$I$4:I8)),'Spenden-Kalkulation-Schwimmer'!$L$4:$L$103,0)) -> #REF! | C9: =INDEX('Spenden-Kalkulation-Schwimmer'!$J$4:$J$103,MATCH(LARGE('Spenden-Kalkulation-Schwimmer'!$L$4:$L$103,ROWS('Spenden-Kalkulation-Schwimmer'!$J$4:J8)),'Spenden-Kalkulation-Schwimmer'!$L$4:$L$103,0)) -> #REF! | D9: =INDEX('Spenden-Kalkulation-Schwimmer'!$K$4:$K$103,MATCH(LARGE('Spenden-Kalkulation-Schwimmer'!$L$4:$L$103,ROWS('Spenden-Kalkulation-Schwimmer'!$K$4:K8)),'Spenden-Kalkulation-Schwimmer'!$L$4:$L$103,0)) -> #REF! | E9: =LARGE('Spenden-Kalkulation-Schwimmer'!$L$4:$L$103,ROWS('Spenden-Kalkulation-Schwimmer'!L$4:L8)) -> #REF! | H9: =INDEX('Spenden-Kalkulation-Schwimmer'!$O$4:$O$103,MATCH(LARGE('Spenden-Kalkulation-Schwimmer'!$S$4:$S$103,ROWS('Spenden-Kalkulation-Schwimmer'!$O$4:O8)),'Spenden-Kalkulation-Schwimmer'!$S$4:$S$103,0)) -> #REF! | I9: =INDEX('Spenden-Kalkulation-Schwimmer'!$P$4:$P$103,MATCH(LARGE('Spenden-Kalkulation-Schwimmer'!$S$4:$S$103,ROWS('Spenden-Kalkulation-Schwimmer'!$P$4:P8)),'Spenden-Kalkulation-Schwimmer'!$S$4:$S$103,0)) -> #REF! | J9: =INDEX('Spenden-Kalkulation-Schwimmer'!$Q$4:$Q$103,MATCH(LARGE('Spenden-Kalkulation-Schwimmer'!$S$4:$S$103,ROWS('Spenden-Kalkulation-Schwimmer'!$Q$4:Q8)),'Spenden-Kalkulation-Schwimmer'!$S$4:$S$103,0)) -> #REF! | K9: =INDEX('Spenden-Kalkulation-Schwimmer'!$R$4:$R$103,MATCH(LARGE('Spenden-Kalkulation-Schwimmer'!$S$4:$S$103,ROWS('Spenden-Kalkulation-Schwimmer'!$R$4:R8)),'Spenden-Kalkulation-Schwimmer'!$S$4:$S$103,0)) -> #REF! | L9: =LARGE('Spenden-Kalkulation-Schwimmer'!$S$4:$S$103,ROWS('Spenden-Kalkulation-Schwimmer'!S$4:S8)) -> #REF! | O9: =INDEX('Spenden-Kalkulation-Schwimmer'!$V$4:$V$103,MATCH(LARGE('Spenden-Kalkulation-Schwimmer'!$Z$4:$Z$103,ROWS('Spenden-Kalkulation-Schwimmer'!$V$4:V8)),'Spenden-Kalkulation-Schwimmer'!$Z$4:$Z$103,0)) -> #REF! | P9: =INDEX('Spenden-Kalkulation-Schwimmer'!$W$4:$W$103,MATCH(LARGE('Spenden-Kalkulation-Schwimmer'!$Z$4:$Z$103,ROWS('Spenden-Kalkulation-Schwimmer'!$W$4:W8)),'Spenden-Kalkulation-Schwimmer'!$Z$4:$Z$103,0)) -> #REF! | Q9: =INDEX('Spenden-Kalkulation-Schwimmer'!$X$4:$X$103,MATCH(LARGE('Spenden-Kalkulation-Schwimmer'!$Z$4:$Z$103,ROWS('Spenden-Kalkulation-Schwimmer'!$X$4:X8)),'Spenden-Kalkulation-Schwimmer'!$Z$4:$Z$103,0)) -> #REF! | R9: =INDEX('Spenden-Kalkulation-Schwimmer'!$Y$4:$Y$103,MATCH(LARGE('Spenden-Kalkulation-Schwimmer'!$Z$4:$Z$103,ROWS('Spenden-Kalkulation-Schwimmer'!$Y$4:Y8)),'Spenden-Kalkulation-Schwimmer'!$Z$4:$Z$103,0)) -> #REF! | S9: =LARGE('Spenden-Kalkulation-Schwimmer'!$Z$4:$Z$103,ROWS('Spenden-Kalkulation-Schwimmer'!Z$4:Z8)) -> #REF!
A18: Meiste Bahnen - Mannschaft | H18: Meiste Bahnen pro Mannschaftsmitglied
A19: Nummer | B19: Name | C19: Vormname | D19: Anzahl Mitglieder | E19: Anzahl Bahnen | F19: Spenden Summe | H19: Nummer | I19: Name | J19: Vormname | K19: Anzahl Mitglieder | L19: Bahnen pro Mitglied | M19: Spenden Summe
A20: =INDEX('Stammdaten Teams'!$A$4:$A$102,MATCH(LARGE('Stammdaten Teams'!$E$4:$E$102,ROWS('Stammdaten Teams'!$A$4:A4)),'Stammdaten Teams'!$E$4:$E$102,0)) -> 503 | B20: =INDEX('Stammdaten Teams'!$B$4:$B$102,MATCH(LARGE('Stammdaten Teams'!$E$4:$E$102,ROWS('Stammdaten Teams'!$B$4:B4)),'Stammdaten Teams'!$E$4:$E$102,0)) -> TVV Schwimm | C20: =INDEX('Stammdaten Teams'!$C$4:$C$102,MATCH(LARGE('Stammdaten Teams'!$E$4:$E$102,ROWS('Stammdaten Teams'!$C$4:C4)),'Stammdaten Teams'!$E$4:$E$102,0)) -> Tim Bauer | D20: =INDEX('Stammdaten Teams'!$D$4:$D$102,MATCH(LARGE('Stammdaten Teams'!$E$4:$E$102,ROWS('Stammdaten Teams'!$D$4:D4)),'Stammdaten Teams'!$E$4:$E$102,0)) -> 13 | E20: =LARGE('Stammdaten Teams'!$E$4:$E$102,ROWS('Stammdaten Teams'!E$4:E4)) -> 800 | F20: =INDEX('Stammdaten Teams'!$G$4:$G$102,MATCH(LARGE('Stammdaten Teams'!$E$4:$E$102,ROWS('Stammdaten Teams'!$G$4:G4)),'Stammdaten Teams'!$E$4:$E$102,0)) -> 400 | H20: =INDEX('Stammdaten Teams'!$A$4:$A$102,MATCH(LARGE('Stammdaten Teams'!$H$4:$H$102,ROWS('Stammdaten Teams'!$A$4:A4)),'Stammdaten Teams'!$H$4:$H$102,0)) -> 505 | I20: =INDEX('Stammdaten Teams'!$B$4:$B$102,MATCH(LARGE('Stammdaten Teams'!$H$4:$H$102,ROWS('Stammdaten Teams'!$B$4:B4)),'Stammdaten Teams'!$H$4:$H$102,0)) -> Kanu Klub | J20: =INDEX('Stammdaten Teams'!$C$4:$C$102,MATCH(LARGE('Stammdaten Teams'!$H$4:$H$102,ROWS('Stammdaten Teams'!$C$4:C4)),'Stammdaten Teams'!$H$4:$H$102,0)) -> Michael Fischer | K20: =INDEX('Stammdaten Teams'!$D$4:$D$102,MATCH(LARGE('Stammdaten Teams'!$H$4:$H$102,ROWS('Stammdaten Teams'!$D$4:D4)),'Stammdaten Teams'!$H$4:$H$102,0)) -> 4 | L20: =LARGE('Stammdaten Teams'!$H$4:$H$102,ROWS('Stammdaten Teams'!H$4:H4)) -> 73 | M20: =INDEX('Stammdaten Teams'!$G$4:$G$102,MATCH(LARGE('Stammdaten Teams'!$H$4:$H$102,ROWS('Stammdaten Teams'!$G$4:G4)),'Stammdaten Teams'!$H$4:$H$102,0)) -> 146
A21: =INDEX('Stammdaten Teams'!$A$4:$A$102,MATCH(LARGE('Stammdaten Teams'!$E$4:$E$102,ROWS('Stammdaten Teams'!$A$4:A5)),'Stammdaten Teams'!$E$4:$E$102,0)) -> 503 | B21: =INDEX('Stammdaten Teams'!$B$4:$B$102,MATCH(LARGE('Stammdaten Teams'!$E$4:$E$102,ROWS('Stammdaten Teams'!$B$4:B5)),'Stammdaten Teams'!$E$4:$E$102,0)) -> TVV Schwimm | C21: =INDEX('Stammdaten Teams'!$C$4:$C$102,MATCH(LARGE('Stammdaten Teams'!$E$4:$E$102,ROWS('Stammdaten Teams'!$C$4:C5)),'Stammdaten Teams'!$E$4:$E$102,0)) -> Tim Bauer | D21: =INDEX('Stammdaten Teams'!$D$4:$D$102,MATCH(LARGE('Stammdaten Teams'!$E$4:$E$102,ROWS('Stammdaten Teams'!$D$4:D5)),'Stammdaten Teams'!$E$4:$E$102,0)) -> 13 | E21: =LARGE('Stammdaten Teams'!$E$4:$E$102,ROWS('Stammdaten Teams'!E$4:E5)) -> 800 | F21: =INDEX('Stammdaten Teams'!$G$4:$G$102,MATCH(LARGE('Stammdaten Teams'!$E$4:$E$102,ROWS('Stammdaten Teams'!$G$4:G5)),'Stammdaten Teams'!$E$4:$E$102,0)) -> 400 | H21: =INDEX('Stammdaten Teams'!$A$4:$A$102,MATCH(LARGE('Stammdaten Teams'!$H$4:$H$102,ROWS('Stammdaten Teams'!$A$4:A5)),'Stammdaten Teams'!$H$4:$H$102,0)) -> 505 | I21: =INDEX('Stammdaten Teams'!$B$4:$B$102,MATCH(LARGE('Stammdaten Teams'!$H$4:$H$102,ROWS('Stammdaten Teams'!$B$4:B5)),'Stammdaten Teams'!$H$4:$H$102,0)) -> Kanu Klub | J21: =INDEX('Stammdaten Teams'!$C$4:$C$102,MATCH(LARGE('Stammdaten Teams'!$H$4:$H$102,ROWS('Stammdaten Teams'!$C$4:C5)),'Stammdaten Teams'!$H$4:$H$102,0)) -> Michael Fischer | K21: =INDEX('Stammdaten Teams'!$D$4:$D$102,MATCH(LARGE('Stammdaten Teams'!$H$4:$H$102,ROWS('Stammdaten Teams'!$D$4:D5)),'Stammdaten Teams'!$H$4:$H$102,0)) -> 4 | L21: =LARGE('Stammdaten Teams'!$H$4:$H$102,ROWS('Stammdaten Teams'!H$4:H5)) -> 73 | M21: =INDEX('Stammdaten Teams'!$G$4:$G$102,MATCH(LARGE('Stammdaten Teams'!$H$4:$H$102,ROWS('Stammdaten Teams'!$G$4:G5)),'Stammdaten Teams'!$H$4:$H$102,0)) -> 146
A22: =INDEX('Stammdaten Teams'!$A$4:$A$102,MATCH(LARGE('Stammdaten Teams'!$E$4:$E$102,ROWS('Stammdaten Teams'!$A$4:A6)),'Stammdaten Teams'!$E$4:$E$102,0)) -> 502 | B22: =INDEX('Stammdaten Teams'!$B$4:$B$102,MATCH(LARGE('Stammdaten Teams'!$E$4:$E$102,ROWS('Stammdaten Teams'!$B$4:B6)),'Stammdaten Teams'!$E$4:$E$102,0)) -> DLRG | C22: =INDEX('Stammdaten Teams'!$C$4:$C$102,MATCH(LARGE('Stammdaten Teams'!$E$4:$E$102,ROWS('Stammdaten Teams'!$C$4:C6)),'Stammdaten Teams'!$E$4:$E$102,0)) -> Thomas Schmid | D22: =INDEX('Stammdaten Teams'!$D$4:$D$102,MATCH(LARGE('Stammdaten Teams'!$E$4:$E$102,ROWS('Stammdaten Teams'!$D$4:D6)),'Stammdaten Teams'!$E$4:$E$102,0)) -> 11 | E22: =LARGE('Stammdaten Teams'!$E$4:$E$102,ROWS('Stammdaten Teams'!E$4:E6)) -> 448 | F22: =INDEX('Stammdaten Teams'!$G$4:$G$102,MATCH(LARGE('Stammdaten Teams'!$E$4:$E$102,ROWS('Stammdaten Teams'!$G$4:G6)),'Stammdaten Teams'!$E$4:$E$102,0)) -> 224 | H22: =INDEX('Stammdaten Teams'!$A$4:$A$102,MATCH(LARGE('Stammdaten Teams'!$H$4:$H$102,ROWS('Stammdaten Teams'!$A$4:A6)),'Stammdaten Teams'!$H$4:$H$102,0)) -> 503 | I22: =INDEX('Stammdaten Teams'!$B$4:$B$102,MATCH(LARGE('Stammdaten Teams'!$H$4:$H$102,ROWS('Stammdaten Teams'!$B$4:B6)),'Stammdaten Teams'!$H$4:$H$102,0)) -> TVV Schwimm | J22: =INDEX('Stammdaten Teams'!$C$4:$C$102,MATCH(LARGE('Stammdaten Teams'!$H$4:$H$102,ROWS('Stammdaten Teams'!$C$4:C6)),'Stammdaten Teams'!$H$4:$H$102,0)) -> Tim Bauer | K22: =INDEX('Stammdaten Teams'!$D$4:$D$102,MATCH(LARGE('Stammdaten Teams'!$H$4:$H$102,ROWS('Stammdaten Teams'!$D$4:D6)),'Stammdaten Teams'!$H$4:$H$102,0)) -> 13 | L22: =LARGE('Stammdaten Teams'!$H$4:$H$102,ROWS('Stammdaten Teams'!H$4:H6)) -> 61.538462 | M22: =INDEX('Stammdaten Teams'!$G$4:$G$102,MATCH(LARGE('Stammdaten Teams'!$H$4:$H$102,ROWS('Stammdaten Teams'!$G$4:G6)),'Stammdaten Teams'!$H$4:$H$102,0)) -> 400
A23: =INDEX('Stammdaten Teams'!$A$4:$A$102,MATCH(LARGE('Stammdaten Teams'!$E$4:$E$102,ROWS('Stammdaten Teams'!$A$4:A7)),'Stammdaten Teams'!$E$4:$E$102,0)) -> 502 | B23: =INDEX('Stammdaten Teams'!$B$4:$B$102,MATCH(LARGE('Stammdaten Teams'!$E$4:$E$102,ROWS('Stammdaten Teams'!$B$4:B7)),'Stammdaten Teams'!$E$4:$E$102,0)) -> DLRG | C23: =INDEX('Stammdaten Teams'!$C$4:$C$102,MATCH(LARGE('Stammdaten Teams'!$E$4:$E$102,ROWS('Stammdaten Teams'!$C$4:C7)),'Stammdaten Teams'!$E$4:$E$102,0)) -> Thomas Schmid | D23: =INDEX('Stammdaten Teams'!$D$4:$D$102,MATCH(LARGE('Stammdaten Teams'!$E$4:$E$102,ROWS('Stammdaten Teams'!$D$4:D7)),'Stammdaten Teams'!$E$4:$E$102,0)) -> 11 | E23: =LARGE('Stammdaten Teams'!$E$4:$E$102,ROWS('Stammdaten Teams'!E$4:E7)) -> 448 | F23: =INDEX('Stammdaten Teams'!$G$4:$G$102,MATCH(LARGE('Stammdaten Teams'!$E$4:$E$102,ROWS('Stammdaten Teams'!$G$4:G7)),'Stammdaten Teams'!$E$4:$E$102,0)) -> 224 | H23: =INDEX('Stammdaten Teams'!$A$4:$A$102,MATCH(LARGE('Stammdaten Teams'!$H$4:$H$102,ROWS('Stammdaten Teams'!$A$4:A7)),'Stammdaten Teams'!$H$4:$H$102,0)) -> 503 | I23: =INDEX('Stammdaten Teams'!$B$4:$B$102,MATCH(LARGE('Stammdaten Teams'!$H$4:$H$102,ROWS('Stammdaten Teams'!$B$4:B7)),'Stammdaten Teams'!$H$4:$H$102,0)) -> TVV Schwimm | J23: =INDEX('Stammdaten Teams'!$C$4:$C$102,MATCH(LARGE('Stammdaten Teams'!$H$4:$H$102,ROWS('Stammdaten Teams'!$C$4:C7)),'Stammdaten Teams'!$H$4:$H$102,0)) -> Tim Bauer | K23: =INDEX('Stammdaten Teams'!$D$4:$D$102,MATCH(LARGE('Stammdaten Teams'!$H$4:$H$102,ROWS('Stammdaten Teams'!$D$4:D7)),'Stammdaten Teams'!$H$4:$H$102,0)) -> 13 | L23: =LARGE('Stammdaten Teams'!$H$4:$H$102,ROWS('Stammdaten Teams'!H$4:H7)) -> 61.538462 | M23: =INDEX('Stammdaten Teams'!$G$4:$G$102,MATCH(LARGE('Stammdaten Teams'!$H$4:$H$102,ROWS('Stammdaten Teams'!$G$4:G7)),'Stammdaten Teams'!$H$4:$H$102,0)) -> 400
A24: =INDEX('Stammdaten Teams'!$A$4:$A$102,MATCH(LARGE('Stammdaten Teams'!$E$4:$E$102,ROWS('Stammdaten Teams'!$A$4:A8)),'Stammdaten Teams'!$E$4:$E$102,0)) -> 505 | B24: =INDEX('Stammdaten Teams'!$B$4:$B$102,MATCH(LARGE('Stammdaten Teams'!$E$4:$E$102,ROWS('Stammdaten Teams'!$B$4:B8)),'Stammdaten Teams'!$E$4:$E$102,0)) -> Kanu Klub | C24: =INDEX('Stammdaten Teams'!$C$4:$C$102,MATCH(LARGE('Stammdaten Teams'!$E$4:$E$102,ROWS('Stammdaten Teams'!$C$4:C8)),'Stammdaten Teams'!$E$4:$E$102,0)) -> Michael Fischer | D24: =INDEX('Stammdaten Teams'!$D$4:$D$102,MATCH(LARGE('Stammdaten Teams'!$E$4:$E$102,ROWS('Stammdaten Teams'!$D$4:D8)),'Stammdaten Teams'!$E$4:$E$102,0)) -> 4 | E24: =LARGE('Stammdaten Teams'!$E$4:$E$102,ROWS('Stammdaten Teams'!E$4:E8)) -> 292 | F24: =INDEX('Stammdaten Teams'!$G$4:$G$102,MATCH(LARGE('Stammdaten Teams'!$E$4:$E$102,ROWS('Stammdaten Teams'!$G$4:G8)),'Stammdaten Teams'!$E$4:$E$102,0)) -> 146 | H24: =INDEX('Stammdaten Teams'!$A$4:$A$102,MATCH(LARGE('Stammdaten Teams'!$H$4:$H$102,ROWS('Stammdaten Teams'!$A$4:A8)),'Stammdaten Teams'!$H$4:$H$102,0)) -> 502 | I24: =INDEX('Stammdaten Teams'!$B$4:$B$102,MATCH(LARGE('Stammdaten Teams'!$H$4:$H$102,ROWS('Stammdaten Teams'!$B$4:B8)),'Stammdaten Teams'!$H$4:$H$102,0)) -> DLRG | J24: =INDEX('Stammdaten Teams'!$C$4:$C$102,MATCH(LARGE('Stammdaten Teams'!$H$4:$H$102,ROWS('Stammdaten Teams'!$C$4:C8)),'Stammdaten Teams'!$H$4:$H$102,0)) -> Thomas Schmid | K24: =INDEX('Stammdaten Teams'!$D$4:$D$102,MATCH(LARGE('Stammdaten Teams'!$H$4:$H$102,ROWS('Stammdaten Teams'!$D$4:D8)),'Stammdaten Teams'!$H$4:$H$102,0)) -> 11 | L24: =LARGE('Stammdaten Teams'!$H$4:$H$102,ROWS('Stammdaten Teams'!H$4:H8)) -> 40.727273 | M24: =INDEX('Stammdaten Teams'!$G$4:$G$102,MATCH(LARGE('Stammdaten Teams'!$H$4:$H$102,ROWS('Stammdaten Teams'!$G$4:G8)),'Stammdaten Teams'!$H$4:$H$102,0)) -> 224
T29: =#REF! -> #REF!
T30: ='Spenden-Kalkulation-Schwimmer'!D8 -> 171
A31: Jüngsten Schwimmer | H31: Ältesten Schwimmer
A32: Schwimmer Nummer | B32: Name | C32: Vormname | D32: Geburtstag | E32: Spenden Summe | F32: Anzahl Bahnen | H32: Nummer | I32: Name | J32: Vormname | K32: Geburtstag | L32: Spenden Summe | M32: Anzahl Bahnen
A33: =INDEX('Stammdaten - Schwimmer'!$A$4:$A$99,MATCH(LARGE('Stammdaten - Schwimmer'!$D$4:$D$99,ROWS(#REF!)),'Stammdaten - Schwimmer'!$D$4:$D$99,0)) -> #REF! | B33: =INDEX('Stammdaten - Schwimmer'!$B$4:$B$99,MATCH(LARGE('Stammdaten - Schwimmer'!$D$4:$D$99,ROWS(#REF!)),'Stammdaten - Schwimmer'!$D$4:$D$99,0)) -> #REF! | C33: =INDEX('Stammdaten - Schwimmer'!$C$4:$C$99,MATCH(LARGE('Stammdaten - Schwimmer'!$D$4:$D$99,ROWS(#REF!)),'Stammdaten - Schwimmer'!$D$4:$D$99,0)) -> #REF! | D33: =LARGE('Stammdaten - Schwimmer'!$D$4:$D$99,ROWS(#REF!)) -> #REF! | E33: =INDEX('Spenden-Kalkulation-Schwimmer'!$D$4:$D$103,MATCH(LARGE('Stammdaten - Schwimmer'!$D$4:$D$99,ROWS('Spenden-Kalkulation-Schwimmer'!$D$4:D4)),'Stammdaten - Schwimmer'!$D$4:$D$99,0)) -> 38 | F33: =INDEX('Stammdaten - Schwimmer'!$F$4:$F$99,MATCH(LARGE('Stammdaten - Schwimmer'!$D$4:$D$99,ROWS(#REF!)),'Stammdaten - Schwimmer'!$D$4:$D$99,0)) -> #REF! | H33: =INDEX('Stammdaten - Schwimmer'!$A$4:$A$99,MATCH(SMALL('Stammdaten - Schwimmer'!$D$4:$D$99,ROWS(#REF!)),'Stammdaten - Schwimmer'!$D$4:$D$99,0)) -> #REF! | I33: =INDEX('Stammdaten - Schwimmer'!$B$4:$B$99,MATCH(SMALL('Stammdaten - Schwimmer'!$D$4:$D$99,ROWS(#REF!)),'Stammdaten - Schwimmer'!$D$4:$D$99,0)) -> #REF! | J33: =INDEX('Stammdaten - Schwimmer'!$C$4:$C$99,MATCH(SMALL('Stammdaten - Schwimmer'!$D$4:$D$99,ROWS(#REF!)),'Stammdaten - Schwimmer'!$D$4:$D$99,0)) -> #REF! | K33: =SMALL('Stammdaten - Schwimmer'!$D$4:$D$99,ROWS(#REF!)) -> #REF! | L33: =INDEX('Spenden-Kalkulation-Schwimmer'!$D$4:$D$103,MATCH(SMALL('Stammdaten - Schwimmer'!$D$4:$D$99,ROWS('Spenden-Kalkulation-Schwimmer'!$D$4:D4)),'Stammdaten - Schwimmer'!$D$4:$D$99,0)) -> 0 | M33: =INDEX('Stammdaten - Schwimmer'!$F$4:$F$99,MATCH(SMALL('Stammdaten - Schwimmer'!$D$4:$D$99,ROWS(#REF!)),'Stammdaten - Schwimmer'!$D$4:$D$99,0)) -> #REF!
A34: =INDEX('Stammdaten - Schwimmer'!$A$4:$A$99,MATCH(LARGE('Stammdaten - Schwimmer'!$D$4:$D$99,ROWS('Stammdaten - Schwimmer'!$A$4:A4)),'Stammdaten - Schwimmer'!$D$4:$D$99,0)) -> 80 | B34: =INDEX('Stammdaten - Schwimmer'!$B$4:$B$99,MATCH(LARGE('Stammdaten - Schwimmer'!$D$4:$D$99,ROWS('Stammdaten - Schwimmer'!$B$4:B4)),'Stammdaten - Schwimmer'!$D$4:$D$99,0)) -> Schönefeld | C34: =INDEX('Stammdaten - Schwimmer'!$C$4:$C$99,MATCH(LARGE('Stammdaten - Schwimmer'!$D$4:$D$99,ROWS('Stammdaten - Schwimmer'!$C$4:C4)),'Stammdaten - Schwimmer'!$D$4:$D$99,0)) -> Frida Marie | D34: =LARGE('Stammdaten - Schwimmer'!$D$4:$D$99,ROWS('Stammdaten - Schwimmer'!D$4:D4)) -> 43719 | E34: =INDEX('Spenden-Kalkulation-Schwimmer'!$D$4:$D$103,MATCH(LARGE('Stammdaten - Schwimmer'!$D$4:$D$99,ROWS('Spenden-Kalkulation-Schwimmer'!$D$4:D5)),'Stammdaten - Schwimmer'!$D$4:$D$99,0)) -> 29 | F34: =INDEX('Stammdaten - Schwimmer'!$F$4:$F$99,MATCH(LARGE('Stammdaten - Schwimmer'!$D$4:$D$99,ROWS('Stammdaten - Schwimmer'!$F$4:F4)),'Stammdaten - Schwimmer'!$D$4:$D$99,0)) -> 32 | H34: =INDEX('Stammdaten - Schwimmer'!$A$4:$A$99,MATCH(SMALL('Stammdaten - Schwimmer'!$D$4:$D$99,ROWS('Stammdaten - Schwimmer'!$A$4:A4)),'Stammdaten - Schwimmer'!$D$4:$D$99,0)) -> 71 | I34: =INDEX('Stammdaten - Schwimmer'!$B$4:$B$99,MATCH(SMALL('Stammdaten - Schwimmer'!$D$4:$D$99,ROWS('Stammdaten - Schwimmer'!$B$4:B4)),'Stammdaten - Schwimmer'!$D$4:$D$99,0)) -> Zimmermann | J34: =INDEX('Stammdaten - Schwimmer'!$C$4:$C$99,MATCH(SMALL('Stammdaten - Schwimmer'!$D$4:$D$99,ROWS('Stammdaten - Schwimmer'!$C$4:C4)),'Stammdaten - Schwimmer'!$D$4:$D$99,0)) -> Inge | K34: =SMALL('Stammdaten - Schwimmer'!$D$4:$D$99,ROWS('Stammdaten - Schwimmer'!D$4:D4)) -> 21516 | L34: =INDEX('Spenden-Kalkulation-Schwimmer'!$D$4:$D$103,MATCH(SMALL('Stammdaten - Schwimmer'!$D$4:$D$99,ROWS('Spenden-Kalkulation-Schwimmer'!$D$4:D5)),'Stammdaten - Schwimmer'!$D$4:$D$99,0)) -> 126 | M34: =INDEX('Stammdaten - Schwimmer'!$F$4:$F$99,MATCH(SMALL('Stammdaten - Schwimmer'!$D$4:$D$99,ROWS('Stammdaten - Schwimmer'!$F$4:F4)),'Stammdaten - Schwimmer'!$D$4:$D$99,0)) -> 22
A35: =INDEX('Stammdaten - Schwimmer'!$A$4:$A$99,MATCH(LARGE('Stammdaten - Schwimmer'!$D$4:$D$99,ROWS('Stammdaten - Schwimmer'!$A$4:A5)),'Stammdaten - Schwimmer'!$D$4:$D$99,0)) -> 30 | B35: =INDEX('Stammdaten - Schwimmer'!$B$4:$B$99,MATCH(LARGE('Stammdaten - Schwimmer'!$D$4:$D$99,ROWS('Stammdaten - Schwimmer'!$B$4:B5)),'Stammdaten - Schwimmer'!$D$4:$D$99,0)) -> Kombacher | C35: =INDEX('Stammdaten - Schwimmer'!$C$4:$C$99,MATCH(LARGE('Stammdaten - Schwimmer'!$D$4:$D$99,ROWS('Stammdaten - Schwimmer'!$C$4:C5)),'Stammdaten - Schwimmer'!$D$4:$D$99,0)) -> Mia | D35: =LARGE('Stammdaten - Schwimmer'!$D$4:$D$99,ROWS('Stammdaten - Schwimmer'!D$4:D5)) -> 43635 | E35: =INDEX('Spenden-Kalkulation-Schwimmer'!$D$4:$D$103,MATCH(LARGE('Stammdaten - Schwimmer'!$D$4:$D$99,ROWS('Spenden-Kalkulation-Schwimmer'!$D$4:D6)),'Stammdaten - Schwimmer'!$D$4:$D$99,0)) -> 10 | F35: =INDEX('Stammdaten - Schwimmer'!$F$4:$F$99,MATCH(LARGE('Stammdaten - Schwimmer'!$D$4:$D$99,ROWS('Stammdaten - Schwimmer'!$F$4:F5)),'Stammdaten - Schwimmer'!$D$4:$D$99,0)) -> 40 | H35: =INDEX('Stammdaten - Schwimmer'!$A$4:$A$99,MATCH(SMALL('Stammdaten - Schwimmer'!$D$4:$D$99,ROWS('Stammdaten - Schwimmer'!$A$4:A5)),'Stammdaten - Schwimmer'!$D$4:$D$99,0)) -> 92 | I35: =INDEX('Stammdaten - Schwimmer'!$B$4:$B$99,MATCH(SMALL('Stammdaten - Schwimmer'!$D$4:$D$99,ROWS('Stammdaten - Schwimmer'!$B$4:B5)),'Stammdaten - Schwimmer'!$D$4:$D$99,0)) -> Nanjack | J35: =INDEX('Stammdaten - Schwimmer'!$C$4:$C$99,MATCH(SMALL('Stammdaten - Schwimmer'!$D$4:$D$99,ROWS('Stammdaten - Schwimmer'!$C$4:C5)),'Stammdaten - Schwimmer'!$D$4:$D$99,0)) -> Mariims | K35: =SMALL('Stammdaten - Schwimmer'!$D$4:$D$99,ROWS('Stammdaten - Schwimmer'!D$4:D5)) -> 21845 | L35: =INDEX('Spenden-Kalkulation-Schwimmer'!$D$4:$D$103,MATCH(SMALL('Stammdaten - Schwimmer'!$D$4:$D$99,ROWS('Spenden-Kalkulation-Schwimmer'!$D$4:D6)),'Stammdaten - Schwimmer'!$D$4:$D$99,0)) -> 0 | M35: =INDEX('Stammdaten - Schwimmer'!$F$4:$F$99,MATCH(SMALL('Stammdaten - Schwimmer'!$D$4:$D$99,ROWS('Stammdaten - Schwimmer'!$F$4:F5)),'Stammdaten - Schwimmer'!$D$4:$D$99,0)) -> 22
A36: =INDEX('Stammdaten - Schwimmer'!$A$4:$A$99,MATCH(LARGE('Stammdaten - Schwimmer'!$D$4:$D$99,ROWS('Stammdaten - Schwimmer'!$A$4:A6)),'Stammdaten - Schwimmer'!$D$4:$D$99,0)) -> 77 | B36: =INDEX('Stammdaten - Schwimmer'!$B$4:$B$99,MATCH(LARGE('Stammdaten - Schwimmer'!$D$4:$D$99,ROWS('Stammdaten - Schwimmer'!$B$4:B6)),'Stammdaten - Schwimmer'!$D$4:$D$99,0)) -> Rink | C36: =INDEX('Stammdaten - Schwimmer'!$C$4:$C$99,MATCH(LARGE('Stammdaten - Schwimmer'!$D$4:$D$99,ROWS('Stammdaten - Schwimmer'!$C$4:C6)),'Stammdaten - Schwimmer'!$D$4:$D$99,0)) -> Henrik | D36: =LARGE('Stammdaten - Schwimmer'!$D$4:$D$99,ROWS('Stammdaten - Schwimmer'!D$4:D6)) -> 43484 | E36: =INDEX('Spenden-Kalkulation-Schwimmer'!$D$4:$D$103,MATCH(LARGE('Stammdaten - Schwimmer'!$D$4:$D$99,ROWS('Spenden-Kalkulation-Schwimmer'!$D$4:D7)),'Stammdaten - Schwimmer'!$D$4:$D$99,0)) -> 31 | F36: =INDEX('Stammdaten - Schwimmer'!$F$4:$F$99,MATCH(LARGE('Stammdaten - Schwimmer'!$D$4:$D$99,ROWS('Stammdaten - Schwimmer'!$F$4:F6)),'Stammdaten - Schwimmer'!$D$4:$D$99,0)) -> 48 | H36: =INDEX('Stammdaten - Schwimmer'!$A$4:$A$99,MATCH(SMALL('Stammdaten - Schwimmer'!$D$4:$D$99,ROWS('Stammdaten - Schwimmer'!$A$4:A6)),'Stammdaten - Schwimmer'!$D$4:$D$99,0)) -> 70 | I36: =INDEX('Stammdaten - Schwimmer'!$B$4:$B$99,MATCH(SMALL('Stammdaten - Schwimmer'!$D$4:$D$99,ROWS('Stammdaten - Schwimmer'!$B$4:B6)),'Stammdaten - Schwimmer'!$D$4:$D$99,0)) -> Klick | J36: =INDEX('Stammdaten - Schwimmer'!$C$4:$C$99,MATCH(SMALL('Stammdaten - Schwimmer'!$D$4:$D$99,ROWS('Stammdaten - Schwimmer'!$C$4:C6)),'Stammdaten - Schwimmer'!$D$4:$D$99,0)) -> Karin | K36: =SMALL('Stammdaten - Schwimmer'!$D$4:$D$99,ROWS('Stammdaten - Schwimmer'!D$4:D6)) -> 22319 | L36: =INDEX('Spenden-Kalkulation-Schwimmer'!$D$4:$D$103,MATCH(SMALL('Stammdaten - Schwimmer'!$D$4:$D$99,ROWS('Spenden-Kalkulation-Schwimmer'!$D$4:D7)),'Stammdaten - Schwimmer'!$D$4:$D$99,0)) -> 130 | M36: =INDEX('Stammdaten - Schwimmer'!$F$4:$F$99,MATCH(SMALL('Stammdaten - Schwimmer'!$D$4:$D$99,ROWS('Stammdaten - Schwimmer'!$F$4:F6)),'Stammdaten - Schwimmer'!$D$4:$D$99,0)) -> 36
A37: =INDEX('Stammdaten - Schwimmer'!$A$4:$A$99,MATCH(LARGE('Stammdaten - Schwimmer'!$D$4:$D$99,ROWS('Stammdaten - Schwimmer'!$A$4:A7)),'Stammdaten - Schwimmer'!$D$4:$D$99,0)) -> 51 | B37: =INDEX('Stammdaten - Schwimmer'!$B$4:$B$99,MATCH(LARGE('Stammdaten - Schwimmer'!$D$4:$D$99,ROWS('Stammdaten - Schwimmer'!$B$4:B7)),'Stammdaten - Schwimmer'!$D$4:$D$99,0)) -> Warga | C37: =INDEX('Stammdaten - Schwimmer'!$C$4:$C$99,MATCH(LARGE('Stammdaten - Schwimmer'!$D$4:$D$99,ROWS('Stammdaten - Schwimmer'!$C$4:C7)),'Stammdaten - Schwimmer'!$D$4:$D$99,0)) -> Eva | D37: =LARGE('Stammdaten - Schwimmer'!$D$4:$D$99,ROWS('Stammdaten - Schwimmer'!D$4:D7)) -> 42629 | E37: =INDEX('Spenden-Kalkulation-Schwimmer'!$D$4:$D$103,MATCH(LARGE('Stammdaten - Schwimmer'!$D$4:$D$99,ROWS('Spenden-Kalkulation-Schwimmer'!$D$4:D8)),'Stammdaten - Schwimmer'!$D$4:$D$99,0)) -> 0 | F37: =INDEX('Stammdaten - Schwimmer'!$F$4:$F$99,MATCH(LARGE('Stammdaten - Schwimmer'!$D$4:$D$99,ROWS('Stammdaten - Schwimmer'!$F$4:F7)),'Stammdaten - Schwimmer'!$D$4:$D$99,0)) -> 102 | H37: =INDEX('Stammdaten - Schwimmer'!$A$4:$A$99,MATCH(SMALL('Stammdaten - Schwimmer'!$D$4:$D$99,ROWS('Stammdaten - Schwimmer'!$A$4:A7)),'Stammdaten - Schwimmer'!$D$4:$D$99,0)) -> 90 | I37: =INDEX('Stammdaten - Schwimmer'!$B$4:$B$99,MATCH(SMALL('Stammdaten - Schwimmer'!$D$4:$D$99,ROWS('Stammdaten - Schwimmer'!$B$4:B7)),'Stammdaten - Schwimmer'!$D$4:$D$99,0)) -> Warlitz | J37: =INDEX('Stammdaten - Schwimmer'!$C$4:$C$99,MATCH(SMALL('Stammdaten - Schwimmer'!$D$4:$D$99,ROWS('Stammdaten - Schwimmer'!$C$4:C7)),'Stammdaten - Schwimmer'!$D$4:$D$99,0)) -> Eleanor | K37: =SMALL('Stammdaten - Schwimmer'!$D$4:$D$99,ROWS('Stammdaten - Schwimmer'!D$4:D7)) -> 22647 | L37: =INDEX('Spenden-Kalkulation-Schwimmer'!$D$4:$D$103,MATCH(SMALL('Stammdaten - Schwimmer'!$D$4:$D$99,ROWS('Spenden-Kalkulation-Schwimmer'!$D$4:D8)),'Stammdaten - Schwimmer'!$D$4:$D$99,0)) -> 160 | M37: =INDEX('Stammdaten - Schwimmer'!$F$4:$F$99,MATCH(SMALL('Stammdaten - Schwimmer'!$D$4:$D$99,ROWS('Stammdaten - Schwimmer'!$F$4:F7)),'Stammdaten - Schwimmer'!$D$4:$D$99,0)) -> 44

Sheet Spenden-Kalkulation-Schwimmer
A1: Nach Schwimmer Gesamt
H2: Nach Schwimmer - Kategorie unter 14 | O2: Nach Schwimmer - Kategorie 14-17 Jahre | V2: Nach Schwimmer - Erwachsene
A3: Nummer | B3: Name | C3: Vormname | D3: Spenden Summe | E3: Anzahl Bahnen | H3: Nummer | I3: Name | J3: Vormname | K3: Spenden Summe | L3: Anzahl Bahnen | O3: Nummer | P3: Name | Q3: Vormname | R3: Spenden Summe | S3: Anzahl Bahnen | T3: Rang | V3: Nummer | W3: Name | X3: Vormname | Y3: Spenden Summe | Z3: Anzahl Bahnen
A4: =#REF! -> #REF! | B4: =#REF! -> #REF! | C4: =#REF! -> #REF! | D4: =#REF!+#REF!+#REF!+#REF!+'Stammdaten - Schwimmer'!Z4 -> #REF! | E4: =#REF! -> #REF! | H4: =IF(#REF!>DATE(2011,7,20),A4,) -> #REF! | I4: =IF(#REF!>DATE(2011,7,20),B4,) -> #REF! | J4: =IF(#REF!>DATE(2011,7,20),C4,) -> #REF! | K4: =IF(#REF!>DATE(2011,7,20),D4,) -> #REF! | L4: =IF(#REF!>DATE(2011,7,20),#REF!,) -> #REF! | M4: =_xlfn.RANK.EQ(L4,L$4:L$103,0) -> #REF! | O4: =IF(AND(#REF!<DATE(2011,7,20),#REF!>DATE(2007,7,19)),A4,) -> #REF! | P4: =IF(AND(#REF!<DATE(2011,7,20),#REF!>DATE(2007,7,19)),B4,) -> #REF! | Q4: =IF(AND(#REF!<DATE(2011,7,20),#REF!>DATE(2007,7,19)),C4,) -> #REF! | R4: =IF(AND(#REF!<DATE(2011,7,20),#REF!>DATE(2007,7,19)),D4,) -> #REF! | S4: =IF(AND(#REF!<DATE(2011,7,20),#REF!>DATE(2007,7,19)),#REF!,) -> #REF! | T4: =_xlfn.RANK.EQ(S4,S$4:S$103,0) -> #REF! | V4: =IF(#REF!<DATE(2007,7,20),A4,) -> #REF! | W4: =IF(#REF!<DATE(2007,7,20),B4,) -> #REF! | X4: =IF(#REF!<DATE(2007,7,20),C4,) -> #REF! | Y4: =IF(#REF!<DATE(2007,7,20),D4,) -> #REF! | Z4: =IF(#REF!<DATE(2007,7,20),#REF!,) -> #REF! | AA4: =_xlfn.RANK.EQ(Z4,Z$4:Z$103,0) -> #REF!
A5: ='Stammdaten - Schwimmer'!A4 -> 2 | B5: ='Stammdaten - Schwimmer'!B4 -> 0 | C5: ='Stammdaten - Schwimmer'!C4 -> 0 | D5: ='stammdaten - schwimmer'!#ref!+'stammdaten - schwimmer'!#ref!+'Stammdaten - Schwimmer'!R4+'Stammdaten - Schwimmer'!V4+'Stammdaten - Schwimmer'!Z5 -> #VALUE! | E5: ='stammdaten - schwimmer'!#ref! -> #VALUE! | H5: =IF('stammdaten - schwimmer'!#ref!>DATE(2011,7,20),A5,) -> #VALUE! | I5: =IF('stammdaten - schwimmer'!#ref!>DATE(2011,7,20),B5,) -> #VALUE! | J5: =IF('stammdaten - schwimmer'!#ref!>DATE(2011,7,20),C5,) -> #VALUE! | K5: =IF('stammdaten - schwimmer'!#ref!>DATE(2011,7,20),D5,) -> #VALUE! | L5: =IF('stammdaten - schwimmer'!#ref!>DATE(2011,7,20),'stammdaten - schwimmer'!#ref!,) -> #VALUE! | M5: =_xlfn.RANK.EQ(L5,L$4:L$103,0) -> #REF! | O5: =IF(AND('stammdaten - schwimmer'!#ref!<DATE(2011,7,20),'stammdaten - schwimmer'!#ref!>DATE(2007,7,19)),A5,) -> #VALUE! | P5: =IF(AND('stammdaten - schwimmer'!#ref!<DATE(2011,7,20),'stammdaten - schwimmer'!#ref!>DATE(2007,7,19)),B5,) -> #VALUE! | Q5: =IF(AND('stammdaten - schwimmer'!#ref!<DATE(2011,7,20),'stammdaten - schwimmer'!#ref!>DATE(2007,7,19)),C5,) -> #VALUE! | R5: =IF(AND('stammdaten - schwimmer'!#ref!<DATE(2011,7,20),'stammdaten - schwimmer'!#ref!>DATE(2007,7,19)),D5,) -> #VALUE! | S5: =IF(AND('stammdaten - schwimmer'!#ref!<DATE(2011,7,20),'stammdaten - schwimmer'!#ref!>DATE(2007,7,19)),'stammdaten - schwimmer'!#ref!,) -> #VALUE! | T5: =_xlfn.RANK.EQ(S5,S$4:S$103,0) -> #REF! | V5: =IF('stammdaten - schwimmer'!#ref!<DATE(2007,7,20),A5,) -> #VALUE! | W5: =IF('stammdaten - schwimmer'!#ref!<DATE(2007,7,20),B5,) -> #VALUE! | X5: =IF('stammdaten - schwimmer'!#ref!<DATE(2007,7,20),C5,) -> #VALUE! | Y5: =IF('stammdaten - schwimmer'!#ref!<DATE(2007,7,20),D5,) -> #VALUE! | Z5: =IF('stammdaten - schwimmer'!#ref!<DATE(2007,7,20),'stammdaten - schwimmer'!#ref!,) -> #VALUE! | AA5: =_xlfn.RANK.EQ(Z5,Z$4:Z$103,0) -> #REF!
A6: ='Stammdaten - Schwimmer'!A5 -> 3 | B6: ='Stammdaten - Schwimmer'!B5 -> 0 | C6: ='Stammdaten - Schwimmer'!C5 -> 0 | D6: ='Stammdaten - Schwimmer'!J5+'Stammdaten - Schwimmer'!N5+'Stammdaten - Schwimmer'!R5+'Stammdaten - Schwimmer'!V5+'Stammdaten - Schwimmer'!Z6 -> 0 | E6: ='Stammdaten - Schwimmer'!F5 -> 0 | H6: =IF('Stammdaten - Schwimmer'!D5>DATE(2011,7,20),A6,) -> 0 | I6: =IF('Stammdaten - Schwimmer'!$D5>DATE(2011,7,20),B6,) -> 0 | J6: =IF('Stammdaten - Schwimmer'!$D5>DATE(2011,7,20),C6,) -> 0 | K6: =IF('Stammdaten - Schwimmer'!$D5>DATE(2011,7,20),D6,) -> 0 | L6: =IF('Stammdaten - Schwimmer'!$D5>DATE(2011,7,20),'Stammdaten - Schwimmer'!F5,) -> 0 | M6: =_xlfn.RANK.EQ(L6,L$4:L$103,0) -> #REF! | O6: =IF(AND('Stammdaten - Schwimmer'!$D5<DATE(2011,7,20),'Stammdaten - Schwimmer'!$D5>DATE(2007,7,19)),A6,) -> 0 | P6: =IF(AND('Stammdaten - Schwimmer'!$D5<DATE(2011,7,20),'Stammdaten - Schwimmer'!$D5>DATE(2007,7,19)),B6,) -> 0 | Q6: =IF(AND('Stammdaten - Schwimmer'!$D5<DATE(2011,7,20),'Stammdaten - Schwimmer'!$D5>DATE(2007,7,19)),C6,) -> 0 | R6: =IF(AND('Stammdaten - Schwimmer'!$D5<DATE(2011,7,20),'Stammdaten - Schwimmer'!$D5>DATE(2007,7,19)),D6,) -> 0 | S6: =IF(AND('Stammdaten - Schwimmer'!$D5<DATE(2011,7,20),'Stammdaten - Schwimmer'!$D5>DATE(2007,7,19)),'Stammdaten - Schwimmer'!F5,) -> 0 | T6: =_xlfn.RANK.EQ(S6,S$4:S$103,0) -> #REF! | V6: =IF('Stammdaten - Schwimmer'!$D5<DATE(2007,7,20),A6,) -> 3 | W6: =IF('Stammdaten - Schwimmer'!$D5<DATE(2007,7,20),B6,) -> 0 | X6: =IF('Stammdaten - Schwimmer'!$D5<DATE(2007,7,20),C6,) -> 0 | Y6: =IF('Stammdaten - Schwimmer'!$D5<DATE(2007,7,20),D6,) -> 0 | Z6: =IF('Stammdaten - Schwimmer'!$D5<DATE(2007,7,20),'Stammdaten - Schwimmer'!F5,) -> 0 | AA6: =_xlfn.RANK.EQ(Z6,Z$4:Z$103,0) -> #REF!
A7: ='Stammdaten - Schwimmer'!A6 -> 4 | B7: ='Stammdaten - Schwimmer'!B6 -> 0 | C7: ='Stammdaten - Schwimmer'!C6 -> 0 | D7: ='Stammdaten - Schwimmer'!J6+'Stammdaten - Schwimmer'!N6+'Stammdaten - Schwimmer'!R6+'Stammdaten - Schwimmer'!V6+'Stammdaten - Schwimmer'!Z7 -> 0 | E7: ='Stammdaten - Schwimmer'!F6 -> 0 | H7: =IF('Stammdaten - Schwimmer'!D6>DATE(2011,7,20),A7,) -> 0 | I7: =IF('Stammdaten - Schwimmer'!$D6>DATE(2011,7,20),B7,) -> 0 | J7: =IF('Stammdaten - Schwimmer'!$D6>DATE(2011,7,20),C7,) -> 0 | K7: =IF('Stammdaten - Schwimmer'!$D6>DATE(2011,7,20),D7,) -> 0 | L7: =IF('Stammdaten - Schwimmer'!$D6>DATE(2011,7,20),'Stammdaten - Schwimmer'!F6,) -> 0 | M7: =_xlfn.RANK.EQ(L7,L$4:L$103,0) -> #REF! | O7: =IF(AND('Stammdaten - Schwimmer'!$D6<DATE(2011,7,20),'Stammdaten - Schwimmer'!$D6>DATE(2007,7,19)),A7,) -> 0 | P7: =IF(AND('Stammdaten - Schwimmer'!$D6<DATE(2011,7,20),'Stammdaten - Schwimmer'!$D6>DATE(2007,7,19)),B7,) -> 0 | Q7: =IF(AND('Stammdaten - Schwimmer'!$D6<DATE(2011,7,20),'Stammdaten - Schwimmer'!$D6>DATE(2007,7,19)),C7,) -> 0 | R7: =IF(AND('Stammdaten - Schwimmer'!$D6<DATE(2011,7,20),'Stammdaten - Schwimmer'!$D6>DATE(2007,7,19)),D7,) -> 0 | S7: =IF(AND('Stammdaten - Schwimmer'!$D6<DATE(2011,7,20),'Stammdaten - Schwimmer'!$D6>DATE(2007,7,19)),'Stammdaten - Schwimmer'!F6,) -> 0 | T7: =_xlfn.RANK.EQ(S7,S$4:S$103,0) -> #REF! | V7: =IF('Stammdaten - Schwimmer'!$D6<DATE(2007,7,20),A7,) -> 4 | W7: =IF('Stammdaten - Schwimmer'!$D6<DATE(2007,7,20),B7,) -> 0 | X7: =IF('Stammdaten - Schwimmer'!$D6<DATE(2007,7,20),C7,) -> 0 | Y7: =IF('Stammdaten - Schwimmer'!$D6<DATE(2007,7,20),D7,) -> 0 | Z7: =IF('Stammdaten - Schwimmer'!$D6<DATE(2007,7,20),'Stammdaten - Schwimmer'!F6,) -> 0 | AA7: =_xlfn.RANK.EQ(Z7,Z$4:Z$103,0) -> #REF!
A8: ='Stammdaten - Schwimmer'!A7 -> 5 | B8: ='Stammdaten - Schwimmer'!B7 -> Rink | C8: ='Stammdaten - Schwimmer'!C7 -> Wiebke | D8: ='Stammdaten - Schwimmer'!J7+'Stammdaten - Schwimmer'!N7+'Stammdaten - Schwimmer'!R7+'Stammdaten - Schwimmer'!V7+'Stammdaten - Schwimmer'!Z8 -> 171 | E8: ='Stammdaten - Schwimmer'!F7 -> 76 | H8: =IF('Stammdaten - Schwimmer'!D7>DATE(2011,7,20),A8,) -> 5 | I8: =IF('Stammdaten - Schwimmer'!$D7>DATE(2011,7,20),B8,) -> Rink | J8: =IF('Stammdaten - Schwimmer'!$D7>DATE(2011,7,20),C8,) -> Wiebke | K8: =IF('Stammdaten - Schwimmer'!$D7>DATE(2011,7,20),D8,) -> 171 | L8: =IF('Stammdaten - Schwimmer'!$D7>DATE(2011,7,20),'Stammdaten - Schwimmer'!F7,) -> 76 | M8: =_xlfn.RANK.EQ(L8,L$4:L$103,0) -> #REF! | O8: =IF(AND('Stammdaten - Schwimmer'!$D7<DATE(2011,7,20),'Stammdaten - Schwimmer'!$D7>DATE(2007,7,19)),A8,) -> 0 | P8: =IF(AND('Stammdaten - Schwimmer'!$D7<DATE(2011,7,20),'Stammdaten - Schwimmer'!$D7>DATE(2007,7,19)),B8,) -> 0 | Q8: =IF(AND('Stammdaten - Schwimmer'!$D7<DATE(2011,7,20),'Stammdaten - Schwimmer'!$D7>DATE(2007,7,19)),C8,) -> 0 | R8: =IF(AND('Stammdaten - Schwimmer'!$D7<DATE(2011,7,20),'Stammdaten - Schwimmer'!$D7>DATE(2007,7,19)),D8,) -> 0 | S8: =IF(AND('Stammdaten - Schwimmer'!$D7<DATE(2011,7,20),'Stammdaten - Schwimmer'!$D7>DATE(2007,7,19)),'Stammdaten - Schwimmer'!F7,) -> 0 | T8: =_xlfn.RANK.EQ(S8,S$4:S$103,0) -> #REF! | V8: =IF('Stammdaten - Schwimmer'!$D7<DATE(2007,7,20),A8,) -> 0 | W8: =IF('Stammdaten - Schwimmer'!$D7<DATE(2007,7,20),B8,) -> 0 | X8: =IF('Stammdaten - Schwimmer'!$D7<DATE(2007,7,20),C8,) -> 0 | Y8: =IF('Stammdaten - Schwimmer'!$D7<DATE(2007,7,20),D8,) -> 0 | Z8: =IF('Stammdaten - Schwimmer'!$D7<DATE(2007,7,20),'Stammdaten - Schwimmer'!F7,) -> 0 | AA8: =_xlfn.RANK.EQ(Z8,Z$4:Z$103,0) -> #REF!
A9: ='Stammdaten - Schwimmer'!A8 -> 6 | B9: ='Stammdaten - Schwimmer'!B8 -> Künsemüller | C9: ='Stammdaten - Schwimmer'!C8 -> Viktoria | D9: ='Stammdaten - Schwimmer'!J8+'Stammdaten - Schwimmer'!N8+'Stammdaten - Schwimmer'!R8+'Stammdaten - Schwimmer'!V8+'Stammdaten - Schwimmer'!Z9 -> 29 | E9: ='Stammdaten - Schwimmer'!F8 -> 58 | H9: =IF('Stammdaten - Schwimmer'!D8>DATE(2011,7,20),A9,) -> 0 | I9: =IF('Stammdaten - Schwimmer'!$D8>DATE(2011,7,20),B9,) -> 0 | J9: =IF('Stammdaten - Schwimmer'!$D8>DATE(2011,7,20),C9,) -> 0 | K9: =IF('Stammdaten - Schwimmer'!$D8>DATE(2011,7,20),D9,) -> 0 | L9: =IF('Stammdaten - Schwimmer'!$D8>DATE(2011,7,20),'Stammdaten - Schwimmer'!F8,) -> 0 | M9: =_xlfn.RANK.EQ(L9,L$4:L$103,0) -> #REF! | O9: =IF(AND('Stammdaten - Schwimmer'!$D8<DATE(2011,7,20),'Stammdaten - Schwimmer'!$D8>DATE(2007,7,19)),A9,) -> 6 | P9: =IF(AND('Stammdaten - Schwimmer'!$D8<DATE(2011,7,20),'Stammdaten - Schwimmer'!$D8>DATE(2007,7,19)),B9,) -> Künsemüller | Q9: =IF(AND('Stammdaten - Schwimmer'!$D8<DATE(2011,7,20),'Stammdaten - Schwimmer'!$D8>DATE(2007,7,19)),C9,) -> Viktoria | R9: =IF(AND('Stammdaten - Schwimmer'!$D8<DATE(2011,7,20),'Stammdaten - Schwimmer'!$D8>DATE(2007,7,19)),D9,) -> 29 | S9: =IF(AND('Stammdaten - Schwimmer'!$D8<DATE(2011,7,20),'Stammdaten - Schwimmer'!$D8>DATE(2007,7,19)),'Stammdaten - Schwimmer'!F8,) -> 58 | T9: =_xlfn.RANK.EQ(S9,S$4:S$103,0) -> #REF! | V9: =IF('Stammdaten - Schwimmer'!$D8<DATE(2007,7,20),A9,) -> 0 | W9: =IF('Stammdaten - Schwimmer'!$D8<DATE(2007,7,20),B9,) -> 0 | X9: =IF('Stammdaten - Schwimmer'!$D8<DATE(2007,7,20),C9,) -> 0 | Y9: =IF('Stammdaten - Schwimmer'!$D8<DATE(2007,7,20),D9,) -> 0 | Z9: =IF('Stammdaten - Schwimmer'!$D8<DATE(2007,7,20),'Stammdaten - Schwimmer'!F8,) -> 0 | AA9: =_xlfn.RANK.EQ(Z9,Z$4:Z$103,0) -> #REF!
A10: ='Stammdaten - Schwimmer'!A9 -> 7 | B10: ='Stammdaten - Schwimmer'!B9 -> 0 | C10: ='Stammdaten - Schwimmer'!C9 -> 0 | D10: ='Stammdaten - Schwimmer'!J9+'Stammdaten - Schwimmer'!N9+'Stammdaten - Schwimmer'!R9+'Stammdaten - Schwimmer'!V9+'Stammdaten - Schwimmer'!Z10 -> 0 | E10: ='Stammdaten - Schwimmer'!F9 -> 0 | H10: =IF('Stammdaten - Schwimmer'!D9>DATE(2011,7,20),A10,) -> 0 | I10: =IF('Stammdaten - Schwimmer'!$D9>DATE(2011,7,20),B10,) -> 0 | J10: =IF('Stammdaten - Schwimmer'!$D9>DATE(2011,7,20),C10,) -> 0 | K10: =IF('Stammdaten - Schwimmer'!$D9>DATE(2011,7,20),D10,) -> 0 | L10: =IF('Stammdaten - Schwimmer'!$D9>DATE(2011,7,20),'Stammdaten - Schwimmer'!F9,) -> 0 | M10: =_xlfn.RANK.EQ(L10,L$4:L$103,0) -> #REF! | O10: =IF(AND('Stammdaten - Schwimmer'!$D9<DATE(2011,7,20),'Stammdaten - Schwimmer'!$D9>DATE(2007,7,19)),A10,) -> 0 | P10: =IF(AND('Stammdaten - Schwimmer'!$D9<DATE(2011,7,20),'Stammdaten - Schwimmer'!$D9>DATE(2007,7,19)),B10,) -> 0 | Q10: =IF(AND('Stammdaten - Schwimmer'!$D9<DATE(2011,7,20),'Stammdaten - Schwimmer'!$D9>DATE(2007,7,19)),C10,) -> 0 | R10: =IF(AND('Stammdaten - Schwimmer'!$D9<DATE(2011,7,20),'Stammdaten - Schwimmer'!$D9>DATE(2007,7,19)),D10,) -> 0 | S10: =IF(AND('Stammdaten - Schwimmer'!$D9<DATE(2011,7,20),'Stammdaten - Schwimmer'!$D9>DATE(2007,7,19)),'Stammdaten - Schwimmer'!F9,) -> 0 | T10: =_xlfn.RANK.EQ(S10,S$4:S$103,0) -> #REF! | V10: =IF('Stammdaten - Schwimmer'!$D9<DATE(2007,7,20),A10,) -> 7 | W10: =IF('Stammdaten - Schwimmer'!$D9<DATE(2007,7,20),B10,) -> 0 | X10: =IF('Stammdaten - Schwimmer'!$D9<DATE(2007,7,20),C10,) -> 0 | Y10: =IF('Stammdaten - Schwimmer'!$D9<DATE(2007,7,20),D10,) -> 0 | Z10: =IF('Stammdaten - Schwimmer'!$D9<DATE(2007,7,20),'Stammdaten - Schwimmer'!F9,) -> 0 | AA10: =_xlfn.RANK.EQ(Z10,Z$4:Z$103,0) -> #REF!
A11: ='Stammdaten - Schwimmer'!A10 -> 8 | B11: ='Stammdaten - Schwimmer'!B10 -> 0 | C11: ='Stammdaten - Schwimmer'!C10 -> 0 | D11: ='Stammdaten - Schwimmer'!J10+'Stammdaten - Schwimmer'!N10+'Stammdaten - Schwimmer'!R10+'Stammdaten - Schwimmer'!V10+'Stammdaten - Schwimmer'!Z11 -> 0 | E11: ='Stammdaten - Schwimmer'!F10 -> 0 | H11: =IF('Stammdaten - Schwimmer'!D10>DATE(2011,7,20),A11,) -> 0 | I11: =IF('Stammdaten - Schwimmer'!$D10>DATE(2011,7,20),B11,) -> 0 | J11: =IF('Stammdaten - Schwimmer'!$D10>DATE(2011,7,20),C11,) -> 0 | K11: =IF('Stammdaten - Schwimmer'!$D10>DATE(2011,7,20),D11,) -> 0 | L11: =IF('Stammdaten - Schwimmer'!$D10>DATE(2011,7,20),'Stammdaten - Schwimmer'!F10,) -> 0 | M11: =_xlfn.RANK.EQ(L11,L$4:L$103,0) -> #REF! | O11: =IF(AND('Stammdaten - Schwimmer'!$D10<DATE(2011,7,20),'Stammdaten - Schwimmer'!$D10>DATE(2007,7,19)),A11,) -> 0 | P11: =IF(AND('Stammdaten - Schwimmer'!$D10<DATE(2011,7,20),'Stammdaten - Schwimmer'!$D10>DATE(2007,7,19)),B11,) -> 0 | Q11: =IF(AND('Stammdaten - Schwimmer'!$D10<DATE(2011,7,20),'Stammdaten - Schwimmer'!$D10>DATE(2007,7,19)),C11,) -> 0 | R11: =IF(AND('Stammdaten - Schwimmer'!$D10<DATE(2011,7,20),'Stammdaten - Schwimmer'!$D10>DATE(2007,7,19)),D11,) -> 0 | S11: =IF(AND('Stammdaten - Schwimmer'!$D10<DATE(2011,7,20),'Stammdaten - Schwimmer'!$D10>DATE(2007,7,19)),'Stammdaten - Schwimmer'!F10,) -> 0 | T11: =_xlfn.RANK.EQ(S11,S$4:S$103,0) -> #REF! | V11: =IF('Stammdaten - Schwimmer'!$D10<DATE(2007,7,20),A11,) -> 8 | W11: =IF('Stammdaten - Schwimmer'!$D10<DATE(2007,7,20),B11,) -> 0 | X11: =IF('Stammdaten - Schwimmer'!$D10<DATE(2007,7,20),C11,) -> 0 | Y11: =IF('Stammdaten - Schwimmer'!$D10<DATE(2007,7,20),D11,) -> 0 | Z11: =IF('Stammdaten - Schwimmer'!$D10<DATE(2007,7,20),'Stammdaten - Schwimmer'!F10,) -> 0 | AA11: =_xlfn.RANK.EQ(Z11,Z$4:Z$103,0) -> #REF!
A12: ='Stammdaten - Schwimmer'!A11 -> 9 | B12: ='Stammdaten - Schwimmer'!B4 -> 0 | C12: ='Stammdaten - Schwimmer'!C4 -> 0 | D12: ='Stammdaten - Schwimmer'!J4+'Stammdaten - Schwimmer'!N4+'Stammdaten - Schwimmer'!R11+'Stammdaten - Schwimmer'!V11+'Stammdaten - Schwimmer'!Z12 -> 0 | E12: ='Stammdaten - Schwimmer'!F4 -> 0 | H12: =IF('Stammdaten - Schwimmer'!D4>DATE(2011,7,20),A12,) -> 0 | I12: =IF('Stammdaten - Schwimmer'!$D4>DATE(2011,7,20),B12,) -> 0 | J12: =IF('Stammdaten - Schwimmer'!$D4>DATE(2011,7,20),C12,) -> 0 | K12: =IF('Stammdaten - Schwimmer'!$D4>DATE(2011,7,20),D12,) -> 0 | L12: =IF('Stammdaten - Schwimmer'!$D4>DATE(2011,7,20),'Stammdaten - Schwimmer'!F4,) -> 0 | M12: =_xlfn.RANK.EQ(L12,L$4:L$103,0) -> #REF! | O12: =IF(AND('Stammdaten - Schwimmer'!$D4<DATE(2011,7,20),'Stammdaten - Schwimmer'!$D4>DATE(2007,7,19)),A12,) -> 0 | P12: =IF(AND('Stammdaten - Schwimmer'!$D4<DATE(2011,7,20),'Stammdaten - Schwimmer'!$D4>DATE(2007,7,19)),B12,) -> 0 | Q12: =IF(AND('Stammdaten - Schwimmer'!$D4<DATE(2011,7,20),'Stammdaten - Schwimmer'!$D4>DATE(2007,7,19)),C12,) -> 0 | R12: =IF(AND('Stammdaten - Schwimmer'!$D4<DATE(2011,7,20),'Stammdaten - Schwimmer'!$D4>DATE(2007,7,19)),D12,) -> 0 | S12: =IF(AND('Stammdaten - Schwimmer'!$D4<DATE(2011,7,20),'Stammdaten - Schwimmer'!$D4>DATE(2007,7,19)),'Stammdaten - Schwimmer'!F4,) -> 0 | T12: =_xlfn.RANK.EQ(S12,S$4:S$103,0) -> #REF! | V12: =IF('Stammdaten - Schwimmer'!$D4<DATE(2007,7,20),A12,) -> 9 | W12: =IF('Stammdaten - Schwimmer'!$D4<DATE(2007,7,20),B12,) -> 0 | X12: =IF('Stammdaten - Schwimmer'!$D4<DATE(2007,7,20),C12,) -> 0 | Y12: =IF('Stammdaten - Schwimmer'!$D4<DATE(2007,7,20),D12,) -> 0 | Z12: =IF('Stammdaten - Schwimmer'!$D4<DATE(2007,7,20),'Stammdaten - Schwimmer'!F4,) -> 0 | AA12: =_xlfn.RANK.EQ(Z12,Z$4:Z$103,0) -> #REF!
A13: ='Stammdaten - Schwimmer'!A12 -> 10 | B13: ='Stammdaten - Schwimmer'!B12 -> 0 | C13: ='Stammdaten - Schwimmer'!C12 -> 0 | D13: ='Stammdaten - Schwimmer'!J12+'Stammdaten - Schwimmer'!N12+'Stammdaten - Schwimmer'!R12+'Stammdaten - Schwimmer'!V12+'Stammdaten - Schwimmer'!Z13 -> 0 | E13: ='Stammdaten - Schwimmer'!F12 -> 0 | H13: =IF('Stammdaten - Schwimmer'!D12>DATE(2011,7,20),A13,) -> 0 | I13: =IF('Stammdaten - Schwimmer'!$D12>DATE(2011,7,20),B13,) -> 0 | J13: =IF('Stammdaten - Schwimmer'!$D12>DATE(2011,7,20),C13,) -> 0 | K13: =IF('Stammdaten - Schwimmer'!$D12>DATE(2011,7,20),D13,) -> 0 | L13: =IF('Stammdaten - Schwimmer'!$D12>DATE(2011,7,20),'Stammdaten - Schwimmer'!F12,) -> 0 | M13: =_xlfn.RANK.EQ(L13,L$4:L$103,0) -> #REF! | O13: =IF(AND('Stammdaten - Schwimmer'!$D12<DATE(2011,7,20),'Stammdaten - Schwimmer'!$D12>DATE(2007,7,19)),A13,) -> 0 | P13: =IF(AND('Stammdaten - Schwimmer'!$D12<DATE(2011,7,20),'Stammdaten - Schwimmer'!$D12>DATE(2007,7,19)),B13,) -> 0 | Q13: =IF(AND('Stammdaten - Schwimmer'!$D12<DATE(2011,7,20),'Stammdaten - Schwimmer'!$D12>DATE(2007,7,19)),C13,) -> 0 | R13: =IF(AND('Stammdaten - Schwimmer'!$D12<DATE(2011,7,20),'Stammdaten - Schwimmer'!$D12>DATE(2007,7,19)),D13,) -> 0 | S13: =IF(AND('Stammdaten - Schwimmer'!$D12<DATE(2011,7,20),'Stammdaten - Schwimmer'!$D12>DATE(2007,7,19)),'Stammdaten - Schwimmer'!F12,) -> 0 | T13: =_xlfn.RANK.EQ(S13,S$4:S$103,0) -> #REF! | V13: =IF('Stammdaten - Schwimmer'!$D12<DATE(2007,7,20),A13,) -> 10 | W13: =IF('Stammdaten - Schwimmer'!$D12<DATE(2007,7,20),B13,) -> 0 | X13: =IF('Stammdaten - Schwimmer'!$D12<DATE(2007,7,20),C13,) -> 0 | Y13: =IF('Stammdaten - Schwimmer'!$D12<DATE(2007,7,20),D13,) -> 0 | Z13: =IF('Stammdaten - Schwimmer'!$D12<DATE(2007,7,20),'Stammdaten - Schwimmer'!F12,) -> 0 | AA13: =_xlfn.RANK.EQ(Z13,Z$4:Z$103,0) -> #REF!
A14: ='Stammdaten - Schwimmer'!A13 -> 11 | B14: ='Stammdaten - Schwimmer'!B13 -> 0 | C14: ='Stammdaten - Schwimmer'!C13 -> 0 | D14: ='Stammdaten - Schwimmer'!J13+'Stammdaten - Schwimmer'!N13+'Stammdaten - Schwimmer'!R13+'Stammdaten - Schwimmer'!V13+'stammdaten - schwimmer'!#ref! -> #VALUE! | E14: ='Stammdaten - Schwimmer'!F13 -> 0 | H14: =IF('Stammdaten - Schwimmer'!D13>DATE(2011,7,20),A14,) -> 0 | I14: =IF('Stammdaten - Schwimmer'!$D13>DATE(2011,7,20),B14,) -> 0 | J14: =IF('Stammdaten - Schwimmer'!$D13>DATE(2011,7,20),C14,) -> 0 | K14: =IF('Stammdaten - Schwimmer'!$D13>DATE(2011,7,20),D14,) -> 0 | L14: =IF('Stammdaten - Schwimmer'!$D13>DATE(2011,7,20),'Stammdaten - Schwimmer'!F13,) -> 0 | M14: =_xlfn.RANK.EQ(L14,L$4:L$103,0) -> #REF! | O14: =IF(AND('Stammdaten - Schwimmer'!$D13<DATE(2011,7,20),'Stammdaten - Schwimmer'!$D13>DATE(2007,7,19)),A14,) -> 0 | P14: =IF(AND('Stammdaten - Schwimmer'!$D13<DATE(2011,7,20),'Stammdaten - Schwimmer'!$D13>DATE(2007,7,19)),B14,) -> 0 | Q14: =IF(AND('Stammdaten - Schwimmer'!$D13<DATE(2011,7,20),'Stammdaten - Schwimmer'!$D13>DATE(2007,7,19)),C14,) -> 0 | R14: =IF(AND('Stammdaten - Schwimmer'!$D13<DATE(2011,7,20),'Stammdaten - Schwimmer'!$D13>DATE(2007,7,19)),D14,) -> 0 | S14: =IF(AND('Stammdaten - Schwimmer'!$D13<DATE(2011,7,20),'Stammdaten - Schwimmer'!$D13>DATE(2007,7,19)),'Stammdaten - Schwimmer'!F13,) -> 0 | T14: =_xlfn.RANK.EQ(S14,S$4:S$103,0) -> #REF! | V14: =IF('Stammdaten - Schwimmer'!$D13<DATE(2007,7,20),A14,) -> 11 | W14: =IF('Stammdaten - Schwimmer'!$D13<DATE(2007,7,20),B14,) -> 0 | X14: =IF('Stammdaten - Schwimmer'!$D13<DATE(2007,7,20),C14,) -> 0 | Y14: =IF('Stammdaten - Schwimmer'!$D13<DATE(2007,7,20),D14,) -> #VALUE! | Z14: =IF('Stammdaten - Schwimmer'!$D13<DATE(2007,7,20),'Stammdaten - Schwimmer'!F13,) -> 0 | AA14: =_xlfn.RANK.EQ(Z14,Z$4:Z$103,0) -> #REF!
A15: ='stammdaten - schwimmer'!#ref! -> #VALUE! | B15: ='stammdaten - schwimmer'!#ref! -> #VALUE! | C15: ='stammdaten - schwimmer'!#ref! -> #VALUE! | D15: ='stammdaten - schwimmer'!#ref!+'stammdaten - schwimmer'!#ref!+'stammdaten - schwimmer'!#ref!+'stammdaten - schwimmer'!#ref!+'stammdaten - schwimmer'!#ref! -> #VALUE! | E15: ='stammdaten - schwimmer'!#ref! -> #VALUE! | H15: =IF('stammdaten - schwimmer'!#ref!>DATE(2011,7,20),A15,) -> #VALUE! | I15: =IF('stammdaten - schwimmer'!#ref!>DATE(2011,7,20),B15,) -> #VALUE! | J15: =IF('stammdaten - schwimmer'!#ref!>DATE(2011,7,20),C15,) -> #VALUE! | K15: =IF('stammdaten - schwimmer'!#ref!>DATE(2011,7,20),D15,) -> #VALUE! | L15: =IF('stammdaten - schwimmer'!#ref!>DATE(2011,7,20),'stammdaten - schwimmer'!#ref!,) -> #VALUE! | M15: =_xlfn.RANK.EQ(L15,L$4:L$103,0) -> #REF! | O15: =IF(AND('stammdaten - schwimmer'!#ref!<DATE(2011,7,20),'stammdaten - schwimmer'!#ref!>DATE(2007,7,19)),A15,) -> #VALUE! | P15: =IF(AND('stammdaten - schwimmer'!#ref!<DATE(2011,7,20),'stammdaten - schwimmer'!#ref!>DATE(2007,7,19)),B15,) -> #VALUE! | Q15: =IF(AND('stammdaten - schwimmer'!#ref!<DATE(2011,7,20),'stammdaten - schwimmer'!#ref!>DATE(2007,7,19)),C15,) -> #VALUE! | R15: =IF(AND('stammdaten - schwimmer'!#ref!<DATE(2011,7,20),'stammdaten - schwimmer'!#ref!>DATE(2007,7,19)),D15,) -> #VALUE! | S15: =IF(AND('stammdaten - schwimmer'!#ref!<DATE(2011,7,20),'stammdaten - schwimmer'!#ref!>DATE(2007,7,19)),'stammdaten - schwimmer'!#ref!,) -> #VALUE! | T15: =_xlfn.RANK.EQ(S15,S$4:S$103,0) -> #REF! | V15: =IF('stammdaten - schwimmer'!#ref!<DATE(2007,7,20),A15,) -> #VALUE! | W15: =IF('stammdaten - schwimmer'!#ref!<DATE(2007,7,20),B15,) -> #VALUE! | X15: =IF('stammdaten - schwimmer'!#ref!<DATE(2007,7,20),C15,) -> #VALUE! | Y15: =IF('stammdaten - schwimmer'!#ref!<DATE(2007,7,20),D15,) -> #VALUE! | Z15: =IF('stammdaten - schwimmer'!#ref!<DATE(2007,7,20),'stammdaten - schwimmer'!#ref!,) -> #VALUE! | AA15: =_xlfn.RANK.EQ(Z15,Z$4:Z$103,0) -> #REF!
A16: ='stammdaten - schwimmer'!#ref! -> #VALUE! | B16: ='stammdaten - schwimmer'!#ref! -> #VALUE! | C16: ='stammdaten - schwimmer'!#ref! -> #VALUE! | D16: ='stammdaten - schwimmer'!#ref!+'stammdaten - schwimmer'!#ref!+'stammdaten - schwimmer'!#ref!+'stammdaten - schwimmer'!#ref!+'stammdaten - schwimmer'!#ref! -> #VALUE! | E16: ='stammdaten - schwimmer'!#ref! -> #VALUE! | H16: =IF('stammdaten - schwimmer'!#ref!>DATE(2011,7,20),A16,) -> #VALUE! | I16: =IF('stammdaten - schwimmer'!#ref!>DATE(2011,7,20),B16,) -> #VALUE! | J16: =IF('stammdaten - schwimmer'!#ref!>DATE(2011,7,20),C16,) -> #VALUE! | K16: =IF('stammdaten - schwimmer'!#ref!>DATE(2011,7,20),D16,) -> #VALUE! | L16: =IF('stammdaten - schwimmer'!#ref!>DATE(2011,7,20),'stammdaten - schwimmer'!#ref!,) -> #VALUE! | M16: =_xlfn.RANK.EQ(L16,L$4:L$103,0) -> #REF! | O16: =IF(AND('stammdaten - schwimmer'!#ref!<DATE(2011,7,20),'stammdaten - schwimmer'!#ref!>DATE(2007,7,19)),A16,) -> #VALUE! | P16: =IF(AND('stammdaten - schwimmer'!#ref!<DATE(2011,7,20),'stammdaten - schwimmer'!#ref!>DATE(2007,7,19)),B16,) -> #VALUE! | Q16: =IF(AND('stammdaten - schwimmer'!#ref!<DATE(2011,7,20),'stammdaten - schwimmer'!#ref!>DATE(2007,7,19)),C16,) -> #VALUE! | R16: =IF(AND('stammdaten - schwimmer'!#ref!<DATE(2011,7,20),'stammdaten - schwimmer'!#ref!>DATE(2007,7,19)),D16,) -> #VALUE! | S16: =IF(AND('stammdaten - schwimmer'!#ref!<DATE(2011,7,20),'stammdaten - schwimmer'!#ref!>DATE(2007,7,19)),'stammdaten - schwimmer'!#ref!,) -> #VALUE! | T16: =_xlfn.RANK.EQ(S16,S$4:S$103,0) -> #REF! | V16: =IF('stammdaten - schwimmer'!#ref!<DATE(2007,7,20),A16,) -> #VALUE! | W16: =IF('stammdaten - schwimmer'!#ref!<DATE(2007,7,20),B16,) -> #VALUE! | X16: =IF('stammdaten - schwimmer'!#ref!<DATE(2007,7,20),C16,) -> #VALUE! | Y16: =IF('stammdaten - schwimmer'!#ref!<DATE(2007,7,20),D16,) -> #VALUE! | Z16: =IF('stammdaten - schwimmer'!#ref!<DATE(2007,7,20),'stammdaten - schwimmer'!#ref!,) -> #VALUE! | AA16: =_xlfn.RANK.EQ(Z16,Z$4:Z$103,0) -> #REF!
A17: ='stammdaten - schwimmer'!#ref! -> #VALUE! | B17: ='stammdaten - schwimmer'!#ref! -> #VALUE! | C17: ='stammdaten - schwimmer'!#ref! -> #VALUE! | D17: ='stammdaten - schwimmer'!#ref!+'stammdaten - schwimmer'!#ref!+'stammdaten - schwimmer'!#ref!+'stammdaten - schwimmer'!#ref!+'Stammdaten - Schwimmer'!Z14 -> #VALUE! | E17: ='stammdaten - schwimmer'!#ref! -> #VALUE! | H17: =IF('stammdaten - schwimmer'!#ref!>DATE(2011,7,20),A17,) -> #VALUE! | I17: =IF('stammdaten - schwimmer'!#ref!>DATE(2011,7,20),B17,) -> #VALUE! | J17: =IF('stammdaten - schwimmer'!#ref!>DATE(2011,7,20),C17,) -> #VALUE! | K17: =IF('stammdaten - schwimmer'!#ref!>DATE(2011,7,20),D17,) -> #VALUE! | L17: =IF('stammdaten - schwimmer'!#ref!>DATE(2011,7,20),'stammdaten - schwimmer'!#ref!,) -> #VALUE! | M17: =_xlfn.RANK.EQ(L17,L$4:L$103,0) -> #REF! | O17: =IF(AND('stammdaten - schwimmer'!#ref!<DATE(2011,7,20),'stammdaten - schwimmer'!#ref!>DATE(2007,7,19)),A17,) -> #VALUE! | P17: =IF(AND('stammdaten - schwimmer'!#ref!<DATE(2011,7,20),'stammdaten - schwimmer'!#ref!>DATE(2007,7,19)),B17,) -> #VALUE! | Q17: =IF(AND('stammdaten - schwimmer'!#ref!<DATE(2011,7,20),'stammdaten - schwimmer'!#ref!>DATE(2007,7,19)),C17,) -> #VALUE! | R17: =IF(AND('stammdaten - schwimmer'!#ref!<DATE(2011,7,20),'stammdaten - schwimmer'!#ref!>DATE(2007,7,19)),D17,) -> #VALUE! | S17: =IF(AND('stammdaten - schwimmer'!#ref!<DATE(2011,7,20),'stammdaten - schwimmer'!#ref!>DATE(2007,7,19)),'stammdaten - schwimmer'!#ref!,) -> #VALUE! | T17: =_xlfn.RANK.EQ(S17,S$4:S$103,0) -> #REF! | V17: =IF('stammdaten - schwimmer'!#ref!<DATE(2007,7,20),A17,) -> #VALUE! | W17: =IF('stammdaten - schwimmer'!#ref!<DATE(2007,7,20),B17,) -> #VALUE! | X17: =IF('stammdaten - schwimmer'!#ref!<DATE(2007,7,20),C17,) -> #VALUE! | Y17: =IF('stammdaten - schwimmer'!#ref!<DATE(2007,7,20),D17,) -> #VALUE! | Z17: =IF('stammdaten - schwimmer'!#ref!<DATE(2007,7,20),'stammdaten - schwimmer'!#ref!,) -> #VALUE! | AA17: =_xlfn.RANK.EQ(Z17,Z$4:Z$103,0) -> #REF!
A18: ='Stammdaten - Schwimmer'!A14 -> 12 | B18: ='Stammdaten - Schwimmer'!B14 -> 0 | C18: ='Stammdaten - Schwimmer'!C14 -> 0 | D18: ='Stammdaten - Schwimmer'!J14+'Stammdaten - Schwimmer'!N14+'Stammdaten - Schwimmer'!R14+'Stammdaten - Schwimmer'!V14+'Stammdaten - Schwimmer'!Z15 -> 0 | E18: ='Stammdaten - Schwimmer'!F14 -> 0 | H18: =IF('Stammdaten - Schwimmer'!D14>DATE(2011,7,20),A18,) -> 0 | I18: =IF('Stammdaten - Schwimmer'!$D14>DATE(2011,7,20),B18,) -> 0 | J18: =IF('Stammdaten - Schwimmer'!$D14>DATE(2011,7,20),C18,) -> 0 | K18: =IF('Stammdaten - Schwimmer'!$D14>DATE(2011,7,20),D18,) -> 0 | L18: =IF('Stammdaten - Schwimmer'!$D14>DATE(2011,7,20),'Stammdaten - Schwimmer'!F14,) -> 0 | M18: =_xlfn.RANK.EQ(L18,L$4:L$103,0) -> #REF! | O18: =IF(AND('Stammdaten - Schwimmer'!$D14<DATE(2011,7,20),'Stammdaten - Schwimmer'!$D14>DATE(2007,7,19)),A18,) -> 0 | P18: =IF(AND('Stammdaten - Schwimmer'!$D14<DATE(2011,7,20),'Stammdaten - Schwimmer'!$D14>DATE(2007,7,19)),B18,) -> 0 | Q18: =IF(AND('Stammdaten - Schwimmer'!$D14<DATE(2011,7,20),'Stammdaten - Schwimmer'!$D14>DATE(2007,7,19)),C18,) -> 0 | R18: =IF(AND('Stammdaten - Schwimmer'!$D14<DATE(2011,7,20),'Stammdaten - Schwimmer'!$D14>DATE(2007,7,19)),D18,) -> 0 | S18: =IF(AND('Stammdaten - Schwimmer'!$D14<DATE(2011,7,20),'Stammdaten - Schwimmer'!$D14>DATE(2007,7,19)),'Stammdaten - Schwimmer'!F14,) -> 0 | T18: =_xlfn.RANK.EQ(S18,S$4:S$103,0) -> #REF! | V18: =IF('Stammdaten - Schwimmer'!$D14<DATE(2007,7,20),A18,) -> 12 | W18: =IF('Stammdaten - Schwimmer'!$D14<DATE(2007,7,20),B18,) -> 0 | X18: =IF('Stammdaten - Schwimmer'!$D14<DATE(2007,7,20),C18,) -> 0 | Y18: =IF('Stammdaten - Schwimmer'!$D14<DATE(2007,7,20),D18,) -> 0 | Z18: =IF('Stammdaten - Schwimmer'!$D14<DATE(2007,7,20),'Stammdaten - Schwimmer'!F14,) -> 0 | AA18: =_xlfn.RANK.EQ(Z18,Z$4:Z$103,0) -> #REF!
A19: ='Stammdaten - Schwimmer'!A15 -> 13 | B19: ='Stammdaten - Schwimmer'!B15 -> 0 | C19: ='Stammdaten - Schwimmer'!C15 -> 0 | D19: ='Stammdaten - Schwimmer'!J15+'Stammdaten - Schwimmer'!N15+'Stammdaten - Schwimmer'!R15+'Stammdaten - Schwimmer'!V15+'Stammdaten - Schwimmer'!Z16 -> 0 | E19: ='Stammdaten - Schwimmer'!F15 -> 0 | H19: =IF('Stammdaten - Schwimmer'!D15>DATE(2011,7,20),A19,) -> 0 | I19: =IF('Stammdaten - Schwimmer'!$D15>DATE(2011,7,20),B19,) -> 0 | J19: =IF('Stammdaten - Schwimmer'!$D15>DATE(2011,7,20),C19,) -> 0 | K19: =IF('Stammdaten - Schwimmer'!$D15>DATE(2011,7,20),D19,) -> 0 | L19: =IF('Stammdaten - Schwimmer'!$D15>DATE(2011,7,20),'Stammdaten - Schwimmer'!F15,) -> 0 | M19: =_xlfn.RANK.EQ(L19,L$4:L$103,0) -> #REF! | O19: =IF(AND('Stammdaten - Schwimmer'!$D15<DATE(2011,7,20),'Stammdaten - Schwimmer'!$D15>DATE(2007,7,19)),A19,) -> 0 | P19: =IF(AND('Stammdaten - Schwimmer'!$D15<DATE(2011,7,20),'Stammdaten - Schwimmer'!$D15>DATE(2007,7,19)),B19,) -> 0 | Q19: =IF(AND('Stammdaten - Schwimmer'!$D15<DATE(2011,7,20),'Stammdaten - Schwimmer'!$D15>DATE(2007,7,19)),C19,) -> 0 | R19: =IF(AND('Stammdaten - Schwimmer'!$D15<DATE(2011,7,20),'Stammdaten - Schwimmer'!$D15>DATE(2007,7,19)),D19,) -> 0 | S19: =IF(AND('Stammdaten - Schwimmer'!$D15<DATE(2011,7,20),'Stammdaten - Schwimmer'!$D15>DATE(2007,7,19)),'Stammdaten - Schwimmer'!F15,) -> 0 | T19: =_xlfn.RANK.EQ(S19,S$4:S$103,0) -> #REF! | V19: =IF('Stammdaten - Schwimmer'!$D15<DATE(2007,7,20),A19,) -> 13 | W19: =IF('Stammdaten - Schwimmer'!$D15<DATE(2007,7,20),B19,) -> 0 | X19: =IF('Stammdaten - Schwimmer'!$D15<DATE(2007,7,20),C19,) -> 0 | Y19: =IF('Stammdaten - Schwimmer'!$D15<DATE(2007,7,20),D19,) -> 0 | Z19: =IF('Stammdaten - Schwimmer'!$D15<DATE(2007,7,20),'Stammdaten - Schwimmer'!F15,) -> 0 | AA19: =_xlfn.RANK.EQ(Z19,Z$4:Z$103,0) -> #REF!
A20: ='Stammdaten - Schwimmer'!A16 -> 14 | B20: ='Stammdaten - Schwimmer'!B16 -> 0 | C20: ='Stammdaten - Schwimmer'!C16 -> 0 | D20: ='Stammdaten - Schwimmer'!J16+'Stammdaten - Schwimmer'!N16+'Stammdaten - Schwimmer'!R16+'Stammdaten - Schwimmer'!V16+'Stammdaten - Schwimmer'!Z17 -> 0 | E20: ='Stammdaten - Schwimmer'!F16 -> 0 | H20: =IF('Stammdaten - Schwimmer'!D16>DATE(2011,7,20),A20,) -> 0 | I20: =IF('Stammdaten - Schwimmer'!$D16>DATE(2011,7,20),B20,) -> 0 | J20: =IF('Stammdaten - Schwimmer'!$D16>DATE(2011,7,20),C20,) -> 0 | K20: =IF('Stammdaten - Schwimmer'!$D16>DATE(2011,7,20),D20,) -> 0 | L20: =IF('Stammdaten - Schwimmer'!$D16>DATE(2011,7,20),'Stammdaten - Schwimmer'!F16,) -> 0 | M20: =_xlfn.RANK.EQ(L20,L$4:L$103,0) -> #REF! | O20: =IF(AND('Stammdaten - Schwimmer'!$D16<DATE(2011,7,20),'Stammdaten - Schwimmer'!$D16>DATE(2007,7,19)),A20,) -> 0 | P20: =IF(AND('Stammdaten - Schwimmer'!$D16<DATE(2011,7,20),'Stammdaten - Schwimmer'!$D16>DATE(2007,7,19)),B20,) -> 0 | Q20: =IF(AND('Stammdaten - Schwimmer'!$D16<DATE(2011,7,20),'Stammdaten - Schwimmer'!$D16>DATE(2007,7,19)),C20,) -> 0 | R20: =IF(AND('Stammdaten - Schwimmer'!$D16<DATE(2011,7,20),'Stammdaten - Schwimmer'!$D16>DATE(2007,7,19)),D20,) -> 0 | S20: =IF(AND('Stammdaten - Schwimmer'!$D16<DATE(2011,7,20),'Stammdaten - Schwimmer'!$D16>DATE(2007,7,19)),'Stammdaten - Schwimmer'!F16,) -> 0 | T20: =_xlfn.RANK.EQ(S20,S$4:S$103,0) -> #REF! | V20: =IF('Stammdaten - Schwimmer'!$D16<DATE(2007,7,20),A20,) -> 14 | W20: =IF('Stammdaten - Schwimmer'!$D16<DATE(2007,7,20),B20,) -> 0 | X20: =IF('Stammdaten - Schwimmer'!$D16<DATE(2007,7,20),C20,) -> 0 | Y20: =IF('Stammdaten - Schwimmer'!$D16<DATE(2007,7,20),D20,) -> 0 | Z20: =IF('Stammdaten - Schwimmer'!$D16<DATE(2007,7,20),'Stammdaten - Schwimmer'!F16,) -> 0 | AA20: =_xlfn.RANK.EQ(Z20,Z$4:Z$103,0) -> #REF!
A21: ='Stammdaten - Schwimmer'!A17 -> 15 | B21: ='Stammdaten - Schwimmer'!B17 -> 0 | C21: ='Stammdaten - Schwimmer'!C17 -> 0 | D21: ='Stammdaten - Schwimmer'!J17+'Stammdaten - Schwimmer'!N17+'Stammdaten - Schwimmer'!R17+'Stammdaten - Schwimmer'!V17+'Stammdaten - Schwimmer'!Z18 -> 0 | E21: ='Stammdaten - Schwimmer'!F17 -> 0 | H21: =IF('Stammdaten - Schwimmer'!D17>DATE(2011,7,20),A21,) -> 0 | I21: =IF('Stammdaten - Schwimmer'!$D17>DATE(2011,7,20),B21,) -> 0 | J21: =IF('Stammdaten - Schwimmer'!$D17>DATE(2011,7,20),C21,) -> 0 | K21: =IF('Stammdaten - Schwimmer'!$D17>DATE(2011,7,20),D21,) -> 0 | L21: =IF('Stammdaten - Schwimmer'!$D17>DATE(2011,7,20),'Stammdaten - Schwimmer'!F17,) -> 0 | M21: =_xlfn.RANK.EQ(L21,L$4:L$103,0) -> #REF! | O21: =IF(AND('Stammdaten - Schwimmer'!$D17<DATE(2011,7,20),'Stammdaten - Schwimmer'!$D17>DATE(2007,7,19)),A21,) -> 0 | P21: =IF(AND('Stammdaten - Schwimmer'!$D17<DATE(2011,7,20),'Stammdaten - Schwimmer'!$D17>DATE(2007,7,19)),B21,) -> 0 | Q21: =IF(AND('Stammdaten - Schwimmer'!$D17<DATE(2011,7,20),'Stammdaten - Schwimmer'!$D17>DATE(2007,7,19)),C21,) -> 0 | R21: =IF(AND('Stammdaten - Schwimmer'!$D17<DATE(2011,7,20),'Stammdaten - Schwimmer'!$D17>DATE(2007,7,19)),D21,) -> 0 | S21: =IF(AND('Stammdaten - Schwimmer'!$D17<DATE(2011,7,20),'Stammdaten - Schwimmer'!$D17>DATE(2007,7,19)),'Stammdaten - Schwimmer'!F17,) -> 0 | T21: =_xlfn.RANK.EQ(S21,S$4:S$103,0) -> #REF! | V21: =IF('Stammdaten - Schwimmer'!$D17<DATE(2007,7,20),A21,) -> 15 | W21: =IF('Stammdaten - Schwimmer'!$D17<DATE(2007,7,20),B21,) -> 0 | X21: =IF('Stammdaten - Schwimmer'!$D17<DATE(2007,7,20),C21,) -> 0 | Y21: =IF('Stammdaten - Schwimmer'!$D17<DATE(2007,7,20),D21,) -> 0 | Z21: =IF('Stammdaten - Schwimmer'!$D17<DATE(2007,7,20),'Stammdaten - Schwimmer'!F17,) -> 0 | AA21: =_xlfn.RANK.EQ(Z21,Z$4:Z$103,0) -> #REF!
A22: ='Stammdaten - Schwimmer'!A18 -> 16 | B22: ='Stammdaten - Schwimmer'!B18 -> 0 | C22: ='Stammdaten - Schwimmer'!C18 -> 0 | D22: ='Stammdaten - Schwimmer'!J18+'Stammdaten - Schwimmer'!N18+'Stammdaten - Schwimmer'!R18+'Stammdaten - Schwimmer'!V18+'Stammdaten - Schwimmer'!Z19 -> 0 | E22: ='Stammdaten - Schwimmer'!F18 -> 0 | H22: =IF('Stammdaten - Schwimmer'!D18>DATE(2011,7,20),A22,) -> 0 | I22: =IF('Stammdaten - Schwimmer'!$D18>DATE(2011,7,20),B22,) -> 0 | J22: =IF('Stammdaten - Schwimmer'!$D18>DATE(2011,7,20),C22,) -> 0 | K22: =IF('Stammdaten - Schwimmer'!$D18>DATE(2011,7,20),D22,) -> 0 | L22: =IF('Stammdaten - Schwimmer'!$D18>DATE(2011,7,20),'Stammdaten - Schwimmer'!F18,) -> 0 | M22: =_xlfn.RANK.EQ(L22,L$4:L$103,0) -> #REF! | O22: =IF(AND('Stammdaten - Schwimmer'!$D18<DATE(2011,7,20),'Stammdaten - Schwimmer'!$D18>DATE(2007,7,19)),A22,) -> 0 | P22: =IF(AND('Stammdaten - Schwimmer'!$D18<DATE(2011,7,20),'Stammdaten - Schwimmer'!$D18>DATE(2007,7,19)),B22,) -> 0 | Q22: =IF(AND('Stammdaten - Schwimmer'!$D18<DATE(2011,7,20),'Stammdaten - Schwimmer'!$D18>DATE(2007,7,19)),C22,) -> 0 | R22: =IF(AND('Stammdaten - Schwimmer'!$D18<DATE(2011,7,20),'Stammdaten - Schwimmer'!$D18>DATE(2007,7,19)),D22,) -> 0 | S22: =IF(AND('Stammdaten - Schwimmer'!$D18<DATE(2011,7,20),'Stammdaten - Schwimmer'!$D18>DATE(2007,7,19)),'Stammdaten - Schwimmer'!F18,) -> 0 | T22: =_xlfn.RANK.EQ(S22,S$4:S$103,0) -> #REF! | V22: =IF('Stammdaten - Schwimmer'!$D18<DATE(2007,7,20),A22,) -> 16 | W22: =IF('Stammdaten - Schwimmer'!$D18<DATE(2007,7,20),B22,) -> 0 | X22: =IF('Stammdaten - Schwimmer'!$D18<DATE(2007,7,20),C22,) -> 0 | Y22: =IF('Stammdaten - Schwimmer'!$D18<DATE(2007,7,20),D22,) -> 0 | Z22: =IF('Stammdaten - Schwimmer'!$D18<DATE(2007,7,20),'Stammdaten - Schwimmer'!F18,) -> 0 | AA22: =_xlfn.RANK.EQ(Z22,Z$4:Z$103,0) -> #REF!
A23: ='Stammdaten - Schwimmer'!A19 -> 17 | B23: ='Stammdaten - Schwimmer'!B19 -> 0 | C23: ='Stammdaten - Schwimmer'!C19 -> 0 | D23: ='Stammdaten - Schwimmer'!J19+'Stammdaten - Schwimmer'!N19+'Stammdaten - Schwimmer'!R19+'Stammdaten - Schwimmer'!V19+'Stammdaten - Schwimmer'!Z20 -> 0 | E23: ='Stammdaten - Schwimmer'!F19 -> 0 | H23: =IF('Stammdaten - Schwimmer'!D19>DATE(2011,7,20),A23,) -> 0 | I23: =IF('Stammdaten - Schwimmer'!$D19>DATE(2011,7,20),B23,) -> 0 | J23: =IF('Stammdaten - Schwimmer'!$D19>DATE(2011,7,20),C23,) -> 0 | K23: =IF('Stammdaten - Schwimmer'!$D19>DATE(2011,7,20),D23,) -> 0 | L23: =IF('Stammdaten - Schwimmer'!$D19>DATE(2011,7,20),'Stammdaten - Schwimmer'!F19,) -> 0 | M23: =_xlfn.RANK.EQ(L23,L$4:L$103,0) -> #REF! | O23: =IF(AND('Stammdaten - Schwimmer'!$D19<DATE(2011,7,20),'Stammdaten - Schwimmer'!$D19>DATE(2007,7,19)),A23,) -> 0 | P23: =IF(AND('Stammdaten - Schwimmer'!$D19<DATE(2011,7,20),'Stammdaten - Schwimmer'!$D19>DATE(2007,7,19)),B23,) -> 0 | Q23: =IF(AND('Stammdaten - Schwimmer'!$D19<DATE(2011,7,20),'Stammdaten - Schwimmer'!$D19>DATE(2007,7,19)),C23,) -> 0 | R23: =IF(AND('Stammdaten - Schwimmer'!$D19<DATE(2011,7,20),'Stammdaten - Schwimmer'!$D19>DATE(2007,7,19)),D23,) -> 0 | S23: =IF(AND('Stammdaten - Schwimmer'!$D19<DATE(2011,7,20),'Stammdaten - Schwimmer'!$D19>DATE(2007,7,19)),'Stammdaten - Schwimmer'!F19,) -> 0 | T23: =_xlfn.RANK.EQ(S23,S$4:S$103,0) -> #REF! | V23: =IF('Stammdaten - Schwimmer'!$D19<DATE(2007,7,20),A23,) -> 17 | W23: =IF('Stammdaten - Schwimmer'!$D19<DATE(2007,7,20),B23,) -> 0 | X23: =IF('Stammdaten - Schwimmer'!$D19<DATE(2007,7,20),C23,) -> 0 | Y23: =IF('Stammdaten - Schwimmer'!$D19<DATE(2007,7,20),D23,) -> 0 | Z23: =IF('Stammdaten - Schwimmer'!$D19<DATE(2007,7,20),'Stammdaten - Schwimmer'!F19,) -> 0 | AA23: =_xlfn.RANK.EQ(Z23,Z$4:Z$103,0) -> #REF!
A24: ='Stammdaten - Schwimmer'!A20 -> 18 | B24: ='Stammdaten - Schwimmer'!B20 -> 0 | C24: ='Stammdaten - Schwimmer'!C20 -> 0 | D24: ='Stammdaten - Schwimmer'!J20+'Stammdaten - Schwimmer'!N20+'Stammdaten - Schwimmer'!R20+'Stammdaten - Schwimmer'!V20+'Stammdaten - Schwimmer'!Z21 -> 0 | E24: ='Stammdaten - Schwimmer'!F20 -> 0 | H24: =IF('Stammdaten - Schwimmer'!D20>DATE(2011,7,20),A24,) -> 0 | I24: =IF('Stammdaten - Schwimmer'!$D20>DATE(2011,7,20),B24,) -> 0 | J24: =IF('Stammdaten - Schwimmer'!$D20>DATE(2011,7,20),C24,) -> 0 | K24: =IF('Stammdaten - Schwimmer'!$D20>DATE(2011,7,20),D24,) -> 0 | L24: =IF('Stammdaten - Schwimmer'!$D20>DATE(2011,7,20),'Stammdaten - Schwimmer'!F20,) -> 0 | M24: =_xlfn.RANK.EQ(L24,L$4:L$103,0) -> #REF! | O24: =IF(AND('Stammdaten - Schwimmer'!$D20<DATE(2011,7,20),'Stammdaten - Schwimmer'!$D20>DATE(2007,7,19)),A24,) -> 0 | P24: =IF(AND('Stammdaten - Schwimmer'!$D20<DATE(2011,7,20),'Stammdaten - Schwimmer'!$D20>DATE(2007,7,19)),B24,) -> 0 | Q24: =IF(AND('Stammdaten - Schwimmer'!$D20<DATE(2011,7,20),'Stammdaten - Schwimmer'!$D20>DATE(2007,7,19)),C24,) -> 0 | R24: =IF(AND('Stammdaten - Schwimmer'!$D20<DATE(2011,7,20),'Stammdaten - Schwimmer'!$D20>DATE(2007,7,19)),D24,) -> 0 | S24: =IF(AND('Stammdaten - Schwimmer'!$D20<DATE(2011,7,20),'Stammdaten - Schwimmer'!$D20>DATE(2007,7,19)),'Stammdaten - Schwimmer'!F20,) -> 0 | T24: =_xlfn.RANK.EQ(S24,S$4:S$103,0) -> #REF! | V24: =IF('Stammdaten - Schwimmer'!$D20<DATE(2007,7,20),A24,) -> 18 | W24: =IF('Stammdaten - Schwimmer'!$D20<DATE(2007,7,20),B24,) -> 0 | X24: =IF('Stammdaten - Schwimmer'!$D20<DATE(2007,7,20),C24,) -> 0 | Y24: =IF('Stammdaten - Schwimmer'!$D20<DATE(2007,7,20),D24,) -> 0 | Z24: =IF('Stammdaten - Schwimmer'!$D20<DATE(2007,7,20),'Stammdaten - Schwimmer'!F20,) -> 0 | AA24: =_xlfn.RANK.EQ(Z24,Z$4:Z$103,0) -> #REF!
A25: ='Stammdaten - Schwimmer'!A21 -> 19 | B25: ='Stammdaten - Schwimmer'!B21 -> 0 | C25: ='Stammdaten - Schwimmer'!C21 -> 0 | D25: ='Stammdaten - Schwimmer'!J21+'Stammdaten - Schwimmer'!N21+'Stammdaten - Schwimmer'!R21+'Stammdaten - Schwimmer'!V21+'Stammdaten - Schwimmer'!Z22 -> 0 | E25: ='Stammdaten - Schwimmer'!F21 -> 0 | H25: =IF('Stammdaten - Schwimmer'!D21>DATE(2011,7,20),A25,) -> 0 | I25: =IF('Stammdaten - Schwimmer'!$D21>DATE(2011,7,20),B25,) -> 0 | J25: =IF('Stammdaten - Schwimmer'!$D21>DATE(2011,7,20),C25,) -> 0 | K25: =IF('Stammdaten - Schwimmer'!$D21>DATE(2011,7,20),D25,) -> 0 | L25: =IF('Stammdaten - Schwimmer'!$D21>DATE(2011,7,20),'Stammdaten - Schwimmer'!F21,) -> 0 | M25: =_xlfn.RANK.EQ(L25,L$4:L$103,0) -> #REF! | O25: =IF(AND('Stammdaten - Schwimmer'!$D21<DATE(2011,7,20),'Stammdaten - Schwimmer'!$D21>DATE(2007,7,19)),A25,) -> 0 | P25: =IF(AND('Stammdaten - Schwimmer'!$D21<DATE(2011,7,20),'Stammdaten - Schwimmer'!$D21>DATE(2007,7,19)),B25,) -> 0 | Q25: =IF(AND('Stammdaten - Schwimmer'!$D21<DATE(2011,7,20),'Stammdaten - Schwimmer'!$D21>DATE(2007,7,19)),C25,) -> 0 | R25: =IF(AND('Stammdaten - Schwimmer'!$D21<DATE(2011,7,20),'Stammdaten - Schwimmer'!$D21>DATE(2007,7,19)),D25,) -> 0 | S25: =IF(AND('Stammdaten - Schwimmer'!$D21<DATE(2011,7,20),'Stammdaten - Schwimmer'!$D21>DATE(2007,7,19)),'Stammdaten - Schwimmer'!F21,) -> 0 | T25: =_xlfn.RANK.EQ(S25,S$4:S$103,0) -> #REF! | V25: =IF('Stammdaten - Schwimmer'!$D21<DATE(2007,7,20),A25,) -> 19 | W25: =IF('Stammdaten - Schwimmer'!$D21<DATE(2007,7,20),B25,) -> 0 | X25: =IF('Stammdaten - Schwimmer'!$D21<DATE(2007,7,20),C25,) -> 0 | Y25: =IF('Stammdaten - Schwimmer'!$D21<DATE(2007,7,20),D25,) -> 0 | Z25: =IF('Stammdaten - Schwimmer'!$D21<DATE(2007,7,20),'Stammdaten - Schwimmer'!F21,) -> 0 | AA25: =_xlfn.RANK.EQ(Z25,Z$4:Z$103,0) -> #REF!
A26: ='Stammdaten - Schwimmer'!A22 -> 20 | B26: ='Stammdaten - Schwimmer'!B22 -> 0 | C26: ='Stammdaten - Schwimmer'!C22 -> 0 | D26: ='Stammdaten - Schwimmer'!J22+'Stammdaten - Schwimmer'!N22+'Stammdaten - Schwimmer'!R22+'Stammdaten - Schwimmer'!V22+'Stammdaten - Schwimmer'!Z23 -> 0 | E26: ='Stammdaten - Schwimmer'!F22 -> 0 | H26: =IF('Stammdaten - Schwimmer'!D22>DATE(2011,7,20),A26,) -> 0 | I26: =IF('Stammdaten - Schwimmer'!$D22>DATE(2011,7,20),B26,) -> 0 | J26: =IF('Stammdaten - Schwimmer'!$D22>DATE(2011,7,20),C26,) -> 0 | K26: =IF('Stammdaten - Schwimmer'!$D22>DATE(2011,7,20),D26,) -> 0 | L26: =IF('Stammdaten - Schwimmer'!$D22>DATE(2011,7,20),'Stammdaten - Schwimmer'!F22,) -> 0 | M26: =_xlfn.RANK.EQ(L26,L$4:L$103,0) -> #REF! | O26: =IF(AND('Stammdaten - Schwimmer'!$D22<DATE(2011,7,20),'Stammdaten - Schwimmer'!$D22>DATE(2007,7,19)),A26,) -> 0 | P26: =IF(AND('Stammdaten - Schwimmer'!$D22<DATE(2011,7,20),'Stammdaten - Schwimmer'!$D22>DATE(2007,7,19)),B26,) -> 0 | Q26: =IF(AND('Stammdaten - Schwimmer'!$D22<DATE(2011,7,20),'Stammdaten - Schwimmer'!$D22>DATE(2007,7,19)),C26,) -> 0 | R26: =IF(AND('Stammdaten - Schwimmer'!$D22<DATE(2011,7,20),'Stammdaten - Schwimmer'!$D22>DATE(2007,7,19)),D26,) -> 0 | S26: =IF(AND('Stammdaten - Schwimmer'!$D22<DATE(2011,7,20),'Stammdaten - Schwimmer'!$D22>DATE(2007,7,19)),'Stammdaten - Schwimmer'!F22,) -> 0 | T26: =_xlfn.RANK.EQ(S26,S$4:S$103,0) -> #REF! | V26: =IF('Stammdaten - Schwimmer'!$D22<DATE(2007,7,20),A26,) -> 20 | W26: =IF('Stammdaten - Schwimmer'!$D22<DATE(2007,7,20),B26,) -> 0 | X26: =IF('Stammdaten - Schwimmer'!$D22<DATE(2007,7,20),C26,) -> 0 | Y26: =IF('Stammdaten - Schwimmer'!$D22<DATE(2007,7,20),D26,) -> 0 | Z26: =IF('Stammdaten - Schwimmer'!$D22<DATE(2007,7,20),'Stammdaten - Schwimmer'!F22,) -> 0 | AA26: =_xlfn.RANK.EQ(Z26,Z$4:Z$103,0) -> #REF!
A27: ='Stammdaten - Schwimmer'!A23 -> 21 | B27: ='Stammdaten - Schwimmer'!B23 -> 0 | C27: ='Stammdaten - Schwimmer'!C23 -> 0 | D27: ='Stammdaten - Schwimmer'!J23+'Stammdaten - Schwimmer'!N23+'Stammdaten - Schwimmer'!R23+'Stammdaten - Schwimmer'!V23+'Stammdaten - Schwimmer'!Z24 -> 0 | E27: ='Stammdaten - Schwimmer'!F23 -> 0 | H27: =IF('Stammdaten - Schwimmer'!D23>DATE(2011,7,20),A27,) -> 0 | I27: =IF('Stammdaten - Schwimmer'!$D23>DATE(2011,7,20),B27,) -> 0 | J27: =IF('Stammdaten - Schwimmer'!$D23>DATE(2011,7,20),C27,) -> 0 | K27: =IF('Stammdaten - Schwimmer'!$D23>DATE(2011,7,20),D27,) -> 0 | L27: =IF('Stammdaten - Schwimmer'!$D23>DATE(2011,7,20),'Stammdaten - Schwimmer'!F23,) -> 0 | M27: =_xlfn.RANK.EQ(L27,L$4:L$103,0) -> #REF! | O27: =IF(AND('Stammdaten - Schwimmer'!$D23<DATE(2011,7,20),'Stammdaten - Schwimmer'!$D23>DATE(2007,7,19)),A27,) -> 0 | P27: =IF(AND('Stammdaten - Schwimmer'!$D23<DATE(2011,7,20),'Stammdaten - Schwimmer'!$D23>DATE(2007,7,19)),B27,) -> 0 | Q27: =IF(AND('Stammdaten - Schwimmer'!$D23<DATE(2011,7,20),'Stammdaten - Schwimmer'!$D23>DATE(2007,7,19)),C27,) -> 0 | R27: =IF(AND('Stammdaten - Schwimmer'!$D23<DATE(2011,7,20),'Stammdaten - Schwimmer'!$D23>DATE(2007,7,19)),D27,) -> 0 | S27: =IF(AND('Stammdaten - Schwimmer'!$D23<DATE(2011,7,20),'Stammdaten - Schwimmer'!$D23>DATE(2007,7,19)),'Stammdaten - Schwimmer'!F23,) -> 0 | T27: =_xlfn.RANK.EQ(S27,S$4:S$103,0) -> #REF! | V27: =IF('Stammdaten - Schwimmer'!$D23<DATE(2007,7,20),A27,) -> 21 | W27: =IF('Stammdaten - Schwimmer'!$D23<DATE(2007,7,20),B27,) -> 0 | X27: =IF('Stammdaten - Schwimmer'!$D23<DATE(2007,7,20),C27,) -> 0 | Y27: =IF('Stammdaten - Schwimmer'!$D23<DATE(2007,7,20),D27,) -> 0 | Z27: =IF('Stammdaten - Schwimmer'!$D23<DATE(2007,7,20),'Stammdaten - Schwimmer'!F23,) -> 0 | AA27: =_xlfn.RANK.EQ(Z27,Z$4:Z$103,0) -> #REF!
A28: ='Stammdaten - Schwimmer'!A24 -> 22 | B28: ='Stammdaten - Schwimmer'!B24 -> 0 | C28: ='Stammdaten - Schwimmer'!C24 -> 0 | D28: ='Stammdaten - Schwimmer'!J24+'Stammdaten - Schwimmer'!N24+'Stammdaten - Schwimmer'!R24+'Stammdaten - Schwimmer'!V24+'Stammdaten - Schwimmer'!Z25 -> 0 | E28: ='Stammdaten - Schwimmer'!F24 -> 0 | H28: =IF('Stammdaten - Schwimmer'!D24>DATE(2011,7,20),A28,) -> 0 | I28: =IF('Stammdaten - Schwimmer'!$D24>DATE(2011,7,20),B28,) -> 0 | J28: =IF('Stammdaten - Schwimmer'!$D24>DATE(2011,7,20),C28,) -> 0 | K28: =IF('Stammdaten - Schwimmer'!$D24>DATE(2011,7,20),D28,) -> 0 | L28: =IF('Stammdaten - Schwimmer'!$D24>DATE(2011,7,20),'Stammdaten - Schwimmer'!F24,) -> 0 | M28: =_xlfn.RANK.EQ(L28,L$4:L$103,0) -> #REF! | O28: =IF(AND('Stammdaten - Schwimmer'!$D24<DATE(2011,7,20),'Stammdaten - Schwimmer'!$D24>DATE(2007,7,19)),A28,) -> 0 | P28: =IF(AND('Stammdaten - Schwimmer'!$D24<DATE(2011,7,20),'Stammdaten - Schwimmer'!$D24>DATE(2007,7,19)),B28,) -> 0 | Q28: =IF(AND('Stammdaten - Schwimmer'!$D24<DATE(2011,7,20),'Stammdaten - Schwimmer'!$D24>DATE(2007,7,19)),C28,) -> 0 | R28: =IF(AND('Stammdaten - Schwimmer'!$D24<DATE(2011,7,20),'Stammdaten - Schwimmer'!$D24>DATE(2007,7,19)),D28,) -> 0 | S28: =IF(AND('Stammdaten - Schwimmer'!$D24<DATE(2011,7,20),'Stammdaten - Schwimmer'!$D24>DATE(2007,7,19)),'Stammdaten - Schwimmer'!F24,) -> 0 | T28: =_xlfn.RANK.EQ(S28,S$4:S$103,0) -> #REF! | V28: =IF('Stammdaten - Schwimmer'!$D24<DATE(2007,7,20),A28,) -> 22 | W28: =IF('Stammdaten - Schwimmer'!$D24<DATE(2007,7,20),B28,) -> 0 | X28: =IF('Stammdaten - Schwimmer'!$D24<DATE(2007,7,20),C28,) -> 0 | Y28: =IF('Stammdaten - Schwimmer'!$D24<DATE(2007,7,20),D28,) -> 0 | Z28: =IF('Stammdaten - Schwimmer'!$D24<DATE(2007,7,20),'Stammdaten - Schwimmer'!F24,) -> 0 | AA28: =_xlfn.RANK.EQ(Z28,Z$4:Z$103,0) -> #REF!
A29: ='Stammdaten - Schwimmer'!A25 -> 23 | B29: ='Stammdaten - Schwimmer'!B25 -> 0 | C29: ='Stammdaten - Schwimmer'!C25 -> 0 | D29: ='Stammdaten - Schwimmer'!J25+'Stammdaten - Schwimmer'!N25+'Stammdaten - Schwimmer'!R25+'Stammdaten - Schwimmer'!V25+'Stammdaten - Schwimmer'!Z26 -> 0 | E29: ='Stammdaten - Schwimmer'!F25 -> 0 | H29: =IF('Stammdaten - Schwimmer'!D25>DATE(2011,7,20),A29,) -> 0 | I29: =IF('Stammdaten - Schwimmer'!$D25>DATE(2011,7,20),B29,) -> 0 | J29: =IF('Stammdaten - Schwimmer'!$D25>DATE(2011,7,20),C29,) -> 0 | K29: =IF('Stammdaten - Schwimmer'!$D25>DATE(2011,7,20),D29,) -> 0 | L29: =IF('Stammdaten - Schwimmer'!$D25>DATE(2011,7,20),'Stammdaten - Schwimmer'!F25,) -> 0 | M29: =_xlfn.RANK.EQ(L29,L$4:L$103,0) -> #REF! | O29: =IF(AND('Stammdaten - Schwimmer'!$D25<DATE(2011,7,20),'Stammdaten - Schwimmer'!$D25>DATE(2007,7,19)),A29,) -> 0 | P29: =IF(AND('Stammdaten - Schwimmer'!$D25<DATE(2011,7,20),'Stammdaten - Schwimmer'!$D25>DATE(2007,7,19)),B29,) -> 0 | Q29: =IF(AND('Stammdaten - Schwimmer'!$D25<DATE(2011,7,20),'Stammdaten - Schwimmer'!$D25>DATE(2007,7,19)),C29,) -> 0 | R29: =IF(AND('Stammdaten - Schwimmer'!$D25<DATE(2011,7,20),'Stammdaten - Schwimmer'!$D25>DATE(2007,7,19)),D29,) -> 0 | S29: =IF(AND('Stammdaten - Schwimmer'!$D25<DATE(2011,7,20),'Stammdaten - Schwimmer'!$D25>DATE(2007,7,19)),'Stammdaten - Schwimmer'!F25,) -> 0 | T29: =_xlfn.RANK.EQ(S29,S$4:S$103,0) -> #REF! | V29: =IF('Stammdaten - Schwimmer'!$D25<DATE(2007,7,20),A29,) -> 23 | W29: =IF('Stammdaten - Schwimmer'!$D25<DATE(2007,7,20),B29,) -> 0 | X29: =IF('Stammdaten - Schwimmer'!$D25<DATE(2007,7,20),C29,) -> 0 | Y29: =IF('Stammdaten - Schwimmer'!$D25<DATE(2007,7,20),D29,) -> 0 | Z29: =IF('Stammdaten - Schwimmer'!$D25<DATE(2007,7,20),'Stammdaten - Schwimmer'!F25,) -> 0 | AA29: =_xlfn.RANK.EQ(Z29,Z$4:Z$103,0) -> #REF!
... A75: ='Stammdaten - Schwimmer'!A71 -> 69 | B75: ='Stammdaten - Schwimmer'!B71 -> 0 | C75: ='Stammdaten - Schwimmer'!C71 -> 0 | D75: ='Stammdaten - Schwimmer'!J71+'Stammdaten - Schwimmer'!N71+'Stammdaten - Schwimmer'!R71+'Stammdaten - Schwimmer'!V71+'Stammdaten - Schwimmer'!Z72 -> 0 | E75: ='Stammdaten - Schwimmer'!F71 -> 0 | H75: =IF('Stammdaten - Schwimmer'!D71>DATE(2011,7,20),A75,) -> 0 | I75: =IF('Stammdaten - Schwimmer'!$D71>DATE(2011,7,20),B75,) -> 0 | J75: =IF('Stammdaten - Schwimmer'!$D71>DATE(2011,7,20),C75,) -> 0 | K75: =IF('Stammdaten - Schwimmer'!$D71>DATE(2011,7,20),D75,) -> 0 | L75: =IF('Stammdaten - Schwimmer'!$D71>DATE(2011,7,20),'Stammdaten - Schwimmer'!F71,) -> 0 | M75: =_xlfn.RANK.EQ(L75,L$4:L$103,0) -> #REF! | O75: =IF(AND('Stammdaten - Schwimmer'!$D71<DATE(2011,7,20),'Stammdaten - Schwimmer'!$D71>DATE(2007,7,19)),A75,) -> 0 | P75: =IF(AND('Stammdaten - Schwimmer'!$D71<DATE(2011,7,20),'Stammdaten - Schwimmer'!$D71>DATE(2007,7,19)),B75,) -> 0 | Q75: =IF(AND('Stammdaten - Schwimmer'!$D71<DATE(2011,7,20),'Stammdaten - Schwimmer'!$D71>DATE(2007,7,19)),C75,) -> 0 | R75: =IF(AND('Stammdaten - Schwimmer'!$D71<DATE(2011,7,20),'Stammdaten - Schwimmer'!$D71>DATE(2007,7,19)),D75,) -> 0 | S75: =IF(AND('Stammdaten - Schwimmer'!$D71<DATE(2011,7,20),'Stammdaten - Schwimmer'!$D71>DATE(2007,7,19)),'Stammdaten - Schwimmer'!F71,) -> 0 | T75: =_xlfn.RANK.EQ(S75,S$4:S$103,0) -> #REF! | V75: =IF('Stammdaten - Schwimmer'!$D71<DATE(2007,7,20),A75,) -> 69 | W75: =IF('Stammdaten - Schwimmer'!$D71<DATE(2007,7,20),B75,) -> 0 | X75: =IF('Stammdaten - Schwimmer'!$D71<DATE(2007,7,20),C75,) -> 0 | Y75: =IF('Stammdaten - Schwimmer'!$D71<DATE(2007,7,20),D75,) -> 0 | Z75: =IF('Stammdaten - Schwimmer'!$D71<DATE(2007,7,20),'Stammdaten - Schwimmer'!F71,) -> 0 | AA75: =_xlfn.RANK.EQ(Z75,Z$4:Z$103,0) -> #REF!
A76: ='Stammdaten - Schwimmer'!A72 -> 70 | B76: ='Stammdaten - Schwimmer'!C72 -> Karin | C76: ='stammdaten - schwimmer'!#ref! -> #VALUE! | D76: ='Stammdaten - Schwimmer'!J72+'Stammdaten - Schwimmer'!N72+'Stammdaten - Schwimmer'!R72+'Stammdaten - Schwimmer'!V72+'Stammdaten - Schwimmer'!Z73 -> 20 | E76: ='Stammdaten - Schwimmer'!F72 -> 36 | H76: =IF('Stammdaten - Schwimmer'!D72>DATE(2011,7,20),A76,) -> 0 | I76: =IF('Stammdaten - Schwimmer'!$D72>DATE(2011,7,20),B76,) -> 0 | J76: =IF('Stammdaten - Schwimmer'!$D72>DATE(2011,7,20),C76,) -> 0 | K76: =IF('Stammdaten - Schwimmer'!$D72>DATE(2011,7,20),D76,) -> 0 | L76: =IF('Stammdaten - Schwimmer'!$D72>DATE(2011,7,20),'Stammdaten - Schwimmer'!F72,) -> 0 | M76: =_xlfn.RANK.EQ(L76,L$4:L$103,0) -> #REF! | O76: =IF(AND('Stammdaten - Schwimmer'!$D72<DATE(2011,7,20),'Stammdaten - Schwimmer'!$D72>DATE(2007,7,19)),A76,) -> 0 | P76: =IF(AND('Stammdaten - Schwimmer'!$D72<DATE(2011,7,20),'Stammdaten - Schwimmer'!$D72>DATE(2007,7,19)),B76,) -> 0 | Q76: =IF(AND('Stammdaten - Schwimmer'!$D72<DATE(2011,7,20),'Stammdaten - Schwimmer'!$D72>DATE(2007,7,19)),C76,) -> 0 | R76: =IF(AND('Stammdaten - Schwimmer'!$D72<DATE(2011,7,20),'Stammdaten - Schwimmer'!$D72>DATE(2007,7,19)),D76,) -> 0 | S76: =IF(AND('Stammdaten - Schwimmer'!$D72<DATE(2011,7,20),'Stammdaten - Schwimmer'!$D72>DATE(2007,7,19)),'Stammdaten - Schwimmer'!F72,) -> 0 | T76: =_xlfn.RANK.EQ(S76,S$4:S$103,0) -> #REF! | V76: =IF('Stammdaten - Schwimmer'!$D72<DATE(2007,7,20),A76,) -> 70 | W76: =IF('Stammdaten - Schwimmer'!$D72<DATE(2007,7,20),B76,) -> Karin | X76: =IF('Stammdaten - Schwimmer'!$D72<DATE(2007,7,20),C76,) -> #VALUE! | Y76: =IF('Stammdaten - Schwimmer'!$D72<DATE(2007,7,20),D76,) -> 20 | Z76: =IF('Stammdaten - Schwimmer'!$D72<DATE(2007,7,20),'Stammdaten - Schwimmer'!F72,) -> 36 | AA76: =_xlfn.RANK.EQ(Z76,Z$4:Z$103,0) -> #REF!
A77: ='Stammdaten - Schwimmer'!A73 -> 71 | B77: ='Stammdaten - Schwimmer'!B73 -> Zimmermann | C77: ='Stammdaten - Schwimmer'!C73 -> Inge | D77: ='Stammdaten - Schwimmer'!J73+'Stammdaten - Schwimmer'!N73+'Stammdaten - Schwimmer'!R73+'Stammdaten - Schwimmer'!V73+'Stammdaten - Schwimmer'!Z74 -> 20 | E77: ='Stammdaten - Schwimmer'!F73 -> 22 | H77: =IF('Stammdaten - Schwimmer'!D73>DATE(2011,7,20),A77,) -> 0 | I77: =IF('Stammdaten - Schwimmer'!$D73>DATE(2011,7,20),B77,) -> 0 | J77: =IF('Stammdaten - Schwimmer'!$D73>DATE(2011,7,20),C77,) -> 0 | K77: =IF('Stammdaten - Schwimmer'!$D73>DATE(2011,7,20),D77,) -> 0 | L77: =IF('Stammdaten - Schwimmer'!$D73>DATE(2011,7,20),'Stammdaten - Schwimmer'!F73,) -> 0 | M77: =_xlfn.RANK.EQ(L77,L$4:L$103,0) -> #REF! | O77: =IF(AND('Stammdaten - Schwimmer'!$D73<DATE(2011,7,20),'Stammdaten - Schwimmer'!$D73>DATE(2007,7,19)),A77,) -> 0 | P77: =IF(AND('Stammdaten - Schwimmer'!$D73<DATE(2011,7,20),'Stammdaten - Schwimmer'!$D73>DATE(2007,7,19)),B77,) -> 0 | Q77: =IF(AND('Stammdaten - Schwimmer'!$D73<DATE(2011,7,20),'Stammdaten - Schwimmer'!$D73>DATE(2007,7,19)),C77,) -> 0 | R77: =IF(AND('Stammdaten - Schwimmer'!$D73<DATE(2011,7,20),'Stammdaten - Schwimmer'!$D73>DATE(2007,7,19)),D77,) -> 0 | S77: =IF(AND('Stammdaten - Schwimmer'!$D73<DATE(2011,7,20),'Stammdaten - Schwimmer'!$D73>DATE(2007,7,19)),'Stammdaten - Schwimmer'!F73,) -> 0 | T77: =_xlfn.RANK.EQ(S77,S$4:S$103,0) -> #REF! | V77: =IF('Stammdaten - Schwimmer'!$D73<DATE(2007,7,20),A77,) -> 71 | W77: =IF('Stammdaten - Schwimmer'!$D73<DATE(2007,7,20),B77,) -> Zimmermann | X77: =IF('Stammdaten - Schwimmer'!$D73<DATE(2007,7,20),C77,) -> Inge | Y77: =IF('Stammdaten - Schwimmer'!$D73<DATE(2007,7,20),D77,) -> 20 | Z77: =IF('Stammdaten - Schwimmer'!$D73<DATE(2007,7,20),'Stammdaten - Schwimmer'!F73,) -> 22 | AA77: =_xlfn.RANK.EQ(Z77,Z$4:Z$103,0) -> #REF!
