Workbook

Sheet Stammdaten - Schwimmer
A1: Sponsorenschwimmen
A2: Schwimmer (bis zu 100 Schwimmer vorgesehen; Dunkelblau =Testdaten und No-Shows)
A3: Nummer | B3: Name | C3: Vormname | D3: Geburtstag | E3: Mannschaft | F3: Anzahl Bahnen | G3: Sponsor Nr. | H3: Spendehöhe pro Bahn | I3: Max Betrag | J3: Spenden- Ergebnis | K3: Sponsor Nr. | L3: Spendehöhe pro Bahn | M3: Max Betrag | N3: Spenden- Ergebnis | O3: Sponsor Nr. | P3: Spendehöhe pro Bahn | Q3: Max Betrag | R3: Spenden Ergebnis | S3: Sponsor Nr. | T3: Spendehöhe pro Bahn | U3: Max Betrag | V3: Spenden Ergebnis | W3: Sponsor Nr. | X3: Spendehöhe pro Bahn | Y3: Max Betrag | Z3: Spenden Ergebnis
A4: 2 | B4: Grambow | C4: Kerstin | D4: 35065 | E4: 503, 504 | F4: 58 | G4: 1003 | H4: 0.5 | J4: =IF(AND(F4*H4>I4,I4>0),I4, F4*H4) -> 29 | K4: 1004 | L4: 0.5 | N4: =IF(AND(F4*L4>M4,M4>0),M4, F4*L4) -> 29 | O4: 1006 | P4: 0.5 | R4: =IF(AND(F4*P4>Q4,Q4>0),Q4, F4*P4) -> 29 | S4: 1007 | T4: 0.5 | V4: =IF(AND(F4*T4>U4,U4>0),U4, F4*T4) -> 29 | Z4: =IF(AND(F4*X4>Y4,Y4>0),Y4, F4*X4) -> 0
A5: 3 | B5: Gessler | C5: Tom | D5: 42230 | E5: 502 | F5: 24 | G5: 1002 | H5: 0.5 | J5: =IF(AND(F5*H5>I5,I5>0),I5, F5*H5) -> 12 | N5: =IF(AND(F5*L5>M5,M5>0),M5, F5*L5) -> 0 | R5: =IF(AND(F5*P5>Q5,Q5>0),Q5, F5*P5) -> 0 | V5: =IF(AND(F5*T5>U5,U5>0),U5, F5*T5) -> 0 | Z5: =IF(AND(F5*X5>Y5,Y5>0),Y5, F5*X5) -> 0
A6: 4 | B6: Schwenk-Fischer | C6: Eva | D6: 20973 | E6: 505 | F6: 35 | G6: 1005 | H6: 0.5 | J6: =IF(AND(F6*H6>I6,I6>0),I6, F6*H6) -> 17.5 | K6: 1009 | L6: 1 | N6: =IF(AND(F6*L6>M6,M6>0),M6, F6*L6) -> 35 | R6: =IF(AND(F6*P6>Q6,Q6>0),Q6, F6*P6) -> 0 | V6: =IF(AND(F6*T6>U6,U6>0),U6, F6*T6) -> 0 | Z6: =IF(AND(F6*X6>Y6,Y6>0),Y6, F6*X6) -> 0
A7: 5 | B7: Rink | C7: Wiebke | D7: 42566 | E7: 503.505 | F7: 74 | G7: 1003 | H7: 0.5 | J7: =IF(AND(F7*H7>I7,I7>0),I7, F7*H7) -> 37 | K7: 1005 | L7: 0.5 | N7: =IF(AND(F7*L7>M7,M7>0),M7, F7*L7) -> 37 | O7: 1009 | P7: 0.25 | R7: =IF(AND(F7*P7>Q7,Q7>0),Q7, F7*P7) -> 18.5 | V7: =IF(AND(F7*T7>U7,U7>0),U7, F7*T7) -> 0 | Z7: =IF(AND(F7*X7>Y7,Y7>0),Y7, F7*X7) -> 0
A8: 6 | B8: Künsemüller | C8: Viktoria | D8: 40021 | E8: 503 | F8: 70 | G8: 1003 | H8: 0.5 | J8: =IF(AND(F8*H8>I8,I8>0),I8, F8*H8) -> 35 | N8: =IF(AND(F8*L8>M8,M8>0),M8, F8*L8) -> 0 | R8: =IF(AND(F8*P8>Q8,Q8>0),Q8, F8*P8) -> 0 | V8: =IF(AND(F8*T8>U8,U8>0),U8, F8*T8) -> 0 | Z8: =IF(AND(F8*X8>Y8,Y8>0),Y8, F8*X8) -> 0
A9: 7 | B9: Gessler | C9: Anna | D9: 43707 | E9: 502 | F9: 7 | G9: 1002 | H9: 0.5 | J9: =IF(AND(F9*H9>I9,I9>0),I9, F9*H9) -> 3.5 | K9: 1008 | L9: 0.5 | N9: =IF(AND(F9*L9>M9,M9>0),M9, F9*L9) -> 3.5 | R9: =IF(AND(F9*P9>Q9,Q9>0),Q9, F9*P9) -> 0 | V9: =IF(AND(F9*T9>U9,U9>0),U9, F9*T9) -> 0 | Z9: =IF(AND(F9*X9>Y9,Y9>0),Y9, F9*X9) -> 0
A10: 8 | B10: Gessler | C10: Birgit | D10: 29380 | E10: 502 | F10: 42 | G10: 1002 | H10: 0.5 | J10: =IF(AND(F10*H10>I10,I10>0),I10, F10*H10) -> 21 | K10: 1008 | L10: 0.5 | N10: =IF(AND(F10*L10>M10,M10>0),M10, F10*L10) -> 21 | R10: =IF(AND(F10*P10>Q10,Q10>0),Q10, F10*P10) -> 0 | V10: =IF(AND(F10*T10>U10,U10>0),U10, F10*T10) -> 0 | Z10: =IF(AND(F10*X10>Y10,Y10>0),Y10, F10*X10) -> 0
A11: 9 | B11: Künsemüller | C11: Jessika | D11: 40654 | E11: 503 | F11: 74 | G11: 1003 | H11: 0.5 | J11: =IF(AND(F11*H11>I11,I11>0),I11, F11*H11) -> 37 | N11: =IF(AND(F11*L11>M11,M11>0),M11, F11*L11) -> 0 | R11: =IF(AND(F11*P11>Q11,Q11>0),Q11, F11*P11) -> 0 | V11: =IF(AND(F11*T11>U11,U11>0),U11, F11*T11) -> 0 | Z11: =IF(AND(F4*X11>Y11,Y11>0),Y11, F4*X11) -> 0
A12: 10 | B12: Michels | C12: Laurens | D12: 37401 | E12: 502 | F12: 70 | G12: 1002 | H12: 0.5 | J12: =IF(AND(F12*H12>I12,I12>0),I12, F12*H12) -> 35 | K12: 1011 | L12: 0.5 | N12: =IF(AND(F12*L12>M12,M12>0),M12, F12*L12) -> 35 | R12: =IF(AND(F12*P12>Q12,Q12>0),Q12, F12*P12) -> 0 | V12: =IF(AND(F12*T12>U12,U12>0),U12, F12*T12) -> 0 | Z12: =IF(AND(F12*X12>Y12,Y12>0),Y12, F12*X12) -> 0
A13: 11 | B13: Aucher | C13: Neie | D13: 40173 | E13: 502 | F13: 46 | G13: 1002 | H13: 0.5 | J13: =IF(AND(F13*H13>I13,I13>0),I13, F13*H13) -> 23 | K13: 1012 | L13: 1 | N13: =IF(AND(F13*L13>M13,M13>0),M13, F13*L13) -> 46 | O13: 1013 | P13: 2 | R13: =IF(AND(F13*P13>Q13,Q13>0),Q13, F13*P13) -> 92 | V13: =IF(AND(F13*T13>U13,U13>0),U13, F13*T13) -> 0 | Z13: =IF(AND(F13*X13>Y13,Y13>0),Y13, F13*X13) -> 0
A14: 12 | B14: Glass | C14: Helmut | D14: 24492 | E14: 505 | F14: 50 | G14: 1005 | H14: 0.5 | J14: =IF(AND(F14*H14>I14,I14>0),I14, F14*H14) -> 25 | N14: =IF(AND(F14*L14>M14,M14>0),M14, F14*L14) -> 0 | R14: =IF(AND(F14*P14>Q14,Q14>0),Q14, F14*P14) -> 0 | V14: =IF(AND(F14*T14>U14,U14>0),U14, F14*T14) -> 0 | Z14: =IF(AND(F14*X14>Y14,Y14>0),Y14, F14*X14) -> 0
A15: 13 | B15: Bachmann | C15: Anna | D15: 36207 | E15: 503 | F15: 64 | G15: 1003 | H15: 0.5 | J15: =IF(AND(F15*H15>I15,I15>0),I15, F15*H15) -> 32 | N15: =IF(AND(F15*L15>M15,M15>0),M15, F15*L15) -> 0 | R15: =IF(AND(F15*P15>Q15,Q15>0),Q15, F15*P15) -> 0 | V15: =IF(AND(F15*T15>U15,U15>0),U15, F15*T15) -> 0 | Z15: =IF(AND(F15*X15>Y15,Y15>0),Y15, F15*X15) -> 0
A16: 14 | B16: König | C16: Viola | D16: 36605 | E16: 503 | F16: 66 | G16: 1003 | H16: 0.5 | J16: =IF(AND(F16*H16>I16,I16>0),I16, F16*H16) -> 33 | N16: =IF(AND(F16*L16>M16,M16>0),M16, F16*L16) -> 0 | R16: =IF(AND(F16*P16>Q16,Q16>0),Q16, F16*P16) -> 0 | V16: =IF(AND(F16*T16>U16,U16>0),U16, F16*T16) -> 0 | Z16: =IF(AND(F16*X16>Y16,Y16>0),Y16, F16*X16) -> 0
A17: 15 | B17: Kesten | C17: Annabelle | D17: 42053 | E17: 503 | F17: 82 | G17: 1003 | H17: 0.5 | J17: =IF(AND(F17*H17>I17,I17>0),I17, F17*H17) -> 41 | K17: 1014 | L17: 1.5 | N17: =IF(AND(F17*L17>M17,M17>0),M17, F17*L17) -> 123 | O17: 1015 | P17: 0.5 | R17: =IF(AND(F17*P17>Q17,Q17>0),Q17, F17*P17) -> 41 | V17: =IF(AND(F17*T17>U17,U17>0),U17, F17*T17) -> 0 | Z17: =IF(AND(F17*X17>Y17,Y17>0),Y17, F17*X17) -> 0
A18: 16 | B18: Strobel | C18: Liana | D18: 42732 | E18: 503 | F18: 68 | G18: 1003 | H18: 0.5 | J18: =IF(AND(F18*H18>I18,I18>0),I18, F18*H18) -> 34 | N18: =IF(AND(F18*L18>M18,M18>0),M18, F18*L18) -> 0 | R18: =IF(AND(F18*P18>Q18,Q18>0),Q18, F18*P18) -> 0 | V18: =IF(AND(F18*T18>U18,U18>0),U18, F18*T18) -> 0 | Z18: =IF(AND(F18*X18>Y18,Y18>0),Y18, F18*X18) -> 0
A19: 17 | B19: Baur | C19: Seweryn | D19: 33169 | E19: 503.504 | F19: 22 | G19: 1003 | H19: 0.5 | J19: =IF(AND(F19*H19>I19,I19>0),I19, F19*H19) -> 11 | K19: 1004 | L19: 0.5 | N19: =IF(AND(F19*L19>M19,M19>0),M19, F19*L19) -> 11 | R19: =IF(AND(F19*P19>Q19,Q19>0),Q19, F19*P19) -> 0 | V19: =IF(AND(F19*T19>U19,U19>0),U19, F19*T19) -> 0 | Z19: =IF(AND(F19*X19>Y19,Y19>0),Y19, F19*X19) -> 0
A20: 18 | B20: Baur | C20: Amelie | D20: 34191 | E20: 503.504 | F20: 30 | G20: 1003 | H20: 0.5 | J20: =IF(AND(F20*H20>I20,I20>0),I20, F20*H20) -> 15 | K20: 1004 | L20: 0.5 | N20: =IF(AND(F20*L20>M20,M20>0),M20, F20*L20) -> 15 | R20: =IF(AND(F20*P20>Q20,Q20>0),Q20, F20*P20) -> 0 | V20: =IF(AND(F20*T20>U20,U20>0),U20, F20*T20) -> 0 | Z20: =IF(AND(F20*X20>Y20,Y20>0),Y20, F20*X20) -> 0
A21: 19 | B21: Maier | C21: Johannes | D21: 41125 | F21: 90 | G21: 1016 | H21: 1 | I21: 100 | J21: =IF(AND(F21*H21>I21,I21>0),I21, F21*H21) -> 90 | N21: =IF(AND(F21*L21>M21,M21>0),M21, F21*L21) -> 0 | R21: =IF(AND(F21*P21>Q21,Q21>0),Q21, F21*P21) -> 0 | V21: =IF(AND(F21*T21>U21,U21>0),U21, F21*T21) -> 0 | Z21: =IF(AND(F21*X21>Y21,Y21>0),Y21, F21*X21) -> 0
A22: 20 | B22: Winkler | C22: Anette | D22: 22984 | F22: 30 | G22: 1017 | H22: 0.5 | J22: =IF(AND(F22*H22>I22,I22>0),I22, F22*H22) -> 15 | N22: =IF(AND(F22*L22>M22,M22>0),M22, F22*L22) -> 0 | R22: =IF(AND(F22*P22>Q22,Q22>0),Q22, F22*P22) -> 0 | V22: =IF(AND(F22*T22>U22,U22>0),U22, F22*T22) -> 0 | Z22: =IF(AND(F22*X22>Y22,Y22>0),Y22, F22*X22) -> 0
A23: 21 | B23: Laub | C23: Emma | D23: 42017 | F23: 22 | G23: 1018 | H23: 0.5 | J23: =IF(AND(F23*H23>I23,I23>0),I23, F23*H23) -> 11 | N23: =IF(AND(F23*L23>M23,M23>0),M23, F23*L23) -> 0 | R23: =IF(AND(F23*P23>Q23,Q23>0),Q23, F23*P23) -> 0 | V23: =IF(AND(F23*T23>U23,U23>0),U23, F23*T23) -> 0 | Z23: =IF(AND(F23*X23>Y23,Y23>0),Y23, F23*X23) -> 0
A24: 22 | B24: Laub | C24: Jasper | D24: 41553 | F24: 24 | G24: 1018 | H24: 0.5 | J24: =IF(AND(F24*H24>I24,I24>0),I24, F24*H24) -> 12 | N24: =IF(AND(F24*L24>M24,M24>0),M24, F24*L24) -> 0 | R24: =IF(AND(F24*P24>Q24,Q24>0),Q24, F24*P24) -> 0 | V24: =IF(AND(F24*T24>U24,U24>0),U24, F24*T24) -> 0 | Z24: =IF(AND(F24*X24>Y24,Y24>0),Y24, F24*X24) -> 0
A25: 23 | B25: Engel | C25: Katrin | D25: 25956 | E25: 503.504 | F25: 58 | G25: 1003 | H25: 0.5 | J25: =IF(AND(F25*H25>I25,I25>0),I25, F25*H25) -> 29 | K25: 1004 | L25: 0.5 | N25: =IF(AND(F25*L25>M25,M25>0),M25, F25*L25) -> 29 | O25: 1019 | P25: 1 | Q25: 50 | R25: =IF(AND(F25*P25>Q25,Q25>0),Q25, F25*P25) -> 50 | V25: =IF(AND(F25*T25>U25,U25>0),U25, F25*T25) -> 0 | Z25: =IF(AND(F25*X25>Y25,Y25>0),Y25, F25*X25) -> 0
A26: 24 | B26: Engel | C26: Ulrike | D26: 23938 | E26: 503.504 | F26: 60 | G26: 1003 | H26: 0.5 | J26: =IF(AND(F26*H26>I26,I26>0),I26, F26*H26) -> 30 | K26: 1004 | L26: 0.5 | N26: =IF(AND(F26*L26>M26,M26>0),M26, F26*L26) -> 30 | R26: =IF(AND(F26*P26>Q26,Q26>0),Q26, F26*P26) -> 0 | V26: =IF(AND(F26*T26>U26,U26>0),U26, F26*T26) -> 0 | Z26: =IF(AND(F26*X26>Y26,Y26>0),Y26, F26*X26) -> 0
A27: 25 | B27: Sure | C27: Doris | D27: 22857 | E27: 502 | F27: 22 | G27: 1002 | H27: 0.5 | J27: =IF(AND(F27*H27>I27,I27>0),I27, F27*H27) -> 11 | N27: =IF(AND(F27*L27>M27,M27>0),M27, F27*L27) -> 0 | R27: =IF(AND(F27*P27>Q27,Q27>0),Q27, F27*P27) -> 0 | V27: =IF(AND(F27*T27>U27,U27>0),U27, F27*T27) -> 0 | Z27: =IF(AND(F27*X27>Y27,Y27>0),Y27, F27*X27) -> 0
A28: 26 | B28: Bauer | C28: Tim | D28: 35823 | E28: 503 | F28: 50 | G28: 1003 | H28: 0.5 | J28: =IF(AND(F28*H28>I28,I28>0),I28, F28*H28) -> 25 | N28: =IF(AND(F28*L28>M28,M28>0),M28, F28*L28) -> 0 | R28: =IF(AND(F28*P28>Q28,Q28>0),Q28, F28*P28) -> 0 | V28: =IF(AND(F28*T28>U28,U28>0),U28, F28*T28) -> 0 | Z28: =IF(AND(F28*X28>Y28,Y28>0),Y28, F28*X28) -> 0
A29: 27 | B29: Engel | C29: Brigitte | D29: 23066 | F29: 40 | G29: 1020 | H29: 2 | J29: =IF(AND(F29*H29>I29,I29>0),I29, F29*H29) -> 80 | N29: =IF(AND(F29*L29>M29,M29>0),M29, F29*L29) -> 0 | R29: =IF(AND(F29*P29>Q29,Q29>0),Q29, F29*P29) -> 0 | V29: =IF(AND(F29*T29>U29,U29>0),U29, F29*T29) -> 0 | Z29: =IF(AND(F29*X29>Y29,Y29>0),Y29, F29*X29) -> 0
A30: 28 | B30: Zimmermann | C30: Alina | D30: 42146 | F30: 76 | G30: 1021 | H30: 50 | I30: 50 | J30: =IF(AND(F30*H30>I30,I30>0),I30, F30*H30) -> 50 | N30: =IF(AND(F30*L30>M30,M30>0),M30, F30*L30) -> 0 | R30: =IF(AND(F30*P30>Q30,Q30>0),Q30, F30*P30) -> 0 | V30: =IF(AND(F30*T30>U30,U30>0),U30, F30*T30) -> 0 | Z30: =IF(AND(F30*X30>Y30,Y30>0),Y30, F30*X30) -> 0
A31: 29 | B31: Zimmermann | C31: Markus | D31: 28193 | F31: 42 | J31: =IF(AND(F31*H31>I31,I31>0),I31, F31*H31) -> 0 | N31: =IF(AND(F31*L31>M31,M31>0),M31, F31*L31) -> 0 | R31: =IF(AND(F31*P31>Q31,Q31>0),Q31, F31*P31) -> 0 | V31: =IF(AND(F31*T31>U31,U31>0),U31, F31*T31) -> 0 | Z31: =IF(AND(F31*X31>Y31,Y31>0),Y31, F31*X31) -> 0
A32: 30 | B32: Kombacher | C32: Mia | D32: 43635 | E32: 502 | G32: 1002 | H32: 0.5 | J32: =IF(AND(F32*H32>I32,I32>0),I32, F32*H32) -> 0 | K32: 1022 | L32: 0.5 | N32: =IF(AND(F32*L32>M32,M32>0),M32, F32*L32) -> 0 | O32: 1023 | P32: 0.5 | R32: =IF(AND(F32*P32>Q32,Q32>0),Q32, F32*P32) -> 0 | S32: 1024 | T32: 0.5 | V32: =IF(AND(F32*T32>U32,U32>0),U32, F32*T32) -> 0 | Z32: =IF(AND(F32*X32>Y32,Y32>0),Y32, F32*X32) -> 0
A33: 31 | B33: Kombacher | C33: Anja | D33: 30515 | E33: 502 | G33: 1002 | H33: 0.5 | J33: =IF(AND(F33*H33>I33,I33>0),I33, F33*H33) -> 0 | N33: =IF(AND(F33*L33>M33,M33>0),M33, F33*L33) -> 0 | R33: =IF(AND(F33*P33>Q33,Q33>0),Q33, F33*P33) -> 0 | V33: =IF(AND(F33*T33>U33,U33>0),U33, F33*T33) -> 0 | Z33: =IF(AND(F33*X33>Y33,Y33>0),Y33, F33*X33) -> 0
A34: 32 | B34: Kombacher | C34: Lea | D34: 41712 | E34: 502 | F34: 94 | G34: 1002 | H34: 0.5 | J34: =IF(AND(F34*H34>I34,I34>0),I34, F34*H34) -> 47 | K34: 1022 | L34: 0.5 | N34: =IF(AND(F34*L34>M34,M34>0),M34, F34*L34) -> 47 | O34: 1023 | P34: 0.5 | R34: =IF(AND(F34*P34>Q34,Q34>0),Q34, F34*P34) -> 47 | S34: 1024 | T34: 0.5 | V34: =IF(AND(F34*T34>U34,U34>0),U34, F34*T34) -> 47 | Z34: =IF(AND(F34*X34>Y34,Y34>0),Y34, F34*X34) -> 0
A35: 33 | J35: =IF(AND(F35*H35>I35,I35>0),I35, F35*H35) -> 0 | N35: =IF(AND(F35*L35>M35,M35>0),M35, F35*L35) -> 0 | R35: =IF(AND(F35*P35>Q35,Q35>0),Q35, F35*P35) -> 0 | V35: =IF(AND(F35*T35>U35,U35>0),U35, F35*T35) -> 0 | Z35: =IF(AND(F35*X35>Y35,Y35>0),Y35, F35*X35) -> 0
A36: 34 | B36: Kombacher | C36: Sara | D36: 42528 | E36: 502 | F36: 74 | G36: 1002 | H36: 0.5 | J36: =IF(AND(F36*H36>I36,I36>0),I36, F36*H36) -> 37 | K36: 1022 | L36: 0.5 | N36: =IF(AND(F36*L36>M36,M36>0),M36, F36*L36) -> 37 | O36: 1023 | P36: 0.5 | R36: =IF(AND(F36*P36>Q36,Q36>0),Q36, F36*P36) -> 37 | S36: 1024 | T36: 0.5 | V36: =IF(AND(F36*T36>U36,U36>0),U36, F36*T36) -> 37 | Z36: =IF(AND(F36*X36>Y36,Y36>0),Y36, F36*X36) -> 0
A37: 35 | J37: =IF(AND(F37*H37>I37,I37>0),I37, F37*H37) -> 0 | N37: =IF(AND(F37*L37>M37,M37>0),M37, F37*L37) -> 0 | R37: =IF(AND(F37*P37>Q37,Q37>0),Q37, F37*P37) -> 0 | V37: =IF(AND(F37*T37>U37,U37>0),U37, F37*T37) -> 0 | Z37: =IF(AND(F37*X37>Y37,Y37>0),Y37, F37*X37) -> 0
A38: 36 | B38: Hanke | C38: Kerstin | D38: 24695 | E38: 506 | F38: 20 | G38: 1025 | H38: 250 | I38: 240 | J38: =IF(AND(F38*H38>I38,I38>0),I38, F38*H38) -> 240 | N38: =IF(AND(F38*L38>M38,M38>0),M38, F38*L38) -> 0 | R38: =IF(AND(F38*P38>Q38,Q38>0),Q38, F38*P38) -> 0 | V38: =IF(AND(F38*T38>U38,U38>0),U38, F38*T38) -> 0 | Z38: =IF(AND(F38*X38>Y38,Y38>0),Y38, F38*X38) -> 0
A39: 37 | B39: Frank | C39: Konstantin | D39: 34462 | E39: 506 | F39: 30 | G39: 1025 | H39: 250 | I39: 1 | J39: =IF(AND(F39*H39>I39,I39>0),I39, F39*H39) -> 1 | N39: =IF(AND(F39*L39>M39,M39>0),M39, F39*L39) -> 0 | R39: =IF(AND(F39*P39>Q39,Q39>0),Q39, F39*P39) -> 0 | V39: =IF(AND(F39*T39>U39,U39>0),U39, F39*T39) -> 0 | Z39: =IF(AND(F39*X39>Y39,Y39>0),Y39, F39*X39) -> 0
A40: 38 | B40: Laub | C40: Noel | D40: 32001 | E40: 506 | F40: 38 | G40: 1025 | H40: 250 | I40: 1 | J40: =IF(AND(F40*H40>I40,I40>0),I40, F40*H40) -> 1 | N40: =IF(AND(F40*L40>M40,M40>0),M40, F40*L40) -> 0 | R40: =IF(AND(F40*P40>Q40,Q40>0),Q40, F40*P40) -> 0 | V40: =IF(AND(F40*T40>U40,U40>0),U40, F40*T40) -> 0 | Z40: =IF(AND(F40*X40>Y40,Y40>0),Y40, F40*X40) -> 0
A41: 39 | B41: Drensek | C41: Deborah | D41: 34356 | E41: 506 | F41: 20 | G41: 1025 | H41: 250 | I41: 1 | J41: =IF(AND(F41*H41>I41,I41>0),I41, F41*H41) -> 1 | N41: =IF(AND(F41*L41>M41,M41>0),M41, F41*L41) -> 0 | R41: =IF(AND(F41*P41>Q41,Q41>0),Q41, F41*P41) -> 0 | V41: =IF(AND(F41*T41>U41,U41>0),U41, F41*T41) -> 0 | Z41: =IF(AND(F41*X41>Y41,Y41>0),Y41, F41*X41) -> 0
A42: 40 | B42: Laub | C42: Tanja | D42: 32160 | E42: 506 | F42: 20 | G42: 1025 | H42: 250 | I42: 1 | J42: =IF(AND(F42*H42>I42,I42>0),I42, F42*H42) -> 1 | N42: =IF(AND(F42*L42>M42,M42>0),M42, F42*L42) -> 0 | R42: =IF(AND(F42*P42>Q42,Q42>0),Q42, F42*P42) -> 0 | V42: =IF(AND(F42*T42>U42,U42>0),U42, F42*T42) -> 0 | Z42: =IF(AND(F42*X42>Y42,Y42>0),Y42, F42*X42) -> 0
A43: 41 | B43: Fischer | C43: Chiara | D43: 38846 | E43: 506 | F43: 24 | G43: 1025 | H43: 250 | I43: 1 | J43: =IF(AND(F43*H43>I43,I43>0),I43, F43*H43) -> 1 | N43: =IF(AND(F43*L43>M43,M43>0),M43, F43*L43) -> 0 | R43: =IF(AND(F43*P43>Q43,Q43>0),Q43, F43*P43) -> 0 | V43: =IF(AND(F43*T43>U43,U43>0),U43, F43*T43) -> 0 | Z43: =IF(AND(F43*X43>Y43,Y43>0),Y43, F43*X43) -> 0
A44: 42 | B44: Nielitz | C44: Andre | D44: 36156 | E44: 506 | F44: 22 | G44: 1025 | H44: 250 | I44: 1 | J44: =IF(AND(F44*H44>I44,I44>0),I44, F44*H44) -> 1 | N44: =IF(AND(F44*L44>M44,M44>0),M44, F44*L44) -> 0 | R44: =IF(AND(F44*P44>Q44,Q44>0),Q44, F44*P44) -> 0 | V44: =IF(AND(F44*T44>U44,U44>0),U44, F44*T44) -> 0 | Z44: =IF(AND(F44*X44>Y44,Y44>0),Y44, F44*X44) -> 0
A45: 43 | B45: Fischer | C45: Luca | D45: 40369 | E45: 506 | F45: 20 | G45: 1025 | H45: 250 | I45: 1 | J45: =IF(AND(F45*H45>I45,I45>0),I45, F45*H45) -> 1 | N45: =IF(AND(F45*L45>M45,M45>0),M45, F45*L45) -> 0 | R45: =IF(AND(F45*P45>Q45,Q45>0),Q45, F45*P45) -> 0 | V45: =IF(AND(F45*T45>U45,U45>0),U45, F45*T45) -> 0 | Z45: =IF(AND(F45*X45>Y45,Y45>0),Y45, F45*X45) -> 0
A46: 44 | B46: Flohr | C46: Alisa | D46: 34206 | E46: 506 | F46: 14 | G46: 1025 | H46: 250 | I46: 1 | J46: =IF(AND(F46*H46>I46,I46>0),I46, F46*H46) -> 1 | N46: =IF(AND(F46*L46>M46,M46>0),M46, F46*L46) -> 0 | R46: =IF(AND(F46*P46>Q46,Q46>0),Q46, F46*P46) -> 0 | V46: =IF(AND(F46*T46>U46,U46>0),U46, F46*T46) -> 0 | Z46: =IF(AND(F46*X46>Y46,Y46>0),Y46, F46*X46) -> 0
A47: 45 | B47: Frank | C47: Laura | D47: 35767 | E47: 506 | F47: 28 | G47: 1025 | H47: 250 | I47: 1 | J47: =IF(AND(F47*H47>I47,I47>0),I47, F47*H47) -> 1 | N47: =IF(AND(F47*L47>M47,M47>0),M47, F47*L47) -> 0 | R47: =IF(AND(F47*P47>Q47,Q47>0),Q47, F47*P47) -> 0 | V47: =IF(AND(F47*T47>U47,U47>0),U47, F47*T47) -> 0 | Z47: =IF(AND(F47*X47>Y47,Y47>0),Y47, F47*X47) -> 0
A48: 46 | B48: Bayer | C48: Kim | D48: 36526 | E48: 506 | F48: 8 | G48: 1025 | H48: 250 | I48: 1 | J48: =IF(AND(F48*H48>I48,I48>0),I48, F48*H48) -> 1 | N48: =IF(AND(F48*L48>M48,M48>0),M48, F48*L48) -> 0 | R48: =IF(AND(F48*P48>Q48,Q48>0),Q48, F48*P48) -> 0 | V48: =IF(AND(F48*T48>U48,U48>0),U48, F48*T48) -> 0 | Z48: =IF(AND(F48*X48>Y48,Y48>0),Y48, F48*X48) -> 0
A49: 47 | B49: Holste | C49: Ruben | D49: 30358 | E49: 503 | F49: 70 | G49: 1003 | H49: 0.5 | J49: =IF(AND(F49*H49>I49,I49>0),I49, F49*H49) -> 35 | N49: =IF(AND(F49*L49>M49,M49>0),M49, F49*L49) -> 0 | R49: =IF(AND(F49*P49>Q49,Q49>0),Q49, F49*P49) -> 0 | V49: =IF(AND(F49*T49>U49,U49>0),U49, F49*T49) -> 0 | Z49: =IF(AND(F49*X49>Y49,Y49>0),Y49, F49*X49) -> 0
A50: 48 | B50: Holste | C50: Oscar | D50: 42027 | E50: 503 | F50: 122 | G50: 1003 | H50: 0.5 | J50: =IF(AND(F50*H50>I50,I50>0),I50, F50*H50) -> 61 | N50: =IF(AND(F50*L50>M50,M50>0),M50, F50*L50) -> 0 | R50: =IF(AND(F50*P50>Q50,Q50>0),Q50, F50*P50) -> 0 | V50: =IF(AND(F50*T50>U50,U50>0),U50, F50*T50) -> 0 | Z50: =IF(AND(F50*X50>Y50,Y50>0),Y50, F50*X50) -> 0
A51: 49 | B51: Holste | C51: Lotte | D51: 41408 | E51: 503 | F51: 120 | G51: 1003 | H51: 0.5 | J51: =IF(AND(F51*H51>I51,I51>0),I51, F51*H51) -> 60 | N51: =IF(AND(F51*L51>M51,M51>0),M51, F51*L51) -> 0 | R51: =IF(AND(F51*P51>Q51,Q51>0),Q51, F51*P51) -> 0 | V51: =IF(AND(F51*T51>U51,U51>0),U51, F51*T51) -> 0 | Z51: =IF(AND(F51*X51>Y51,Y51>0),Y51, F51*X51) -> 0
A52: 50 | B52: Ludwig | C52: Mariya | D52: 40298 | E52: 502 | F52: 52 | G52: 1002 | H52: 0.5 | J52: =IF(AND(F52*H52>I52,I52>0),I52, F52*H52) -> 26 | K52: 1034 | L52: 1 | N52: =IF(AND(F52*L52>M52,M52>0),M52, F52*L52) -> 52 | R52: =IF(AND(F52*P52>Q52,Q52>0),Q52, F52*P52) -> 0 | V52: =IF(AND(F52*T52>U52,U52>0),U52, F52*T52) -> 0 | Z52: =IF(AND(F52*X52>Y52,Y52>0),Y52, F52*X52) -> 0
A53: 51 | B53: Warga | C53: Eva | D53: 42629 | E53: 507 | F53: 108 | J53: =IF(AND(F53*H53>I53,I53>0),I53, F53*H53) -> 0 | N53: =IF(AND(F53*L53>M53,M53>0),M53, F53*L53) -> 0 | R53: =IF(AND(F53*P53>Q53,Q53>0),Q53, F53*P53) -> 0 | V53: =IF(AND(F53*T53>U53,U53>0),U53, F53*T53) -> 0 | Z53: =IF(AND(F53*X53>Y53,Y53>0),Y53, F53*X53) -> 0
A54: 52 | B54: Warga | C54: Christina | D54: 27766 | E54: 507 | F54: 38 | J54: =IF(AND(F54*H54>I54,I54>0),I54, F54*H54) -> 0 | N54: =IF(AND(F54*L54>M54,M54>0),M54, F54*L54) -> 0 | R54: =IF(AND(F54*P54>Q54,Q54>0),Q54, F54*P54) -> 0 | V54: =IF(AND(F54*T54>U54,U54>0),U54, F54*T54) -> 0 | Z54: =IF(AND(F54*X54>Y54,Y54>0),Y54, F54*X54) -> 0
A55: 53 | B55: Warga | C55: Paula | D55: 39823 | E55: 507 | F55: 60 | J55: =IF(AND(F55*H55>I55,I55>0),I55, F55*H55) -> 0 | N55: =IF(AND(F55*L55>M55,M55>0),M55, F55*L55) -> 0 | R55: =IF(AND(F55*P55>Q55,Q55>0),Q55, F55*P55) -> 0 | V55: =IF(AND(F55*T55>U55,U55>0),U55, F55*T55) -> 0 | Z55: =IF(AND(F55*X55>Y55,Y55>0),Y55, F55*X55) -> 0
A56: 54 | B56: Warga | C56: Christian | D56: 27486 | E56: 507 | F56: 40 | J56: =IF(AND(F56*H56>I56,I56>0),I56, F56*H56) -> 0 | N56: =IF(AND(F56*L56>M56,M56>0),M56, F56*L56) -> 0 | R56: =IF(AND(F56*P56>Q56,Q56>0),Q56, F56*P56) -> 0 | V56: =IF(AND(F56*T56>U56,U56>0),U56, F56*T56) -> 0 | Z56: =IF(AND(F56*X56>Y56,Y56>0),Y56, F56*X56) -> 0
A57: 55 | B57: Veit | C57: Dorothea | D57: 41475 | E57: 503 | F57: 32 | G57: 1003 | H57: 0.5 | J57: =IF(AND(F57*H57>I57,I57>0),I57, F57*H57) -> 16 | N57: =IF(AND(F57*L57>M57,M57>0),M57, F57*L57) -> 0 | R57: =IF(AND(F57*P57>Q57,Q57>0),Q57, F57*P57) -> 0 | V57: =IF(AND(F57*T57>U57,U57>0),U57, F57*T57) -> 0 | Z57: =IF(AND(F57*X57>Y57,Y57>0),Y57, F57*X57) -> 0
A58: 56 | B58: Heineke | C58: Jana | D58: 40445 | E58: 503 | F58: 40 | G58: 1003 | H58: 0.5 | J58: =IF(AND(F58*H58>I58,I58>0),I58, F58*H58) -> 20 | N58: =IF(AND(F58*L58>M58,M58>0),M58, F58*L58) -> 0 | R58: =IF(AND(F58*P58>Q58,Q58>0),Q58, F58*P58) -> 0 | V58: =IF(AND(F58*T58>U58,U58>0),U58, F58*T58) -> 0 | Z58: =IF(AND(F58*X58>Y58,Y58>0),Y58, F58*X58) -> 0
A59: 57 | B59: Hartmann | C59: Hanna | D59: 42300 | F59: 26 | G59: 1018 | H59: 0.5 | J59: =IF(AND(F59*H59>I59,I59>0),I59, F59*H59) -> 13 | N59: =IF(AND(F59*L59>M59,M59>0),M59, F59*L59) -> 0 | R59: =IF(AND(F59*P59>Q59,Q59>0),Q59, F59*P59) -> 0 | V59: =IF(AND(F59*T59>U59,U59>0),U59, F59*T59) -> 0 | Z59: =IF(AND(F59*X59>Y59,Y59>0),Y59, F59*X59) -> 0
A60: 58 | B60: Schmid | C60: Hannes | D60: 41282 | E60: 502 | F60: 108 | G60: 1002 | H60: 0.5 | J60: =IF(AND(F60*H60>I60,I60>0),I60, F60*H60) -> 54 | K60: 1084 | L60: 0.5 | N60: =IF(AND(F60*L60>M60,M60>0),M60, F60*L60) -> 54 | O60: 1085 | P60: 0.5 | R60: =IF(AND(F60*P60>Q60,Q60>0),Q60, F60*P60) -> 54 | V60: =IF(AND(F60*T60>U60,U60>0),U60, F60*T60) -> 0 | Z60: =IF(AND(F60*X60>Y60,Y60>0),Y60, F60*X60) -> 0
A61: 59 | B61: Schmid | C61: Jakob | D61: 42251 | E61: 502 | F61: 94 | G61: 1002 | H61: 0.5 | J61: =IF(AND(F61*H61>I61,I61>0),I61, F61*H61) -> 47 | K61: 1084 | L61: 0.5 | N61: =IF(AND(F61*L61>M61,M61>0),M61, F61*L61) -> 47 | O61: 1085 | P61: 0.5 | R61: =IF(AND(F61*P61>Q61,Q61>0),Q61, F61*P61) -> 47 | V61: =IF(AND(F61*T61>U61,U61>0),U61, F61*T61) -> 0 | Z61: =IF(AND(F61*X61>Y61,Y61>0),Y61, F61*X61) -> 0
A62: 60 | B62: Göpel | C62: Norah | D62: 42602 | E62: 502 | F62: 74 | G62: 1002 | H62: 0.5 | J62: =IF(AND(F62*H62>I62,I62>0),I62, F62*H62) -> 37 | K62: 1086 | L62: 3 | N62: =IF(AND(F62*L62>M62,M62>0),M62, F62*L62) -> 222 | O62: 1087 | P62: 1 | R62: =IF(AND(F62*P62>Q62,Q62>0),Q62, F62*P62) -> 74 | S62: 1088 | T62: 2 | V62: =IF(AND(F62*T62>U62,U62>0),U62, F62*T62) -> 148 | W62: 1089 | X62: 2 | Z62: =IF(AND(F62*X62>Y62,Y62>0),Y62, F62*X62) -> 148
A63: 61 | B63: Göpel | C63: Joana | D63: 32090 | E63: 502 | F63: 22 | G63: 1002 | H63: 0.5 | J63: =IF(AND(F63*H63>I63,I63>0),I63, F63*H63) -> 11 | N63: =IF(AND(F63*L63>M63,M63>0),M63, F63*L63) -> 0 | R63: =IF(AND(F63*P63>Q63,Q63>0),Q63, F63*P63) -> 0 | V63: =IF(AND(F63*T63>U63,U63>0),U63, F63*T63) -> 0 | Z63: =IF(AND(F63*X63>Y63,Y63>0),Y63, F63*X63) -> 0
A64: 62 | B64: Zhou | C64: Robin | D64: 42116 | E64: 503 | F64: 80 | G64: 1003 | H64: 0.5 | J64: =IF(AND(F64*H64>I64,I64>0),I64, F64*H64) -> 40 | K64: 1090 | L64: 1 | N64: =IF(AND(F64*L64>M64,M64>0),M64, F64*L64) -> 80 | R64: =IF(AND(F64*P64>Q64,Q64>0),Q64, F64*P64) -> 0 | V64: =IF(AND(F64*T64>U64,U64>0),U64, F64*T64) -> 0 | Z64: =IF(AND(F64*X64>Y64,Y64>0),Y64, F64*X64) -> 0
A65: 63 | B65: Buuck | C65: Jan-Alexander | D65: 41849 | E65: 502 | F65: 40 | G65: 1002 | H65: 0.5 | J65: =IF(AND(F65*H65>I65,I65>0),I65, F65*H65) -> 20 | K65: 1091 | L65: 1 | N65: =IF(AND(F65*L65>M65,M65>0),M65, F65*L65) -> 40 | R65: =IF(AND(F65*P65>Q65,Q65>0),Q65, F65*P65) -> 0 | V65: =IF(AND(F65*T65>U65,U65>0),U65, F65*T65) -> 0 | Z65: =IF(AND(F65*X65>Y65,Y65>0),Y65, F65*X65) -> 0
A66: 64 | B66: Fritz | C66: Johannes | D66: 33038 | F66: 40 | G66: 1092 | H66: 1.5 | J66: =IF(AND(F66*H66>I66,I66>0),I66, F66*H66) -> 60 | N66: =IF(AND(F66*L66>M66,M66>0),M66, F66*L66) -> 0 | R66: =IF(AND(F66*P66>Q66,Q66>0),Q66, F66*P66) -> 0 | V66: =IF(AND(F66*T66>U66,U66>0),U66, F66*T66) -> 0 | Z66: =IF(AND(F66*X66>Y66,Y66>0),Y66, F66*X66) -> 0
A67: 65 | B67: Franz | C67: Franziska | D67: 31320 | E67: 503.504 | F67: 26 | G67: 1003 | H67: 0.5 | J67: =IF(AND(F67*H67>I67,I67>0),I67, F67*H67) -> 13 | K67: 1004 | L67: 0.5 | N67: =IF(AND(F67*L67>M67,M67>0),M67, F67*L67) -> 13 | O67: 1093 | P67: 0.5 | R67: =IF(AND(F67*P67>Q67,Q67>0),Q67, F67*P67) -> 13 | V67: =IF(AND(F67*T67>U67,U67>0),U67, F67*T67) -> 0 | Z67: =IF(AND(F67*X67>Y67,Y67>0),Y67, F67*X67) -> 0
A68: 66 | B68: Bronner | C68: Myrian | D68: 28129 | F68: 36 | G68: 1094 | H68: 0.5 | J68: =IF(AND(F68*H68>I68,I68>0),I68, F68*H68) -> 18 | N68: =IF(AND(F68*L68>M68,M68>0),M68, F68*L68) -> 0 | R68: =IF(AND(F68*P68>Q68,Q68>0),Q68, F68*P68) -> 0 | V68: =IF(AND(F68*T68>U68,U68>0),U68, F68*T68) -> 0 | Z68: =IF(AND(F68*X68>Y68,Y68>0),Y68, F68*X68) -> 0
A69: 67 | B69: Siebert-Rieger | C69: Annegret | D69: 19107 | F69: 20 | G69: 1095 | J69: =IF(AND(F69*H69>I69,I69>0),I69, F69*H69) -> 0 | N69: =IF(AND(F69*L69>M69,M69>0),M69, F69*L69) -> 0 | R69: =IF(AND(F69*P69>Q69,Q69>0),Q69, F69*P69) -> 0 | V69: =IF(AND(F69*T69>U69,U69>0),U69, F69*T69) -> 0 | Z69: =IF(AND(F69*X69>Y69,Y69>0),Y69, F69*X69) -> 0
A70: 68 | B70: Michaelis | C70: Jochen | D70: 37973 | F70: 30 | J70: =IF(AND(F70*H70>I70,I70>0),I70, F70*H70) -> 0 | N70: =IF(AND(F70*L70>M70,M70>0),M70, F70*L70) -> 0 | R70: =IF(AND(F70*P70>Q70,Q70>0),Q70, F70*P70) -> 0 | V70: =IF(AND(F70*T70>U70,U70>0),U70, F70*T70) -> 0 | Z70: =IF(AND(F70*X70>Y70,Y70>0),Y70, F70*X70) -> 0
A71: 69 | B71: Müller | C71: Nick | D71: 38183 | F71: 30 | J71: =IF(AND(F71*H71>I71,I71>0),I71, F71*H71) -> 0 | N71: =IF(AND(F71*L71>M71,M71>0),M71, F71*L71) -> 0 | R71: =IF(AND(F71*P71>Q71,Q71>0),Q71, F71*P71) -> 0 | V71: =IF(AND(F71*T71>U71,U71>0),U71, F71*T71) -> 0 | Z71: =IF(AND(F71*X71>Y71,Y71>0),Y71, F71*X71) -> 0
A72: 70 | F72: =SUM(F4:F71) -> 3116 | J72: =SUM(J4:J71) -> 1659 | N72: =SUM(N4:N71) -> 1006.5 | R72: =SUM(R4:R71) -> 502.5 | V72: =SUM(V4:V71) -> 261 | W72: =J72+N72+R72+V72+148 -> 3577 | Z72: =IF(AND(F72*X72>Y72,Y72>0),Y72, F72*X72) -> 0
A73: 71 | J73: =IF(AND(F73*H73>I73,I73>0),I73, F73*H73) -> 0 | N73: =IF(AND(F73*L73>M73,M73>0),M73, F73*L73) -> 0 | R73: =IF(AND(F73*P73>Q73,Q73>0),Q73, F73*P73) -> 0 | V73: =IF(AND(F73*T73>U73,U73>0),U73, F73*T73) -> 0 | Z73: =IF(AND(F73*X73>Y73,Y73>0),Y73, F73*X73) -> 0
A74: 72 | J74: =IF(AND(F74*H74>I74,I74>0),I74, F74*H74) -> 0 | N74: =IF(AND(F74*L74>M74,M74>0),M74, F74*L74) -> 0 | R74: =IF(AND(F74*P74>Q74,Q74>0),Q74, F74*P74) -> 0 | V74: =IF(AND(F74*T74>U74,U74>0),U74, F74*T74) -> 0 | Z74: =IF(AND(F74*X74>Y74,Y74>0),Y74, F74*X74) -> 0
A75: 73 | C75: =COUNTA(C4:C73) -> 66 | J75: =IF(AND(F75*H75>I75,I75>0),I75, F75*H75) -> 0 | N75: =IF(AND(F75*L75>M75,M75>0),M75, F75*L75) -> 0 | R75: =IF(AND(F75*P75>Q75,Q75>0),Q75, F75*P75) -> 0 | V75: =IF(AND(F75*T75>U75,U75>0),U75, F75*T75) -> 0 | Z75: =IF(AND(F75*X75>Y75,Y75>0),Y75, F75*X75) -> 0
A76: 74 | J76: =IF(AND(F76*H76>I76,I76>0),I76, F76*H76) -> 0 | N76: =IF(AND(F76*L76>M76,M76>0),M76, F76*L76) -> 0 | R76: =IF(AND(F76*P76>Q76,Q76>0),Q76, F76*P76) -> 0 | V76: =IF(AND(F76*T76>U76,U76>0),U76, F76*T76) -> 0 | Z76: =IF(AND(F76*X76>Y76,Y76>0),Y76, F76*X76) -> 0
A77: 75 | J77: =IF(AND(F77*H77>I77,I77>0),I77, F77*H77) -> 0 | N77: =IF(AND(F77*L77>M77,M77>0),M77, F77*L77) -> 0 | R77: =IF(AND(F77*P77>Q77,Q77>0),Q77, F77*P77) -> 0 | V77: =IF(AND(F77*T77>U77,U77>0),U77, F77*T77) -> 0 | Z77: =IF(AND(F77*X77>Y77,Y77>0),Y77, F77*X77) -> 0
A78: 76 | J78: =IF(AND(F78*H78>I78,I78>0),I78, F78*H78) -> 0 | N78: =IF(AND(F78*L78>M78,M78>0),M78, F78*L78) -> 0 | R78: =IF(AND(F78*P78>Q78,Q78>0),Q78, F78*P78) -> 0 | V78: =IF(AND(F78*T78>U78,U78>0),U78, F78*T78) -> 0 | Z78: =IF(AND(F78*X78>Y78,Y78>0),Y78, F78*X78) -> 0
A79: 77 | J79: =IF(AND(F79*H79>I79,I79>0),I79, F79*H79) -> 0 | N79: =IF(AND(F79*L79>M79,M79>0),M79, F79*L79) -> 0 | R79: =IF(AND(F79*P79>Q79,Q79>0),Q79, F79*P79) -> 0 | V79: =IF(AND(F79*T79>U79,U79>0),U79, F79*T79) -> 0 | Z79: =IF(AND(F79*X79>Y79,Y79>0),Y79, F79*X79) -> 0
A80: 78 | J80: =IF(AND(F80*H80>I80,I80>0),I80, F80*H80) -> 0 | N80: =IF(AND(F80*L80>M80,M80>0),M80, F80*L80) -> 0 | R80: =IF(AND(F80*P80>Q80,Q80>0),Q80, F80*P80) -> 0 | V80: =IF(AND(F80*T80>U80,U80>0),U80, F80*T80) -> 0 | Z80: =IF(AND(F80*X80>Y80,Y80>0),Y80, F80*X80) -> 0
A81: 79 | J81: =IF(AND(F81*H81>I81,I81>0),I81, F81*H81) -> 0 | N81: =IF(AND(F81*L81>M81,M81>0),M81, F81*L81) -> 0 | R81: =IF(AND(F81*P81>Q81,Q81>0),Q81, F81*P81) -> 0 | V81: =IF(AND(F81*T81>U81,U81>0),U81, F81*T81) -> 0 | Z81: =IF(AND(F81*X81>Y81,Y81>0),Y81, F81*X81) -> 0
A82: 80 | J82: =IF(AND(F82*H82>I82,I82>0),I82, F82*H82) -> 0 | N82: =IF(AND(F82*L82>M82,M82>0),M82, F82*L82) -> 0 | R82: =IF(AND(F82*P82>Q82,Q82>0),Q82, F82*P82) -> 0 | V82: =IF(AND(F82*T82>U82,U82>0),U82, F82*T82) -> 0 | Z82: =IF(AND(F82*X82>Y82,Y82>0),Y82, F82*X82) -> 0
A83: 81 | J83: =IF(AND(F83*H83>I83,I83>0),I83, F83*H83) -> 0 | N83: =IF(AND(F83*L83>M83,M83>0),M83, F83*L83) -> 0 | R83: =IF(AND(F83*P83>Q83,Q83>0),Q83, F83*P83) -> 0 | V83: =IF(AND(F83*T83>U83,U83>0),U83, F83*T83) -> 0 | Z83: =IF(AND(F83*X83>Y83,Y83>0),Y83, F83*X83) -> 0
A84: 82 | J84: =IF(AND(F84*H84>I84,I84>0),I84, F84*H84) -> 0 | N84: =IF(AND(F84*L84>M84,M84>0),M84, F84*L84) -> 0 | R84: =IF(AND(F84*P84>Q84,Q84>0),Q84, F84*P84) -> 0 | V84: =IF(AND(F84*T84>U84,U84>0),U84, F84*T84) -> 0 | Z84: =IF(AND(F84*X84>Y84,Y84>0),Y84, F84*X84) -> 0
A85: 83 | J85: =IF(AND(F85*H85>I85,I85>0),I85, F85*H85) -> 0 | N85: =IF(AND(F85*L85>M85,M85>0),M85, F85*L85) -> 0 | R85: =IF(AND(F85*P85>Q85,Q85>0),Q85, F85*P85) -> 0 | V85: =IF(AND(F85*T85>U85,U85>0),U85, F85*T85) -> 0 | Z85: =IF(AND(F85*X85>Y85,Y85>0),Y85, F85*X85) -> 0
A86: 84 | J86: =IF(AND(F86*H86>I86,I86>0),I86, F86*H86) -> 0 | N86: =IF(AND(F86*L86>M86,M86>0),M86, F86*L86) -> 0 | R86: =IF(AND(F86*P86>Q86,Q86>0),Q86, F86*P86) -> 0 | V86: =IF(AND(F86*T86>U86,U86>0),U86, F86*T86) -> 0 | Z86: =IF(AND(F86*X86>Y86,Y86>0),Y86, F86*X86) -> 0
A87: 85 | J87: =IF(AND(F87*H87>I87,I87>0),I87, F87*H87) -> 0 | N87: =IF(AND(F87*L87>M87,M87>0),M87, F87*L87) -> 0 | R87: =IF(AND(F87*P87>Q87,Q87>0),Q87, F87*P87) -> 0 | V87: =IF(AND(F87*T87>U87,U87>0),U87, F87*T87) -> 0 | Z87: =IF(AND(F87*X87>Y87,Y87>0),Y87, F87*X87) -> 0
... A99: 100 | J99: =IF(AND(F99*H99>I99,I99>0),I99, F99*H99) -> 0 | N99: =IF(AND(F99*L99>M99,M99>0),M99, F99*L99) -> 0 | R99: =IF(AND(F99*P99>Q99,Q99>0),Q99, F99*P99) -> 0 | V99: =IF(AND(F99*T99>U99,U99>0),U99, F99*T99) -> 0 | Z99: =IF(AND(F99*X99>Y99,Y99>0),Y99, F99*X99) -> 0
F100: 0
S103: =SUMIF('Stammdaten - Schwimmer'!S$4:S$99,1002,'Stammdaten - Schwimmer'!$F$4:$F$99) -> 0 | W103: =SUMIF('Stammdaten - Schwimmer'!W$4:W$99,1002,'Stammdaten - Schwimmer'!$F$4:$F$99) -> 0
G104: =SUMIF('Stammdaten - Schwimmer'!G$4:G$99,1002,'Stammdaten - Schwimmer'!$F$4:$F$99) -> 769 | K104: =SUMIF('Stammdaten - Schwimmer'!K$4:K$99,1002,'Stammdaten - Schwimmer'!$F$4:$F$99) -> 0 | O104: =SUMIF('Stammdaten - Schwimmer'!O$4:O$99,1002,'Stammdaten - Schwimmer'!$F$4:$F$99) -> 0 | S104: =SUMIF('Stammdaten - Schwimmer'!S$4:S$99,'stammdaten - sponsoren'!#ref!,'Stammdaten - Schwimmer'!$F$4:$F$99) -> #VALUE! | W104: =SUMIF('Stammdaten - Schwimmer'!W$4:W$99,'Stammdaten - Sponsoren'!R5,'Stammdaten - Schwimmer'!$F$4:$F$99) -> 0
G105: =SUMIF('Stammdaten - Schwimmer'!G$4:G$99,'Stammdaten - Sponsoren'!A6,'Stammdaten - Schwimmer'!$F$4:$F$99) -> 1266 | K105: =SUMIF('Stammdaten - Schwimmer'!K$4:K$99,'Stammdaten - Sponsoren'!E6,'Stammdaten - Schwimmer'!$F$4:$F$99) -> 0 | O105: =SUMIF('Stammdaten - Schwimmer'!O$4:O$99,'Stammdaten - Sponsoren'!I6,'Stammdaten - Schwimmer'!$F$4:$F$99) -> 0 | S105: =SUMIF('Stammdaten - Schwimmer'!S$4:S$99,1003,'Stammdaten - Schwimmer'!$F$4:$F$99) -> 0 | W105: =SUMIF('Stammdaten - Schwimmer'!W$4:W$99,1003,'Stammdaten - Schwimmer'!$F$4:$F$99) -> 0
G106: =SUMIF('Stammdaten - Schwimmer'!G$4:G$99,1003,'Stammdaten - Schwimmer'!$F$4:$F$99) -> 1266 | K106: =SUMIF('Stammdaten - Schwimmer'!K$4:K$99,1003,'Stammdaten - Schwimmer'!$F$4:$F$99) -> 0 | O106: =SUMIF('Stammdaten - Schwimmer'!O$4:O$99,1003,'Stammdaten - Schwimmer'!$F$4:$F$99) -> 0 | S106: =SUMIF('Stammdaten - Schwimmer'!S$4:S$99,1029,'Stammdaten - Schwimmer'!$F$4:$F$99) -> 0 | W106: =SUMIF('Stammdaten - Schwimmer'!W$4:W$99,1029,'Stammdaten - Schwimmer'!$F$4:$F$99) -> 0
G107: =SUMIF('Stammdaten - Schwimmer'!G$4:G$99,1029,'Stammdaten - Schwimmer'!$F$4:$F$99) -> 0 | K107: =SUMIF('Stammdaten - Schwimmer'!K$4:K$99,1029,'Stammdaten - Schwimmer'!$F$4:$F$99) -> 0 | O107: =SUMIF('Stammdaten - Schwimmer'!O$4:O$99,1029,'Stammdaten - Schwimmer'!$F$4:$F$99) -> 0
G108: =SUMIF('Stammdaten - Schwimmer'!G$4:G$99,1027,'Stammdaten - Schwimmer'!$F$4:$F$99) -> 0 | K108: =SUMIF('Stammdaten - Schwimmer'!K$4:K$99,1027,'Stammdaten - Schwimmer'!$F$4:$F$99) -> 0 | O108: =SUMIF('Stammdaten - Schwimmer'!O$4:O$99,1027,'Stammdaten - Schwimmer'!$F$4:$F$99) -> 0

Sheet Tabelle1
A1: Jungstes Kind | K1: =#REF! -> #REF! | L1: =#REF! -> #REF! | M1: =#REF! -> #REF! | N1: =#REF! -> #REF! | O1: =#REF! -> #REF! | P1: =#REF! -> #REF! | Q1: 50 | R1: =P1*Q1 -> #REF!
A2: ='Stammdaten - Schwimmer'!A3 -> Nummer | B2: ='Stammdaten - Schwimmer'!B3 -> Name | C2: ='Stammdaten - Schwimmer'!C3 -> Vormname | D2: ='Stammdaten - Schwimmer'!D3 -> Geburtstag | E2: ='Stammdaten - Schwimmer'!E3 -> Mannschaft | F2: ='Stammdaten - Schwimmer'!F3 -> Anzahl Bahnen | K2: ='Stammdaten - Schwimmer'!A4 -> 2 | L2: ='stammdaten - schwimmer'!#ref! -> #VALUE! | M2: ='stammdaten - schwimmer'!#ref! -> #VALUE! | N2: ='stammdaten - schwimmer'!#ref! -> #VALUE! | O2: ='stammdaten - schwimmer'!#ref! -> #VALUE! | P2: ='stammdaten - schwimmer'!#ref! -> #VALUE! | Q2: 25 | R2: =P2*Q2 -> #VALUE!
A3: ='Stammdaten - Schwimmer'!A4 -> 2 | B3: ='Stammdaten - Schwimmer'!B4 -> Grambow | C3: ='Stammdaten - Schwimmer'!C4 -> Kerstin | D3: ='Stammdaten - Schwimmer'!D4 -> 35065 | E3: ='Stammdaten - Schwimmer'!E4 -> 503, 504 | F3: ='Stammdaten - Schwimmer'!F4 -> 58 | K3: ='Stammdaten - Schwimmer'!A5 -> 3 | L3: ='Stammdaten - Schwimmer'!B5 -> Gessler | M3: ='Stammdaten - Schwimmer'!C5 -> Tom | N3: ='Stammdaten - Schwimmer'!D5 -> 42230 | O3: ='Stammdaten - Schwimmer'!E5 -> 502 | P3: ='Stammdaten - Schwimmer'!F5 -> 24 | Q3: 25 | R3: =P3*Q3 -> 600
A4: ='Stammdaten - Schwimmer'!A11 -> 9 | B4: ='Stammdaten - Schwimmer'!B11 -> Künsemüller | C4: ='Stammdaten - Schwimmer'!C11 -> Jessika | D4: ='Stammdaten - Schwimmer'!D11 -> 40654 | E4: ='Stammdaten - Schwimmer'!E11 -> 503 | F4: ='Stammdaten - Schwimmer'!F11 -> 74 | K4: ='Stammdaten - Schwimmer'!A6 -> 4 | L4: ='Stammdaten - Schwimmer'!B6 -> Schwenk-Fischer | M4: ='Stammdaten - Schwimmer'!C6 -> Eva | N4: ='Stammdaten - Schwimmer'!D6 -> 20973 | O4: ='Stammdaten - Schwimmer'!E6 -> 505 | P4: ='Stammdaten - Schwimmer'!F6 -> 35 | Q4: 50 | R4: =P4*Q4 -> 1750
A5: ='stammdaten - schwimmer'!#ref! -> #VALUE! | B5: ='stammdaten - schwimmer'!#ref! -> #VALUE! | C5: ='stammdaten - schwimmer'!#ref! -> #VALUE! | D5: ='stammdaten - schwimmer'!#ref! -> #VALUE! | E5: ='stammdaten - schwimmer'!#ref! -> #VALUE! | K5: ='Stammdaten - Schwimmer'!A7 -> 5 | L5: ='Stammdaten - Schwimmer'!B7 -> Rink | M5: ='Stammdaten - Schwimmer'!C7 -> Wiebke | N5: ='Stammdaten - Schwimmer'!D7 -> 42566 | O5: ='Stammdaten - Schwimmer'!E7 -> 503.505 | P5: ='Stammdaten - Schwimmer'!F7 -> 74 | Q5: 25 | R5: =P5*Q5 -> 1850
A6: ='stammdaten - schwimmer'!#ref! -> #VALUE! | B6: ='stammdaten - schwimmer'!#ref! -> #VALUE! | C6: ='stammdaten - schwimmer'!#ref! -> #VALUE! | D6: ='stammdaten - schwimmer'!#ref! -> #VALUE! | E6: ='stammdaten - schwimmer'!#ref! -> #VALUE! | K6: ='Stammdaten - Schwimmer'!A8 -> 6 | L6: ='Stammdaten - Schwimmer'!B8 -> Künsemüller | M6: ='Stammdaten - Schwimmer'!C8 -> Viktoria | N6: ='Stammdaten - Schwimmer'!D8 -> 40021 | O6: ='Stammdaten - Schwimmer'!E8 -> 503 | P6: ='Stammdaten - Schwimmer'!F8 -> 70 | Q6: 50 | R6: =P6*Q6 -> 3500
A7: ='Stammdaten - Schwimmer'!A9 -> 7 | B7: ='Stammdaten - Schwimmer'!B9 -> Gessler | C7: ='Stammdaten - Schwimmer'!C9 -> Anna | D7: ='Stammdaten - Schwimmer'!D9 -> 43707 | E7: ='Stammdaten - Schwimmer'!E9 -> 502 | F7: ='Stammdaten - Schwimmer'!F9 -> 7 | K7: ='Stammdaten - Schwimmer'!A9 -> 7 | L7: ='Stammdaten - Schwimmer'!B9 -> Gessler | M7: ='Stammdaten - Schwimmer'!C9 -> Anna | N7: ='Stammdaten - Schwimmer'!D9 -> 43707 | O7: ='Stammdaten - Schwimmer'!E9 -> 502 | P7: ='Stammdaten - Schwimmer'!F9 -> 7 | Q7: 50 | R7: =P7*Q7 -> 350
A8: ='Stammdaten - Schwimmer'!A32 -> 30 | B8: ='Stammdaten - Schwimmer'!B32 -> Kombacher | C8: ='Stammdaten - Schwimmer'!C32 -> Mia | D8: ='Stammdaten - Schwimmer'!D32 -> 43635 | E8: ='Stammdaten - Schwimmer'!E32 -> 502 | F8: ='Stammdaten - Schwimmer'!F32 -> 0 | K8: ='Stammdaten - Schwimmer'!A10 -> 8 | L8: ='Stammdaten - Schwimmer'!B10 -> Gessler | M8: ='Stammdaten - Schwimmer'!C10 -> Birgit | N8: ='Stammdaten - Schwimmer'!D10 -> 29380 | O8: ='Stammdaten - Schwimmer'!E10 -> 502 | P8: ='Stammdaten - Schwimmer'!F10 -> 42 | Q8: 50 | R8: =P8*Q8 -> 2100
A9: ='Stammdaten - Schwimmer'!A18 -> 16 | B9: ='Stammdaten - Schwimmer'!B18 -> Strobel | C9: ='Stammdaten - Schwimmer'!C18 -> Liana | D9: ='Stammdaten - Schwimmer'!D18 -> 42732 | E9: ='Stammdaten - Schwimmer'!E18 -> 503 | F9: ='Stammdaten - Schwimmer'!F18 -> 68 | K9: ='Stammdaten - Schwimmer'!A11 -> 9 | L9: ='Stammdaten - Schwimmer'!B4 -> Grambow | M9: ='Stammdaten - Schwimmer'!C4 -> Kerstin | N9: ='Stammdaten - Schwimmer'!D4 -> 35065 | O9: ='Stammdaten - Schwimmer'!E4 -> 503, 504 | P9: ='Stammdaten - Schwimmer'!F4 -> 58 | Q9: 50 | R9: =P9*Q9 -> 2900
A10: ='Stammdaten - Schwimmer'!A53 -> 51 | B10: ='Stammdaten - Schwimmer'!B53 -> Warga | C10: ='Stammdaten - Schwimmer'!C53 -> Eva | D10: ='Stammdaten - Schwimmer'!D53 -> 42629 | E10: ='Stammdaten - Schwimmer'!E53 -> 507 | F10: ='Stammdaten - Schwimmer'!F53 -> 108 | K10: ='Stammdaten - Schwimmer'!A12 -> 10 | L10: ='Stammdaten - Schwimmer'!B12 -> Michels | M10: ='Stammdaten - Schwimmer'!C12 -> Laurens | N10: ='Stammdaten - Schwimmer'!D12 -> 37401 | O10: ='Stammdaten - Schwimmer'!E12 -> 502 | P10: ='Stammdaten - Schwimmer'!F12 -> 70 | Q10: 50 | R10: =P10*Q10 -> 3500
A11: ='Stammdaten - Schwimmer'!A62 -> 60 | B11: ='Stammdaten - Schwimmer'!B62 -> Göpel | C11: ='Stammdaten - Schwimmer'!C62 -> Norah | D11: ='Stammdaten - Schwimmer'!D62 -> 42602 | E11: ='Stammdaten - Schwimmer'!E62 -> 502 | F11: ='Stammdaten - Schwimmer'!F62 -> 74 | K11: ='Stammdaten - Schwimmer'!A13 -> 11 | L11: ='Stammdaten - Schwimmer'!B13 -> Aucher | M11: ='Stammdaten - Schwimmer'!C13 -> Neie | N11: ='Stammdaten - Schwimmer'!D13 -> 40173 | O11: ='Stammdaten - Schwimmer'!E13 -> 502 | P11: ='Stammdaten - Schwimmer'!F13 -> 46 | Q11: 50 | R11: =P11*Q11 -> 2300
A12: ='Stammdaten - Schwimmer'!A7 -> 5 | B12: ='Stammdaten - Schwimmer'!B7 -> Rink | C12: ='Stammdaten - Schwimmer'!C7 -> Wiebke | D12: ='Stammdaten - Schwimmer'!D7 -> 42566 | E12: ='Stammdaten - Schwimmer'!E7 -> 503.505 | F12: ='Stammdaten - Schwimmer'!F7 -> 74 | K12: ='Stammdaten - Schwimmer'!A14 -> 12 | L12: ='Stammdaten - Schwimmer'!B14 -> Glass | M12: ='Stammdaten - Schwimmer'!C14 -> Helmut | N12: ='Stammdaten - Schwimmer'!D14 -> 24492 | O12: ='Stammdaten - Schwimmer'!E14 -> 505 | P12: ='Stammdaten - Schwimmer'!F14 -> 50 | Q12: 50 | R12: =P12*Q12 -> 2500
A13: ='Stammdaten - Schwimmer'!A36 -> 34 | B13: ='Stammdaten - Schwimmer'!B36 -> Kombacher | C13: ='Stammdaten - Schwimmer'!C36 -> Sara | D13: ='Stammdaten - Schwimmer'!D36 -> 42528 | E13: ='Stammdaten - Schwimmer'!E36 -> 502 | F13: ='Stammdaten - Schwimmer'!F36 -> 74 | K13: ='Stammdaten - Schwimmer'!A15 -> 13 | L13: ='Stammdaten - Schwimmer'!B15 -> Bachmann | M13: ='Stammdaten - Schwimmer'!C15 -> Anna | N13: ='Stammdaten - Schwimmer'!D15 -> 36207 | O13: ='Stammdaten - Schwimmer'!E15 -> 503 | P13: ='Stammdaten - Schwimmer'!F15 -> 64 | Q13: 50 | R13: =P13*Q13 -> 3200
A14: ='Stammdaten - Schwimmer'!A59 -> 57 | B14: ='Stammdaten - Schwimmer'!B59 -> Hartmann | C14: ='Stammdaten - Schwimmer'!C59 -> Hanna | D14: ='Stammdaten - Schwimmer'!D59 -> 42300 | E14: ='Stammdaten - Schwimmer'!E59 -> 0 | F14: ='Stammdaten - Schwimmer'!F59 -> 26 | K14: ='Stammdaten - Schwimmer'!A16 -> 14 | L14: ='Stammdaten - Schwimmer'!B16 -> König | M14: ='Stammdaten - Schwimmer'!C16 -> Viola | N14: ='Stammdaten - Schwimmer'!D16 -> 36605 | O14: ='Stammdaten - Schwimmer'!E16 -> 503 | P14: ='Stammdaten - Schwimmer'!F16 -> 66 | Q14: 25 | R14: =P14*Q14 -> 1650
A15: ='Stammdaten - Schwimmer'!A61 -> 59 | B15: ='Stammdaten - Schwimmer'!B61 -> Schmid | C15: ='Stammdaten - Schwimmer'!C61 -> Jakob | D15: ='Stammdaten - Schwimmer'!D61 -> 42251 | E15: ='Stammdaten - Schwimmer'!E61 -> 502 | F15: ='Stammdaten - Schwimmer'!F61 -> 94 | K15: ='Stammdaten - Schwimmer'!A17 -> 15 | L15: ='Stammdaten - Schwimmer'!B17 -> Kesten | M15: ='Stammdaten - Schwimmer'!C17 -> Annabelle | N15: ='Stammdaten - Schwimmer'!D17 -> 42053 | O15: ='Stammdaten - Schwimmer'!E17 -> 503 | P15: ='Stammdaten - Schwimmer'!F17 -> 82 | Q15: 25 | R15: =P15*Q15 -> 2050
A16: ='Stammdaten - Schwimmer'!A5 -> 3 | B16: ='Stammdaten - Schwimmer'!B5 -> Gessler | C16: ='Stammdaten - Schwimmer'!C5 -> Tom | D16: ='Stammdaten - Schwimmer'!D5 -> 42230 | E16: ='Stammdaten - Schwimmer'!E5 -> 502 | F16: ='Stammdaten - Schwimmer'!F5 -> 24 | K16: ='Stammdaten - Schwimmer'!A18 -> 16 | L16: ='Stammdaten - Schwimmer'!B18 -> Strobel | M16: ='Stammdaten - Schwimmer'!C18 -> Liana | N16: ='Stammdaten - Schwimmer'!D18 -> 42732 | O16: ='Stammdaten - Schwimmer'!E18 -> 503 | P16: ='Stammdaten - Schwimmer'!F18 -> 68 | Q16: 50 | R16: =P16*Q16 -> 3400
A17: ='Stammdaten - Schwimmer'!A30 -> 28 | B17: ='Stammdaten - Schwimmer'!B30 -> Zimmermann | C17: ='Stammdaten - Schwimmer'!C30 -> Alina | D17: ='Stammdaten - Schwimmer'!D30 -> 42146 | E17: ='Stammdaten - Schwimmer'!E30 -> 0 | F17: ='Stammdaten - Schwimmer'!F30 -> 76 | K17: ='Stammdaten - Schwimmer'!A19 -> 17 | L17: ='Stammdaten - Schwimmer'!B19 -> Baur | M17: ='Stammdaten - Schwimmer'!C19 -> Seweryn | N17: ='Stammdaten - Schwimmer'!D19 -> 33169 | O17: ='Stammdaten - Schwimmer'!E19 -> 503.504 | P17: ='Stammdaten - Schwimmer'!F19 -> 22 | Q17: 25 | R17: =P17*Q17 -> 550
A18: ='Stammdaten - Schwimmer'!A64 -> 62 | B18: ='Stammdaten - Schwimmer'!B64 -> Zhou | C18: ='Stammdaten - Schwimmer'!C64 -> Robin | D18: ='Stammdaten - Schwimmer'!D64 -> 42116 | E18: ='Stammdaten - Schwimmer'!E64 -> 503 | F18: ='Stammdaten - Schwimmer'!F64 -> 80 | K18: ='Stammdaten - Schwimmer'!A20 -> 18 | L18: ='Stammdaten - Schwimmer'!B20 -> Baur | M18: ='Stammdaten - Schwimmer'!C20 -> Amelie | N18: ='Stammdaten - Schwimmer'!D20 -> 34191 | O18: ='Stammdaten - Schwimmer'!E20 -> 503.504 | P18: ='Stammdaten - Schwimmer'!F20 -> 30 | Q18: 25 | R18: =P18*Q18 -> 750
A19: ='Stammdaten - Schwimmer'!A17 -> 15 | B19: ='Stammdaten - Schwimmer'!B17 -> Kesten | C19: ='Stammdaten - Schwimmer'!C17 -> Annabelle | D19: ='Stammdaten - Schwimmer'!D17 -> 42053 | E19: ='Stammdaten - Schwimmer'!E17 -> 503 | F19: ='Stammdaten - Schwimmer'!F17 -> 82 | K19: ='Stammdaten - Schwimmer'!A21 -> 19 | L19: ='Stammdaten - Schwimmer'!B21 -> Maier | M19: ='Stammdaten - Schwimmer'!C21 -> Johannes | N19: ='Stammdaten - Schwimmer'!D21 -> 41125 | O19: ='Stammdaten - Schwimmer'!E21 -> 0 | P19: ='Stammdaten - Schwimmer'!F21 -> 90 | Q19: 25 | R19: =P19*Q19 -> 2250
A20: ='Stammdaten - Schwimmer'!A50 -> 48 | B20: ='Stammdaten - Schwimmer'!B50 -> Holste | C20: ='Stammdaten - Schwimmer'!C50 -> Oscar | D20: ='Stammdaten - Schwimmer'!D50 -> 42027 | E20: ='Stammdaten - Schwimmer'!E50 -> 503 | F20: ='Stammdaten - Schwimmer'!F50 -> 122 | K20: ='Stammdaten - Schwimmer'!A22 -> 20 | L20: ='Stammdaten - Schwimmer'!B22 -> Winkler | M20: ='Stammdaten - Schwimmer'!C22 -> Anette | N20: ='Stammdaten - Schwimmer'!D22 -> 22984 | O20: ='Stammdaten - Schwimmer'!E22 -> 0 | P20: ='Stammdaten - Schwimmer'!F22 -> 30 | Q20: 50 | R20: =P20*Q20 -> 1500
A21: ='Stammdaten - Schwimmer'!A23 -> 21 | B21: ='Stammdaten - Schwimmer'!B23 -> Laub | C21: ='Stammdaten - Schwimmer'!C23 -> Emma | D21: ='Stammdaten - Schwimmer'!D23 -> 42017 | E21: ='Stammdaten - Schwimmer'!E23 -> 0 | F21: ='Stammdaten - Schwimmer'!F23 -> 22 | K21: ='Stammdaten - Schwimmer'!A23 -> 21 | L21: ='Stammdaten - Schwimmer'!B23 -> Laub | M21: ='Stammdaten - Schwimmer'!C23 -> Emma | N21: ='Stammdaten - Schwimmer'!D23 -> 42017 | O21: ='Stammdaten - Schwimmer'!E23 -> 0 | P21: ='Stammdaten - Schwimmer'!F23 -> 22 | Q21: 50 | R21: =P21*Q21 -> 1100
A22: ='Stammdaten - Schwimmer'!A65 -> 63 | B22: ='Stammdaten - Schwimmer'!B65 -> Buuck | C22: ='Stammdaten - Schwimmer'!C65 -> Jan-Alexander | D22: ='Stammdaten - Schwimmer'!D65 -> 41849 | E22: ='Stammdaten - Schwimmer'!E65 -> 502 | F22: ='Stammdaten - Schwimmer'!F65 -> 40 | K22: ='Stammdaten - Schwimmer'!A24 -> 22 | L22: ='Stammdaten - Schwimmer'!B24 -> Laub | M22: ='Stammdaten - Schwimmer'!C24 -> Jasper | N22: ='Stammdaten - Schwimmer'!D24 -> 41553 | O22: ='Stammdaten - Schwimmer'!E24 -> 0 | P22: ='Stammdaten - Schwimmer'!F24 -> 24 | Q22: 50 | R22: =P22*Q22 -> 1200
A23: ='Stammdaten - Schwimmer'!A34 -> 32 | B23: ='Stammdaten - Schwimmer'!B34 -> Kombacher | C23: ='Stammdaten - Schwimmer'!C34 -> Lea | D23: ='Stammdaten - Schwimmer'!D34 -> 41712 | E23: ='Stammdaten - Schwimmer'!E34 -> 502 | F23: ='Stammdaten - Schwimmer'!F34 -> 94 | K23: ='Stammdaten - Schwimmer'!A25 -> 23 | L23: ='Stammdaten - Schwimmer'!B25 -> Engel | M23: ='Stammdaten - Schwimmer'!C25 -> Katrin | N23: ='Stammdaten - Schwimmer'!D25 -> 25956 | O23: ='Stammdaten - Schwimmer'!E25 -> 503.504 | P23: ='Stammdaten - Schwimmer'!F25 -> 58 | Q23: 25 | R23: =P23*Q23 -> 1450
A24: ='Stammdaten - Schwimmer'!A24 -> 22 | B24: ='Stammdaten - Schwimmer'!B24 -> Laub | C24: ='Stammdaten - Schwimmer'!C24 -> Jasper | D24: ='Stammdaten - Schwimmer'!D24 -> 41553 | E24: ='Stammdaten - Schwimmer'!E24 -> 0 | F24: ='Stammdaten - Schwimmer'!F24 -> 24 | K24: ='Stammdaten - Schwimmer'!A26 -> 24 | L24: ='Stammdaten - Schwimmer'!B26 -> Engel | M24: ='Stammdaten - Schwimmer'!C26 -> Ulrike | N24: ='Stammdaten - Schwimmer'!D26 -> 23938 | O24: ='Stammdaten - Schwimmer'!E26 -> 503.504 | P24: ='Stammdaten - Schwimmer'!F26 -> 60 | Q24: 25 | R24: =P24*Q24 -> 1500
A25: ='Stammdaten - Schwimmer'!A57 -> 55 | B25: ='Stammdaten - Schwimmer'!B57 -> Veit | C25: ='Stammdaten - Schwimmer'!C57 -> Dorothea | D25: ='Stammdaten - Schwimmer'!D57 -> 41475 | E25: ='Stammdaten - Schwimmer'!E57 -> 503 | F25: ='Stammdaten - Schwimmer'!F57 -> 32 | K25: ='Stammdaten - Schwimmer'!A27 -> 25 | L25: ='Stammdaten - Schwimmer'!B27 -> Sure | M25: ='Stammdaten - Schwimmer'!C27 -> Doris | N25: ='Stammdaten - Schwimmer'!D27 -> 22857 | O25: ='Stammdaten - Schwimmer'!E27 -> 502 | P25: ='Stammdaten - Schwimmer'!F27 -> 22 | Q25: 25 | R25: =P25*Q25 -> 550
A26: ='Stammdaten - Schwimmer'!A51 -> 49 | B26: ='Stammdaten - Schwimmer'!B51 -> Holste | C26: ='Stammdaten - Schwimmer'!C51 -> Lotte | D26: ='Stammdaten - Schwimmer'!D51 -> 41408 | E26: ='Stammdaten - Schwimmer'!E51 -> 503 | F26: ='Stammdaten - Schwimmer'!F51 -> 120 | K26: ='Stammdaten - Schwimmer'!A28 -> 26 | L26: ='Stammdaten - Schwimmer'!B28 -> Bauer | M26: ='Stammdaten - Schwimmer'!C28 -> Tim | N26: ='Stammdaten - Schwimmer'!D28 -> 35823 | O26: ='Stammdaten - Schwimmer'!E28 -> 503 | P26: ='Stammdaten - Schwimmer'!F28 -> 50 | Q26: 25 | R26: =P26*Q26 -> 1250
A27: ='Stammdaten - Schwimmer'!A60 -> 58 | B27: ='Stammdaten - Schwimmer'!B60 -> Schmid | C27: ='Stammdaten - Schwimmer'!C60 -> Hannes | D27: ='Stammdaten - Schwimmer'!D60 -> 41282 | E27: ='Stammdaten - Schwimmer'!E60 -> 502 | F27: ='Stammdaten - Schwimmer'!F60 -> 108 | K27: ='Stammdaten - Schwimmer'!A29 -> 27 | L27: ='Stammdaten - Schwimmer'!B29 -> Engel | M27: ='Stammdaten - Schwimmer'!C29 -> Brigitte | N27: ='Stammdaten - Schwimmer'!D29 -> 23066 | O27: ='Stammdaten - Schwimmer'!E29 -> 0 | P27: ='Stammdaten - Schwimmer'!F29 -> 40 | Q27: 25 | R27: =P27*Q27 -> 1000
A28: ='Stammdaten - Schwimmer'!A21 -> 19 | B28: ='Stammdaten - Schwimmer'!B21 -> Maier | C28: ='Stammdaten - Schwimmer'!C21 -> Johannes | D28: ='Stammdaten - Schwimmer'!D21 -> 41125 | E28: ='Stammdaten - Schwimmer'!E21 -> 0 | F28: ='Stammdaten - Schwimmer'!F21 -> 90 | K28: ='Stammdaten - Schwimmer'!A30 -> 28 | L28: ='Stammdaten - Schwimmer'!B30 -> Zimmermann | M28: ='Stammdaten - Schwimmer'!C30 -> Alina | N28: ='Stammdaten - Schwimmer'!D30 -> 42146 | O28: ='Stammdaten - Schwimmer'!E30 -> 0 | P28: ='Stammdaten - Schwimmer'!F30 -> 76 | Q28: 25 | R28: =P28*Q28 -> 1900
A29: ='Stammdaten - Schwimmer'!A58 -> 56 | B29: ='Stammdaten - Schwimmer'!B58 -> Heineke | C29: ='Stammdaten - Schwimmer'!C58 -> Jana | D29: ='Stammdaten - Schwimmer'!D58 -> 40445 | E29: ='Stammdaten - Schwimmer'!E58 -> 503 | F29: ='Stammdaten - Schwimmer'!F58 -> 40 | K29: ='Stammdaten - Schwimmer'!A31 -> 29 | L29: ='Stammdaten - Schwimmer'!B31 -> Zimmermann | M29: ='Stammdaten - Schwimmer'!C31 -> Markus | N29: ='Stammdaten - Schwimmer'!D31 -> 28193 | O29: ='Stammdaten - Schwimmer'!E31 -> 0 | P29: ='Stammdaten - Schwimmer'!F31 -> 42 | Q29: 25 | R29: =P29*Q29 -> 1050
A30: ='Stammdaten - Schwimmer'!A45 -> 43 | B30: ='Stammdaten - Schwimmer'!B45 -> Fischer | C30: ='Stammdaten - Schwimmer'!C45 -> Luca | D30: ='Stammdaten - Schwimmer'!D45 -> 40369 | E30: ='Stammdaten - Schwimmer'!E45 -> 506 | F30: ='Stammdaten - Schwimmer'!F45 -> 20 | K30: ='Stammdaten - Schwimmer'!A32 -> 30 | L30: ='Stammdaten - Schwimmer'!B32 -> Kombacher | M30: ='Stammdaten - Schwimmer'!C32 -> Mia | N30: ='Stammdaten - Schwimmer'!D32 -> 43635 | O30: ='Stammdaten - Schwimmer'!E32 -> 502 | P30: ='Stammdaten - Schwimmer'!F32 -> 0 | Q30: 50 | R30: =P30*Q30 -> 0
A31: ='Stammdaten - Schwimmer'!A52 -> 50 | B31: ='Stammdaten - Schwimmer'!B52 -> Ludwig | C31: ='Stammdaten - Schwimmer'!C52 -> Mariya | D31: ='Stammdaten - Schwimmer'!D52 -> 40298 | E31: ='Stammdaten - Schwimmer'!E52 -> 502 | F31: ='Stammdaten - Schwimmer'!F52 -> 52 | K31: ='Stammdaten - Schwimmer'!A33 -> 31 | L31: ='Stammdaten - Schwimmer'!B33 -> Kombacher | M31: ='Stammdaten - Schwimmer'!C33 -> Anja | N31: ='Stammdaten - Schwimmer'!D33 -> 30515 | O31: ='Stammdaten - Schwimmer'!E33 -> 502 | P31: ='Stammdaten - Schwimmer'!F33 -> 0 | Q31: 25 | R31: =P31*Q31 -> 0
A32: =#REF! -> #REF! | B32: =#REF! -> #REF! | C32: =#REF! -> #REF! | D32: =#REF! -> #REF! | E32: =#REF! -> #REF! | F32: =#REF! -> #REF! | K32: ='Stammdaten - Schwimmer'!A34 -> 32 | L32: ='Stammdaten - Schwimmer'!B34 -> Kombacher | M32: ='Stammdaten - Schwimmer'!C34 -> Lea | N32: ='Stammdaten - Schwimmer'!D34 -> 41712 | O32: ='Stammdaten - Schwimmer'!E34 -> 502 | P32: ='Stammdaten - Schwimmer'!F34 -> 94 | Q32: 25 | R32: =P32*Q32 -> 2350
A33: ='Stammdaten - Schwimmer'!A13 -> 11 | B33: ='Stammdaten - Schwimmer'!B13 -> Aucher | C33: ='Stammdaten - Schwimmer'!C13 -> Neie | D33: ='Stammdaten - Schwimmer'!D13 -> 40173 | E33: ='Stammdaten - Schwimmer'!E13 -> 502 | F33: ='Stammdaten - Schwimmer'!F13 -> 46 | K33: ='Stammdaten - Schwimmer'!A35 -> 33 | L33: ='Stammdaten - Schwimmer'!B35 -> 0 | M33: ='Stammdaten - Schwimmer'!C35 -> 0 | N33: ='Stammdaten - Schwimmer'!D35 -> 0 | O33: ='Stammdaten - Schwimmer'!E35 -> 0 | P33: ='Stammdaten - Schwimmer'!F35 -> 0 | Q33: 50 | R33: =P33*Q33 -> 0
A34: ='Stammdaten - Schwimmer'!A8 -> 6 | B34: ='Stammdaten - Schwimmer'!B8 -> Künsemüller | C34: ='Stammdaten - Schwimmer'!C8 -> Viktoria | D34: ='Stammdaten - Schwimmer'!D8 -> 40021 | E34: ='Stammdaten - Schwimmer'!E8 -> 503 | F34: ='Stammdaten - Schwimmer'!F8 -> 70 | K34: ='Stammdaten - Schwimmer'!A36 -> 34 | L34: ='Stammdaten - Schwimmer'!B36 -> Kombacher | M34: ='Stammdaten - Schwimmer'!C36 -> Sara | N34: ='Stammdaten - Schwimmer'!D36 -> 42528 | O34: ='Stammdaten - Schwimmer'!E36 -> 502 | P34: ='Stammdaten - Schwimmer'!F36 -> 74 | Q34: 50 | R34: =P34*Q34 -> 3700
A35: ='Stammdaten - Schwimmer'!A55 -> 53 | B35: ='Stammdaten - Schwimmer'!B55 -> Warga | C35: ='Stammdaten - Schwimmer'!C55 -> Paula | D35: ='Stammdaten - Schwimmer'!D55 -> 39823 | E35: ='Stammdaten - Schwimmer'!E55 -> 507 | F35: ='Stammdaten - Schwimmer'!F55 -> 60 | K35: ='Stammdaten - Schwimmer'!A37 -> 35 | L35: ='Stammdaten - Schwimmer'!B37 -> 0 | M35: ='Stammdaten - Schwimmer'!C37 -> 0 | N35: ='Stammdaten - Schwimmer'!D37 -> 0 | O35: ='Stammdaten - Schwimmer'!E37 -> 0 | P35: ='Stammdaten - Schwimmer'!F37 -> 0 | Q35: 25 | R35: =P35*Q35 -> 0
A36: ='Stammdaten - Schwimmer'!A43 -> 41 | B36: ='Stammdaten - Schwimmer'!B43 -> Fischer | C36: ='Stammdaten - Schwimmer'!C43 -> Chiara | D36: ='Stammdaten - Schwimmer'!D43 -> 38846 | E36: ='Stammdaten - Schwimmer'!E43 -> 506 | F36: ='Stammdaten - Schwimmer'!F43 -> 24 | K36: ='Stammdaten - Schwimmer'!A38 -> 36 | L36: ='Stammdaten - Schwimmer'!B38 -> Hanke | M36: ='Stammdaten - Schwimmer'!C38 -> Kerstin | N36: ='Stammdaten - Schwimmer'!D38 -> 24695 | O36: ='Stammdaten - Schwimmer'!E38 -> 506 | P36: ='Stammdaten - Schwimmer'!F38 -> 20 | Q36: 50 | R36: =P36*Q36 -> 1000
A37: ='Stammdaten - Schwimmer'!A71 -> 69 | B37: ='Stammdaten - Schwimmer'!B71 -> Müller | C37: ='Stammdaten - Schwimmer'!C71 -> Nick | D37: ='Stammdaten - Schwimmer'!D71 -> 38183 | E37: ='Stammdaten - Schwimmer'!E71 -> 0 | F37: ='Stammdaten - Schwimmer'!F71 -> 30 | K37: ='Stammdaten - Schwimmer'!A39 -> 37 | L37: ='Stammdaten - Schwimmer'!B39 -> Frank | M37: ='Stammdaten - Schwimmer'!C39 -> Konstantin | N37: ='Stammdaten - Schwimmer'!D39 -> 34462 | O37: ='Stammdaten - Schwimmer'!E39 -> 506 | P37: ='Stammdaten - Schwimmer'!F39 -> 30 | Q37: 50 | R37: =P37*Q37 -> 1500
A38: ='Stammdaten - Schwimmer'!A70 -> 68 | B38: ='Stammdaten - Schwimmer'!B70 -> Michaelis | C38: ='Stammdaten - Schwimmer'!C70 -> Jochen | D38: ='Stammdaten - Schwimmer'!D70 -> 37973 | E38: ='Stammdaten - Schwimmer'!E70 -> 0 | F38: ='Stammdaten - Schwimmer'!F70 -> 30 | K38: ='Stammdaten - Schwimmer'!A40 -> 38 | L38: ='Stammdaten - Schwimmer'!B40 -> Laub | M38: ='Stammdaten - Schwimmer'!C40 -> Noel | N38: ='Stammdaten - Schwimmer'!D40 -> 32001 | O38: ='Stammdaten - Schwimmer'!E40 -> 506 | P38: ='Stammdaten - Schwimmer'!F40 -> 38 | Q38: 50 | R38: =P38*Q38 -> 1900
A39: ='Stammdaten - Schwimmer'!A12 -> 10 | B39: ='Stammdaten - Schwimmer'!B12 -> Michels | C39: ='Stammdaten - Schwimmer'!C12 -> Laurens | D39: ='Stammdaten - Schwimmer'!D12 -> 37401 | E39: ='Stammdaten - Schwimmer'!E12 -> 502 | F39: ='Stammdaten - Schwimmer'!F12 -> 70 | K39: ='Stammdaten - Schwimmer'!A41 -> 39 | L39: ='Stammdaten - Schwimmer'!B41 -> Drensek | M39: ='Stammdaten - Schwimmer'!C41 -> Deborah | N39: ='Stammdaten - Schwimmer'!D41 -> 34356 | O39: ='Stammdaten - Schwimmer'!E41 -> 506 | P39: ='Stammdaten - Schwimmer'!F41 -> 20 | Q39: 50 | R39: =P39*Q39 -> 1000
A40: ='Stammdaten - Schwimmer'!A16 -> 14 | B40: ='Stammdaten - Schwimmer'!B16 -> König | C40: ='Stammdaten - Schwimmer'!C16 -> Viola | D40: ='Stammdaten - Schwimmer'!D16 -> 36605 | E40: ='Stammdaten - Schwimmer'!E16 -> 503 | F40: ='Stammdaten - Schwimmer'!F16 -> 66 | K40: ='Stammdaten - Schwimmer'!A42 -> 40 | L40: ='Stammdaten - Schwimmer'!B42 -> Laub | M40: ='Stammdaten - Schwimmer'!C42 -> Tanja | N40: ='Stammdaten - Schwimmer'!D42 -> 32160 | O40: ='Stammdaten - Schwimmer'!E42 -> 506 | P40: ='Stammdaten - Schwimmer'!F42 -> 20 | Q40: 50 | R40: =P40*Q40 -> 1000
A41: ='Stammdaten - Schwimmer'!A48 -> 46 | B41: ='Stammdaten - Schwimmer'!B48 -> Bayer | C41: ='Stammdaten - Schwimmer'!C48 -> Kim | D41: ='Stammdaten - Schwimmer'!D48 -> 36526 | E41: ='Stammdaten - Schwimmer'!E48 -> 506 | F41: ='Stammdaten - Schwimmer'!F48 -> 8 | K41: ='Stammdaten - Schwimmer'!A43 -> 41 | L41: ='Stammdaten - Schwimmer'!B43 -> Fischer | M41: ='Stammdaten - Schwimmer'!C43 -> Chiara | N41: ='Stammdaten - Schwimmer'!D43 -> 38846 | O41: ='Stammdaten - Schwimmer'!E43 -> 506 | P41: ='Stammdaten - Schwimmer'!F43 -> 24 | Q41: 50 | R41: =P41*Q41 -> 1200
A42: ='Stammdaten - Schwimmer'!A15 -> 13 | B42: ='Stammdaten - Schwimmer'!B15 -> Bachmann | C42: ='Stammdaten - Schwimmer'!C15 -> Anna | D42: ='Stammdaten - Schwimmer'!D15 -> 36207 | E42: ='Stammdaten - Schwimmer'!E15 -> 503 | F42: ='Stammdaten - Schwimmer'!F15 -> 64 | K42: ='Stammdaten - Schwimmer'!A44 -> 42 | L42: ='Stammdaten - Schwimmer'!B44 -> Nielitz | M42: ='Stammdaten - Schwimmer'!C44 -> Andre | N42: ='Stammdaten - Schwimmer'!D44 -> 36156 | O42: ='Stammdaten - Schwimmer'!E44 -> 506 | P42: ='Stammdaten - Schwimmer'!F44 -> 22 | Q42: 50 | R42: =P42*Q42 -> 1100
A43: ='Stammdaten - Schwimmer'!A44 -> 42 | B43: ='Stammdaten - Schwimmer'!B44 -> Nielitz | C43: ='Stammdaten - Schwimmer'!C44 -> Andre | D43: ='Stammdaten - Schwimmer'!D44 -> 36156 | E43: ='Stammdaten - Schwimmer'!E44 -> 506 | F43: ='Stammdaten - Schwimmer'!F44 -> 22 | K43: ='Stammdaten - Schwimmer'!A45 -> 43 | L43: ='Stammdaten - Schwimmer'!B45 -> Fischer | M43: ='Stammdaten - Schwimmer'!C45 -> Luca | N43: ='Stammdaten - Schwimmer'!D45 -> 40369 | O43: ='Stammdaten - Schwimmer'!E45 -> 506 | P43: ='Stammdaten - Schwimmer'!F45 -> 20 | Q43: 25 | R43: =P43*Q43 -> 500
A44: ='Stammdaten - Schwimmer'!A28 -> 26 | B44: ='Stammdaten - Schwimmer'!B28 -> Bauer | C44: ='Stammdaten - Schwimmer'!C28 -> Tim | D44: ='Stammdaten - Schwimmer'!D28 -> 35823 | E44: ='Stammdaten - Schwimmer'!E28 -> 503 | F44: ='Stammdaten - Schwimmer'!F28 -> 50 | K44: ='Stammdaten - Schwimmer'!A46 -> 44 | L44: ='Stammdaten - Schwimmer'!B46 -> Flohr | M44: ='Stammdaten - Schwimmer'!C46 -> Alisa | N44: ='Stammdaten - Schwimmer'!D46 -> 34206 | O44: ='Stammdaten - Schwimmer'!E46 -> 506 | P44: ='Stammdaten - Schwimmer'!F46 -> 14 | Q44: 50 | R44: =P44*Q44 -> 700
A45: ='Stammdaten - Schwimmer'!A47 -> 45 | B45: ='Stammdaten - Schwimmer'!B47 -> Frank | C45: ='Stammdaten - Schwimmer'!C47 -> Laura | D45: ='Stammdaten - Schwimmer'!D47 -> 35767 | E45: ='Stammdaten - Schwimmer'!E47 -> 506 | F45: ='Stammdaten - Schwimmer'!F47 -> 28 | K45: ='Stammdaten - Schwimmer'!A47 -> 45 | L45: ='Stammdaten - Schwimmer'!B47 -> Frank | M45: ='Stammdaten - Schwimmer'!C47 -> Laura | N45: ='Stammdaten - Schwimmer'!D47 -> 35767 | O45: ='Stammdaten - Schwimmer'!E47 -> 506 | P45: ='Stammdaten - Schwimmer'!F47 -> 28 | Q45: 50 | R45: =P45*Q45 -> 1400
A46: ='Stammdaten - Schwimmer'!A11 -> 9 | B46: ='Stammdaten - Schwimmer'!B4 -> Grambow | C46: ='Stammdaten - Schwimmer'!C4 -> Kerstin | D46: ='Stammdaten - Schwimmer'!D4 -> 35065 | E46: ='Stammdaten - Schwimmer'!E4 -> 503, 504 | F46: ='Stammdaten - Schwimmer'!F4 -> 58 | K46: ='Stammdaten - Schwimmer'!A48 -> 46 | L46: ='Stammdaten - Schwimmer'!B48 -> Bayer | M46: ='Stammdaten - Schwimmer'!C48 -> Kim | N46: ='Stammdaten - Schwimmer'!D48 -> 36526 | O46: ='Stammdaten - Schwimmer'!E48 -> 506 | P46: ='Stammdaten - Schwimmer'!F48 -> 8 | Q46: 50 | R46: =P46*Q46 -> 400
A47: ='Stammdaten - Schwimmer'!A39 -> 37 | B47: ='Stammdaten - Schwimmer'!B39 -> Frank | C47: ='Stammdaten - Schwimmer'!C39 -> Konstantin | D47: ='Stammdaten - Schwimmer'!D39 -> 34462 | E47: ='Stammdaten - Schwimmer'!E39 -> 506 | F47: ='Stammdaten - Schwimmer'!F39 -> 30 | K47: ='Stammdaten - Schwimmer'!A49 -> 47 | L47: ='Stammdaten - Schwimmer'!B49 -> Holste | M47: ='Stammdaten - Schwimmer'!C49 -> Ruben | N47: ='Stammdaten - Schwimmer'!D49 -> 30358 | O47: ='Stammdaten - Schwimmer'!E49 -> 503 | P47: ='Stammdaten - Schwimmer'!F49 -> 70 | Q47: 25 | R47: =P47*Q47 -> 1750
A48: ='Stammdaten - Schwimmer'!A41 -> 39 | B48: ='Stammdaten - Schwimmer'!B41 -> Drensek | C48: ='Stammdaten - Schwimmer'!C41 -> Deborah | D48: ='Stammdaten - Schwimmer'!D41 -> 34356 | E48: ='Stammdaten - Schwimmer'!E41 -> 506 | F48: ='Stammdaten - Schwimmer'!F41 -> 20 | K48: ='Stammdaten - Schwimmer'!A50 -> 48 | L48: ='Stammdaten - Schwimmer'!B50 -> Holste | M48: ='Stammdaten - Schwimmer'!C50 -> Oscar | N48: ='Stammdaten - Schwimmer'!D50 -> 42027 | O48: ='Stammdaten - Schwimmer'!E50 -> 503 | P48: ='Stammdaten - Schwimmer'!F50 -> 122 | Q48: 25 | R48: =P48*Q48 -> 3050
A49: ='Stammdaten - Schwimmer'!A46 -> 44 | B49: ='Stammdaten - Schwimmer'!B46 -> Flohr | C49: ='Stammdaten - Schwimmer'!C46 -> Alisa | D49: ='Stammdaten - Schwimmer'!D46 -> 34206 | E49: ='Stammdaten - Schwimmer'!E46 -> 506 | F49: ='Stammdaten - Schwimmer'!F46 -> 14 | K49: ='Stammdaten - Schwimmer'!A51 -> 49 | L49: ='Stammdaten - Schwimmer'!B51 -> Holste | M49: ='Stammdaten - Schwimmer'!C51 -> Lotte | N49: ='Stammdaten - Schwimmer'!D51 -> 41408 | O49: ='Stammdaten - Schwimmer'!E51 -> 503 | P49: ='Stammdaten - Schwimmer'!F51 -> 120 | Q49: 50 | R49: =P49*Q49 -> 6000
A50: ='Stammdaten - Schwimmer'!A20 -> 18 | B50: ='Stammdaten - Schwimmer'!B20 -> Baur | C50: ='Stammdaten - Schwimmer'!C20 -> Amelie | D50: ='Stammdaten - Schwimmer'!D20 -> 34191 | E50: ='Stammdaten - Schwimmer'!E20 -> 503.504 | F50: ='Stammdaten - Schwimmer'!F20 -> 30 | K50: ='Stammdaten - Schwimmer'!A52 -> 50 | L50: ='Stammdaten - Schwimmer'!B52 -> Ludwig | M50: ='Stammdaten - Schwimmer'!C52 -> Mariya | N50: ='Stammdaten - Schwimmer'!D52 -> 40298 | O50: ='Stammdaten - Schwimmer'!E52 -> 502 | P50: ='Stammdaten - Schwimmer'!F52 -> 52 | Q50: 50 | R50: =P50*Q50 -> 2600
A51: ='Stammdaten - Schwimmer'!A19 -> 17 | B51: ='Stammdaten - Schwimmer'!B19 -> Baur | C51: ='Stammdaten - Schwimmer'!C19 -> Seweryn | D51: ='Stammdaten - Schwimmer'!D19 -> 33169 | E51: ='Stammdaten - Schwimmer'!E19 -> 503.504 | F51: ='Stammdaten - Schwimmer'!F19 -> 22 | K51: ='Stammdaten - Schwimmer'!A53 -> 51 | L51: ='Stammdaten - Schwimmer'!B53 -> Warga | M51: ='Stammdaten - Schwimmer'!C53 -> Eva | N51: ='Stammdaten - Schwimmer'!D53 -> 42629 | O51: ='Stammdaten - Schwimmer'!E53 -> 507 | P51: ='Stammdaten - Schwimmer'!F53 -> 108 | Q51: 50 | R51: =P51*Q51 -> 5400
A52: ='Stammdaten - Schwimmer'!A66 -> 64 | B52: ='Stammdaten - Schwimmer'!B66 -> Fritz | C52: ='Stammdaten - Schwimmer'!C66 -> Johannes | D52: ='Stammdaten - Schwimmer'!D66 -> 33038 | E52: ='Stammdaten - Schwimmer'!E66 -> 0 | F52: ='Stammdaten - Schwimmer'!F66 -> 40 | K52: ='Stammdaten - Schwimmer'!A54 -> 52 | L52: ='Stammdaten - Schwimmer'!B54 -> Warga | M52: ='Stammdaten - Schwimmer'!C54 -> Christina | N52: ='Stammdaten - Schwimmer'!D54 -> 27766 | O52: ='Stammdaten - Schwimmer'!E54 -> 507 | P52: ='Stammdaten - Schwimmer'!F54 -> 38 | Q52: 50 | R52: =P52*Q52 -> 1900
A53: ='Stammdaten - Schwimmer'!A42 -> 40 | B53: ='Stammdaten - Schwimmer'!B42 -> Laub | C53: ='Stammdaten - Schwimmer'!C42 -> Tanja | D53: ='Stammdaten - Schwimmer'!D42 -> 32160 | E53: ='Stammdaten - Schwimmer'!E42 -> 506 | F53: ='Stammdaten - Schwimmer'!F42 -> 20 | K53: ='Stammdaten - Schwimmer'!A55 -> 53 | L53: ='Stammdaten - Schwimmer'!B55 -> Warga | M53: ='Stammdaten - Schwimmer'!C55 -> Paula | N53: ='Stammdaten - Schwimmer'!D55 -> 39823 | O53: ='Stammdaten - Schwimmer'!E55 -> 507 | P53: ='Stammdaten - Schwimmer'!F55 -> 60 | Q53: 50 | R53: =P53*Q53 -> 3000
A54: ='Stammdaten - Schwimmer'!A63 -> 61 | B54: ='Stammdaten - Schwimmer'!B63 -> Göpel | C54: ='Stammdaten - Schwimmer'!C63 -> Joana | D54: ='Stammdaten - Schwimmer'!D63 -> 32090 | E54: ='Stammdaten - Schwimmer'!E63 -> 502 | F54: ='Stammdaten - Schwimmer'!F63 -> 22 | K54: ='Stammdaten - Schwimmer'!A56 -> 54 | L54: ='Stammdaten - Schwimmer'!B56 -> Warga | M54: ='Stammdaten - Schwimmer'!C56 -> Christian | N54: ='Stammdaten - Schwimmer'!D56 -> 27486 | O54: ='Stammdaten - Schwimmer'!E56 -> 507 | P54: ='Stammdaten - Schwimmer'!F56 -> 40 | Q54: 25 | R54: =P54*Q54 -> 1000
A55: ='Stammdaten - Schwimmer'!A40 -> 38 | B55: ='Stammdaten - Schwimmer'!B40 -> Laub | C55: ='Stammdaten - Schwimmer'!C40 -> Noel | D55: ='Stammdaten - Schwimmer'!D40 -> 32001 | E55: ='Stammdaten - Schwimmer'!E40 -> 506 | F55: ='Stammdaten - Schwimmer'!F40 -> 38 | K55: ='Stammdaten - Schwimmer'!A57 -> 55 | L55: ='Stammdaten - Schwimmer'!B57 -> Veit | M55: ='Stammdaten - Schwimmer'!C57 -> Dorothea | N55: ='Stammdaten - Schwimmer'!D57 -> 41475 | O55: ='Stammdaten - Schwimmer'!E57 -> 503 | P55: ='Stammdaten - Schwimmer'!F57 -> 32 | Q55: 50 | R55: =P55*Q55 -> 1600
A56: ='Stammdaten - Schwimmer'!A67 -> 65 | B56: ='Stammdaten - Schwimmer'!B67 -> Franz | C56: ='Stammdaten - Schwimmer'!C67 -> Franziska | D56: ='Stammdaten - Schwimmer'!D67 -> 31320 | E56: ='Stammdaten - Schwimmer'!E67 -> 503.504 | F56: ='Stammdaten - Schwimmer'!F67 -> 26 | K56: ='Stammdaten - Schwimmer'!A58 -> 56 | L56: ='Stammdaten - Schwimmer'!B58 -> Heineke | M56: ='Stammdaten - Schwimmer'!C58 -> Jana | N56: ='Stammdaten - Schwimmer'!D58 -> 40445 | O56: ='Stammdaten - Schwimmer'!E58 -> 503 | P56: ='Stammdaten - Schwimmer'!F58 -> 40 | Q56: 50 | R56: =P56*Q56 -> 2000
A57: ='Stammdaten - Schwimmer'!A33 -> 31 | B57: ='Stammdaten - Schwimmer'!B33 -> Kombacher | C57: ='Stammdaten - Schwimmer'!C33 -> Anja | D57: ='Stammdaten - Schwimmer'!D33 -> 30515 | E57: ='Stammdaten - Schwimmer'!E33 -> 502 | F57: ='Stammdaten - Schwimmer'!F33 -> 0 | K57: ='Stammdaten - Schwimmer'!A59 -> 57 | L57: ='Stammdaten - Schwimmer'!B59 -> Hartmann | M57: ='Stammdaten - Schwimmer'!C59 -> Hanna | N57: ='Stammdaten - Schwimmer'!D59 -> 42300 | O57: ='Stammdaten - Schwimmer'!E59 -> 0 | P57: ='Stammdaten - Schwimmer'!F59 -> 26 | Q57: 25 | R57: =P57*Q57 -> 650
A58: ='Stammdaten - Schwimmer'!A49 -> 47 | B58: ='Stammdaten - Schwimmer'!B49 -> Holste | C58: ='Stammdaten - Schwimmer'!C49 -> Ruben | D58: ='Stammdaten - Schwimmer'!D49 -> 30358 | E58: ='Stammdaten - Schwimmer'!E49 -> 503 | F58: ='Stammdaten - Schwimmer'!F49 -> 70 | K58: ='Stammdaten - Schwimmer'!A60 -> 58 | L58: ='Stammdaten - Schwimmer'!B60 -> Schmid | M58: ='Stammdaten - Schwimmer'!C60 -> Hannes | N58: ='Stammdaten - Schwimmer'!D60 -> 41282 | O58: ='Stammdaten - Schwimmer'!E60 -> 502 | P58: ='Stammdaten - Schwimmer'!F60 -> 108 | Q58: 50 | R58: =P58*Q58 -> 5400
A59: ='Stammdaten - Schwimmer'!A10 -> 8 | B59: ='Stammdaten - Schwimmer'!B10 -> Gessler | C59: ='Stammdaten - Schwimmer'!C10 -> Birgit | D59: ='Stammdaten - Schwimmer'!D10 -> 29380 | E59: ='Stammdaten - Schwimmer'!E10 -> 502 | F59: ='Stammdaten - Schwimmer'!F10 -> 42 | K59: ='Stammdaten - Schwimmer'!A61 -> 59 | L59: ='Stammdaten - Schwimmer'!B61 -> Schmid | M59: ='Stammdaten - Schwimmer'!C61 -> Jakob | N59: ='Stammdaten - Schwimmer'!D61 -> 42251 | O59: ='Stammdaten - Schwimmer'!E61 -> 502 | P59: ='Stammdaten - Schwimmer'!F61 -> 94 | Q59: 50 | R59: =P59*Q59 -> 4700
A60: ='Stammdaten - Schwimmer'!A31 -> 29 | B60: ='Stammdaten - Schwimmer'!B31 -> Zimmermann | C60: ='Stammdaten - Schwimmer'!C31 -> Markus | D60: ='Stammdaten - Schwimmer'!D31 -> 28193 | E60: ='Stammdaten - Schwimmer'!E31 -> 0 | F60: ='Stammdaten - Schwimmer'!F31 -> 42 | K60: ='Stammdaten - Schwimmer'!A62 -> 60 | L60: ='Stammdaten - Schwimmer'!B62 -> Göpel | M60: ='Stammdaten - Schwimmer'!C62 -> Norah | N60: ='Stammdaten - Schwimmer'!D62 -> 42602 | O60: ='Stammdaten - Schwimmer'!E62 -> 502 | P60: ='Stammdaten - Schwimmer'!F62 -> 74 | Q60: 50 | R60: =P60*Q60 -> 3700
A61: ='Stammdaten - Schwimmer'!A68 -> 66 | B61: ='Stammdaten - Schwimmer'!B68 -> Bronner | C61: ='Stammdaten - Schwimmer'!C68 -> Myrian | D61: ='Stammdaten - Schwimmer'!D68 -> 28129 | E61: ='Stammdaten - Schwimmer'!E68 -> 0 | F61: ='Stammdaten - Schwimmer'!F68 -> 36 | K61: ='Stammdaten - Schwimmer'!A63 -> 61 | L61: ='Stammdaten - Schwimmer'!B63 -> Göpel | M61: ='Stammdaten - Schwimmer'!C63 -> Joana | N61: ='Stammdaten - Schwimmer'!D63 -> 32090 | O61: ='Stammdaten - Schwimmer'!E63 -> 502 | P61: ='Stammdaten - Schwimmer'!F63 -> 22 | Q61: 25 | R61: =P61*Q61 -> 550
A62: ='Stammdaten - Schwimmer'!A54 -> 52 | B62: ='Stammdaten - Schwimmer'!B54 -> Warga | C62: ='Stammdaten - Schwimmer'!C54 -> Christina | D62: ='Stammdaten - Schwimmer'!D54 -> 27766 | E62: ='Stammdaten - Schwimmer'!E54 -> 507 | F62: ='Stammdaten - Schwimmer'!F54 -> 38 | K62: ='Stammdaten - Schwimmer'!A64 -> 62 | L62: ='Stammdaten - Schwimmer'!B64 -> Zhou | M62: ='Stammdaten - Schwimmer'!C64 -> Robin | N62: ='Stammdaten - Schwimmer'!D64 -> 42116 | O62: ='Stammdaten - Schwimmer'!E64 -> 503 | P62: ='Stammdaten - Schwimmer'!F64 -> 80 | Q62: 50 | R62: =P62*Q62 -> 4000
A63: ='Stammdaten - Schwimmer'!A56 -> 54 | B63: ='Stammdaten - Schwimmer'!B56 -> Warga | C63: ='Stammdaten - Schwimmer'!C56 -> Christian | D63: ='Stammdaten - Schwimmer'!D56 -> 27486 | E63: ='Stammdaten - Schwimmer'!E56 -> 507 | F63: ='Stammdaten - Schwimmer'!F56 -> 40 | K63: ='Stammdaten - Schwimmer'!A65 -> 63 | L63: ='Stammdaten - Schwimmer'!B65 -> Buuck | M63: ='Stammdaten - Schwimmer'!C65 -> Jan-Alexander | N63: ='Stammdaten - Schwimmer'!D65 -> 41849 | O63: ='Stammdaten - Schwimmer'!E65 -> 502 | P63: ='Stammdaten - Schwimmer'!F65 -> 40 | Q63: 50 | R63: =P63*Q63 -> 2000
A64: ='Stammdaten - Schwimmer'!A25 -> 23 | B64: ='Stammdaten - Schwimmer'!B25 -> Engel | C64: ='Stammdaten - Schwimmer'!C25 -> Katrin | D64: ='Stammdaten - Schwimmer'!D25 -> 25956 | E64: ='Stammdaten - Schwimmer'!E25 -> 503.504 | F64: ='Stammdaten - Schwimmer'!F25 -> 58 | K64: ='Stammdaten - Schwimmer'!A66 -> 64 | L64: ='Stammdaten - Schwimmer'!B66 -> Fritz | M64: ='Stammdaten - Schwimmer'!C66 -> Johannes | N64: ='Stammdaten - Schwimmer'!D66 -> 33038 | O64: ='Stammdaten - Schwimmer'!E66 -> 0 | P64: ='Stammdaten - Schwimmer'!F66 -> 40 | Q64: 50 | R64: =P64*Q64 -> 2000
A65: ='Stammdaten - Schwimmer'!A38 -> 36 | B65: ='Stammdaten - Schwimmer'!B38 -> Hanke | C65: ='Stammdaten - Schwimmer'!C38 -> Kerstin | D65: ='Stammdaten - Schwimmer'!D38 -> 24695 | E65: ='Stammdaten - Schwimmer'!E38 -> 506 | F65: ='Stammdaten - Schwimmer'!F38 -> 20 | K65: ='Stammdaten - Schwimmer'!A67 -> 65 | L65: ='Stammdaten - Schwimmer'!B67 -> Franz | M65: ='Stammdaten - Schwimmer'!C67 -> Franziska | N65: ='Stammdaten - Schwimmer'!D67 -> 31320 | O65: ='Stammdaten - Schwimmer'!E67 -> 503.504 | P65: ='Stammdaten - Schwimmer'!F67 -> 26 | Q65: 25 | R65: =P65*Q65 -> 650
A66: ='Stammdaten - Schwimmer'!A14 -> 12 | B66: ='Stammdaten - Schwimmer'!B14 -> Glass | C66: ='Stammdaten - Schwimmer'!C14 -> Helmut | D66: ='Stammdaten - Schwimmer'!D14 -> 24492 | E66: ='Stammdaten - Schwimmer'!E14 -> 505 | F66: ='Stammdaten - Schwimmer'!F14 -> 50 | K66: ='Stammdaten - Schwimmer'!A68 -> 66 | L66: ='Stammdaten - Schwimmer'!B68 -> Bronner | M66: ='Stammdaten - Schwimmer'!C68 -> Myrian | N66: ='Stammdaten - Schwimmer'!D68 -> 28129 | O66: ='Stammdaten - Schwimmer'!E68 -> 0 | P66: ='Stammdaten - Schwimmer'!F68 -> 36 | Q66: 50 | R66: =P66*Q66 -> 1800
A67: ='Stammdaten - Schwimmer'!A26 -> 24 | B67: ='Stammdaten - Schwimmer'!B26 -> Engel | C67: ='Stammdaten - Schwimmer'!C26 -> Ulrike | D67: ='Stammdaten - Schwimmer'!D26 -> 23938 | E67: ='Stammdaten - Schwimmer'!E26 -> 503.504 | F67: ='Stammdaten - Schwimmer'!F26 -> 60 | K67: ='Stammdaten - Schwimmer'!A69 -> 67 | L67: ='Stammdaten - Schwimmer'!B69 -> Siebert-Rieger | M67: ='Stammdaten - Schwimmer'!C69 -> Annegret | N67: ='Stammdaten - Schwimmer'!D69 -> 19107 | O67: ='Stammdaten - Schwimmer'!E69 -> 0 | P67: ='Stammdaten - Schwimmer'!F69 -> 20 | Q67: 50 | R67: =P67*Q67 -> 1000
A68: ='Stammdaten - Schwimmer'!A29 -> 27 | B68: ='Stammdaten - Schwimmer'!B29 -> Engel | C68: ='Stammdaten - Schwimmer'!C29 -> Brigitte | D68: ='Stammdaten - Schwimmer'!D29 -> 23066 | E68: ='Stammdaten - Schwimmer'!E29 -> 0 | F68: ='Stammdaten - Schwimmer'!F29 -> 40 | K68: ='Stammdaten - Schwimmer'!A70 -> 68 | L68: ='Stammdaten - Schwimmer'!B70 -> Michaelis | M68: ='Stammdaten - Schwimmer'!C70 -> Jochen | N68: ='Stammdaten - Schwimmer'!D70 -> 37973 | O68: ='Stammdaten - Schwimmer'!E70 -> 0 | P68: ='Stammdaten - Schwimmer'!F70 -> 30 | Q68: 50 | R68: =P68*Q68 -> 1500
A69: ='Stammdaten - Schwimmer'!A22 -> 20 | B69: ='Stammdaten - Schwimmer'!B22 -> Winkler | C69: ='Stammdaten - Schwimmer'!C22 -> Anette | D69: ='Stammdaten - Schwimmer'!D22 -> 22984 | E69: ='Stammdaten - Schwimmer'!E22 -> 0 | F69: ='Stammdaten - Schwimmer'!F22 -> 30 | K69: ='Stammdaten - Schwimmer'!A71 -> 69 | L69: ='Stammdaten - Schwimmer'!B71 -> Müller | M69: ='Stammdaten - Schwimmer'!C71 -> Nick | N69: ='Stammdaten - Schwimmer'!D71 -> 38183 | O69: ='Stammdaten - Schwimmer'!E71 -> 0 | P69: ='Stammdaten - Schwimmer'!F71 -> 30 | Q69: 25 | R69: =P69*Q69 -> 750
A70: ='Stammdaten - Schwimmer'!A27 -> 25 | B70: ='Stammdaten - Schwimmer'!B27 -> Sure | C70: ='Stammdaten - Schwimmer'!C27 -> Doris | D70: ='Stammdaten - Schwimmer'!D27 -> 22857 | E70: ='Stammdaten - Schwimmer'!E27 -> 502 | F70: ='Stammdaten - Schwimmer'!F27 -> 22 | K70: ='Stammdaten - Schwimmer'!A72 -> 70 | L70: ='Stammdaten - Schwimmer'!B72 -> 0 | M70: ='Stammdaten - Schwimmer'!C72 -> 0 | N70: ='Stammdaten - Schwimmer'!D72 -> 0 | O70: ='Stammdaten - Schwimmer'!E72 -> 0 | P70: ='Stammdaten - Schwimmer'!F72 -> 3116 | Q70: 50 | R70: =P70*Q70 -> 155800
A71: ='Stammdaten - Schwimmer'!A6 -> 4 | B71: ='Stammdaten - Schwimmer'!B6 -> Schwenk-Fischer | C71: ='Stammdaten - Schwimmer'!C6 -> Eva | D71: ='Stammdaten - Schwimmer'!D6 -> 20973 | E71: ='Stammdaten - Schwimmer'!E6 -> 505 | F71: ='Stammdaten - Schwimmer'!F6 -> 35 | K71: ='Stammdaten - Schwimmer'!A73 -> 71 | L71: ='Stammdaten - Schwimmer'!B73 -> 0 | M71: ='Stammdaten - Schwimmer'!C73 -> 0 | N71: ='Stammdaten - Schwimmer'!D73 -> 0 | O71: ='Stammdaten - Schwimmer'!E73 -> 0 | P71: ='Stammdaten - Schwimmer'!F73 -> 0 | Q71: 25 | R71: =P71*Q71 -> 0
A72: ='Stammdaten - Schwimmer'!A69 -> 67 | B72: ='Stammdaten - Schwimmer'!B69 -> Siebert-Rieger | C72: ='Stammdaten - Schwimmer'!C69 -> Annegret | D72: ='Stammdaten - Schwimmer'!D69 -> 19107 | E72: ='Stammdaten - Schwimmer'!E69 -> 0 | F72: ='Stammdaten - Schwimmer'!F69 -> 20 | K72: ='Stammdaten - Schwimmer'!A74 -> 72 | L72: ='Stammdaten - Schwimmer'!B74 -> 0 | M72: ='Stammdaten - Schwimmer'!C74 -> 0 | N72: ='Stammdaten - Schwimmer'!D74 -> 0 | O72: ='Stammdaten - Schwimmer'!E74 -> 0 | P72: ='Stammdaten - Schwimmer'!F74 -> 0 | Q72: 25 | R72: =P72*Q72 -> 0
A73: ='Stammdaten - Schwimmer'!A88 -> 86 | B73: ='Stammdaten - Schwimmer'!B88 -> 0 | C73: ='Stammdaten - Schwimmer'!C88 -> 0 | D73: ='Stammdaten - Schwimmer'!D88 -> 0 | E73: ='Stammdaten - Schwimmer'!E88 -> 0 | F73: ='Stammdaten - Schwimmer'!F88 -> 0 | K73: ='Stammdaten - Schwimmer'!A75 -> 73 | L73: ='Stammdaten - Schwimmer'!B75 -> 0 | M73: ='Stammdaten - Schwimmer'!C75 -> 66 | N73: ='Stammdaten - Schwimmer'!D75 -> 0 | O73: ='Stammdaten - Schwimmer'!E75 -> 0 | P73: ='Stammdaten - Schwimmer'!F75 -> 0 | Q73: 50 | R73: =P73*Q73 -> 0
A74: ='Stammdaten - Schwimmer'!A79 -> 77 | B74: ='Stammdaten - Schwimmer'!B79 -> 0 | C74: ='Stammdaten - Schwimmer'!C79 -> 0 | D74: ='Stammdaten - Schwimmer'!D79 -> 0 | E74: ='Stammdaten - Schwimmer'!E79 -> 0 | F74: ='Stammdaten - Schwimmer'!F79 -> 0 | K74: ='Stammdaten - Schwimmer'!A76 -> 74 | L74: ='Stammdaten - Schwimmer'!B76 -> 0 | M74: ='Stammdaten - Schwimmer'!C76 -> 0 | N74: ='Stammdaten - Schwimmer'!D76 -> 0 | O74: ='Stammdaten - Schwimmer'!E76 -> 0 | P74: ='Stammdaten - Schwimmer'!F76 -> 0 | Q74: 50 | R74: =P74*Q74 -> 0
A75: ='Stammdaten - Schwimmer'!A84 -> 82 | B75: ='Stammdaten - Schwimmer'!B84 -> 0 | C75: ='Stammdaten - Schwimmer'!C84 -> 0 | D75: ='Stammdaten - Schwimmer'!D84 -> 0 | E75: ='Stammdaten - Schwimmer'!E84 -> 0 | F75: ='Stammdaten - Schwimmer'!F84 -> 0 | K75: ='Stammdaten - Schwimmer'!A77 -> 75 | L75: ='Stammdaten - Schwimmer'!B77 -> 0 | M75: ='Stammdaten - Schwimmer'!C77 -> 0 | N75: ='Stammdaten - Schwimmer'!D77 -> 0 | O75: ='Stammdaten - Schwimmer'!E77 -> 0 | P75: ='Stammdaten - Schwimmer'!F77 -> 0 | Q75: 50 | R75: =P75*Q75 -> 0
A76: ='Stammdaten - Schwimmer'!A83 -> 81 | B76: ='Stammdaten - Schwimmer'!B83 -> 0 | C76: ='Stammdaten - Schwimmer'!C83 -> 0 | D76: ='Stammdaten - Schwimmer'!D83 -> 0 | E76: ='Stammdaten - Schwimmer'!E83 -> 0 | F76: ='Stammdaten - Schwimmer'!F83 -> 0 | K76: ='Stammdaten - Schwimmer'!A78 -> 76 | L76: ='Stammdaten - Schwimmer'!B78 -> 0 | M76: ='Stammdaten - Schwimmer'!C78 -> 0 | N76: ='Stammdaten - Schwimmer'!D78 -> 0 | O76: ='Stammdaten - Schwimmer'!E78 -> 0 | P76: ='Stammdaten - Schwimmer'!F78 -> 0 | Q76: 25 | R76: =P76*Q76 -> 0
A77: ='Stammdaten - Schwimmer'!A80 -> 78 | B77: ='Stammdaten - Schwimmer'!B80 -> 0 | C77: ='Stammdaten - Schwimmer'!C80 -> 0 | D77: ='Stammdaten - Schwimmer'!D80 -> 0 | E77: ='Stammdaten - Schwimmer'!E80 -> 0 | F77: ='Stammdaten - Schwimmer'!F80 -> 0 | K77: ='Stammdaten - Schwimmer'!A79 -> 77 | L77: ='Stammdaten - Schwimmer'!B79 -> 0 | M77: ='Stammdaten - Schwimmer'!C79 -> 0 | N77: ='Stammdaten - Schwimmer'!D79 -> 0 | O77: ='Stammdaten - Schwimmer'!E79 -> 0 | P77: ='Stammdaten - Schwimmer'!F79 -> 0 | Q77: 25 | R77: =P77*Q77 -> 0
A78: ='Stammdaten - Schwimmer'!A73 -> 71 | B78: ='Stammdaten - Schwimmer'!B73 -> 0 | C78: ='Stammdaten - Schwimmer'!C73 -> 0 | D78: ='Stammdaten - Schwimmer'!D73 -> 0 | E78: ='Stammdaten - Schwimmer'!E73 -> 0 | F78: ='Stammdaten - Schwimmer'!F73 -> 0 | K78: ='Stammdaten - Schwimmer'!A80 -> 78 | L78: ='Stammdaten - Schwimmer'!B80 -> 0 | M78: ='Stammdaten - Schwimmer'!C80 -> 0 | N78: ='Stammdaten - Schwimmer'!D80 -> 0 | O78: ='Stammdaten - Schwimmer'!E80 -> 0 | P78: ='Stammdaten - Schwimmer'!F80 -> 0 | Q78: 25 | R78: =P78*Q78 -> 0
A79: ='Stammdaten - Schwimmer'!A78 -> 76 | B79: ='Stammdaten - Schwimmer'!B78 -> 0 | C79: ='Stammdaten - Schwimmer'!C78 -> 0 | D79: ='Stammdaten - Schwimmer'!D78 -> 0 | E79: ='Stammdaten - Schwimmer'!E78 -> 0 | F79: ='Stammdaten - Schwimmer'!F78 -> 0 | K79: ='Stammdaten - Schwimmer'!A81 -> 79 | L79: ='Stammdaten - Schwimmer'!B81 -> 0 | M79: ='Stammdaten - Schwimmer'!C81 -> 0 | N79: ='Stammdaten - Schwimmer'!D81 -> 0 | O79: ='Stammdaten - Schwimmer'!E81 -> 0 | P79: ='Stammdaten - Schwimmer'!F81 -> 0 | Q79: 50 | R79: =P79*Q79 -> 0
A80: ='Stammdaten - Schwimmer'!A74 -> 72 | B80: ='Stammdaten - Schwimmer'!B74 -> 0 | C80: ='Stammdaten - Schwimmer'!C74 -> 0 | D80: ='Stammdaten - Schwimmer'!D74 -> 0 | E80: ='Stammdaten - Schwimmer'!E74 -> 0 | F80: ='Stammdaten - Schwimmer'!F74 -> 0 | K80: ='Stammdaten - Schwimmer'!A82 -> 80 | L80: ='Stammdaten - Schwimmer'!B82 -> 0 | M80: ='Stammdaten - Schwimmer'!C82 -> 0 | N80: ='Stammdaten - Schwimmer'!D82 -> 0 | O80: ='Stammdaten - Schwimmer'!E82 -> 0 | P80: ='Stammdaten - Schwimmer'!F82 -> 0 | Q80: 50 | R80: =P80*Q80 -> 0
A81: ='Stammdaten - Schwimmer'!A37 -> 35 | B81: ='Stammdaten - Schwimmer'!B37 -> 0 | C81: ='Stammdaten - Schwimmer'!C37 -> 0 | D81: ='Stammdaten - Schwimmer'!D37 -> 0 | E81: ='Stammdaten - Schwimmer'!E37 -> 0 | F81: ='Stammdaten - Schwimmer'!F37 -> 0 | K81: ='Stammdaten - Schwimmer'!A83 -> 81 | L81: ='Stammdaten - Schwimmer'!B83 -> 0 | M81: ='Stammdaten - Schwimmer'!C83 -> 0 | N81: ='Stammdaten - Schwimmer'!D83 -> 0 | O81: ='Stammdaten - Schwimmer'!E83 -> 0 | P81: ='Stammdaten - Schwimmer'!F83 -> 0 | Q81: 25 | R81: =P81*Q81 -> 0
A82: ='Stammdaten - Schwimmer'!A76 -> 74 | B82: ='Stammdaten - Schwimmer'!B76 -> 0 | C82: ='Stammdaten - Schwimmer'!C76 -> 0 | D82: ='Stammdaten - Schwimmer'!D76 -> 0 | E82: ='Stammdaten - Schwimmer'!E76 -> 0 | F82: ='Stammdaten - Schwimmer'!F76 -> 0 | K82: ='Stammdaten - Schwimmer'!A84 -> 82 | L82: ='Stammdaten - Schwimmer'!B84 -> 0 | M82: ='Stammdaten - Schwimmer'!C84 -> 0 | N82: ='Stammdaten - Schwimmer'!D84 -> 0 | O82: ='Stammdaten - Schwimmer'!E84 -> 0 | P82: ='Stammdaten - Schwimmer'!F84 -> 0 | Q82: 25 | R82: =P82*Q82 -> 0
A83: ='Stammdaten - Schwimmer'!A89 -> 87 | B83: ='Stammdaten - Schwimmer'!B89 -> 0 | C83: ='Stammdaten - Schwimmer'!C89 -> 0 | D83: ='Stammdaten - Schwimmer'!D89 -> 0 | E83: ='Stammdaten - Schwimmer'!E89 -> 0 | F83: ='Stammdaten - Schwimmer'!F89 -> 0 | K83: ='Stammdaten - Schwimmer'!A85 -> 83 | L83: ='Stammdaten - Schwimmer'!B85 -> 0 | M83: ='Stammdaten - Schwimmer'!C85 -> 0 | N83: ='Stammdaten - Schwimmer'!D85 -> 0 | O83: ='Stammdaten - Schwimmer'!E85 -> 0 | P83: ='Stammdaten - Schwimmer'!F85 -> 0 | Q83: 50 | R83: =P83*Q83 -> 0
A84: ='Stammdaten - Schwimmer'!A90 -> 88 | B84: ='Stammdaten - Schwimmer'!B90 -> 0 | C84: ='Stammdaten - Schwimmer'!C90 -> 0 | D84: ='Stammdaten - Schwimmer'!D90 -> 0 | E84: ='Stammdaten - Schwimmer'!E90 -> 0 | F84: ='Stammdaten - Schwimmer'!F90 -> 0 | K84: ='Stammdaten - Schwimmer'!A86 -> 84 | L84: ='Stammdaten - Schwimmer'!B86 -> 0 | M84: ='Stammdaten - Schwimmer'!C86 -> 0 | N84: ='Stammdaten - Schwimmer'!D86 -> 0 | O84: ='Stammdaten - Schwimmer'!E86 -> 0 | P84: ='Stammdaten - Schwimmer'!F86 -> 0 | Q84: 50 | R84: =P84*Q84 -> 0
A85: ='Stammdaten - Schwimmer'!A82 -> 80 | B85: ='Stammdaten - Schwimmer'!B82 -> 0 | C85: ='Stammdaten - Schwimmer'!C82 -> 0 | D85: ='Stammdaten - Schwimmer'!D82 -> 0 | E85: ='Stammdaten - Schwimmer'!E82 -> 0 | F85: ='Stammdaten - Schwimmer'!F82 -> 0 | K85: ='Stammdaten - Schwimmer'!A87 -> 85 | L85: ='Stammdaten - Schwimmer'!B87 -> 0 | M85: ='Stammdaten - Schwimmer'!C87 -> 0 | N85: ='Stammdaten - Schwimmer'!D87 -> 0 | O85: ='Stammdaten - Schwimmer'!E87 -> 0 | P85: ='Stammdaten - Schwimmer'!F87 -> 0 | Q85: 50 | R85: =P85*Q85 -> 0
A86: ='Stammdaten - Schwimmer'!A72 -> 70 | B86: ='Stammdaten - Schwimmer'!B72 -> 0 | C86: ='Stammdaten - Schwimmer'!C72 -> 0 | D86: ='Stammdaten - Schwimmer'!D72 -> 0 | E86: ='Stammdaten - Schwimmer'!E72 -> 0 | F86: ='Stammdaten - Schwimmer'!F72 -> 3116 | K86: ='Stammdaten - Schwimmer'!A88 -> 86 | L86: ='Stammdaten - Schwimmer'!B88 -> 0 | M86: ='Stammdaten - Schwimmer'!C88 -> 0 | N86: ='Stammdaten - Schwimmer'!D88 -> 0 | O86: ='Stammdaten - Schwimmer'!E88 -> 0 | P86: ='Stammdaten - Schwimmer'!F88 -> 0 | Q86: 25 | R86: =P86*Q86 -> 0
A87: ='Stammdaten - Schwimmer'!A77 -> 75 | B87: ='Stammdaten - Schwimmer'!B77 -> 0 | C87: ='Stammdaten - Schwimmer'!C77 -> 0 | D87: ='Stammdaten - Schwimmer'!D77 -> 0 | E87: ='Stammdaten - Schwimmer'!E77 -> 0 | F87: ='Stammdaten - Schwimmer'!F77 -> 0 | K87: ='Stammdaten - Schwimmer'!A89 -> 87 | L87: ='Stammdaten - Schwimmer'!B89 -> 0 | M87: ='Stammdaten - Schwimmer'!C89 -> 0 | N87: ='Stammdaten - Schwimmer'!D89 -> 0 | O87: ='Stammdaten - Schwimmer'!E89 -> 0 | P87: ='Stammdaten - Schwimmer'!F89 -> 0 | Q87: 50 | R87: =P87*Q87 -> 0
A88: ='Stammdaten - Schwimmer'!A81 -> 79 | B88: ='Stammdaten - Schwimmer'!B81 -> 0 | C88: ='Stammdaten - Schwimmer'!C81 -> 0 | D88: ='Stammdaten - Schwimmer'!D81 -> 0 | E88: ='Stammdaten - Schwimmer'!E81 -> 0 | F88: ='Stammdaten - Schwimmer'!F81 -> 0 | K88: ='Stammdaten - Schwimmer'!A90 -> 88 | L88: ='Stammdaten - Schwimmer'!B90 -> 0 | M88: ='Stammdaten - Schwimmer'!C90 -> 0 | N88: ='Stammdaten - Schwimmer'!D90 -> 0 | O88: ='Stammdaten - Schwimmer'!E90 -> 0 | P88: ='Stammdaten - Schwimmer'!F90 -> 0 | Q88: 50 | R88: =P88*Q88 -> 0
A89: ='Stammdaten - Schwimmer'!A75 -> 73 | B89: ='Stammdaten - Schwimmer'!B75 -> 0 | C89: ='Stammdaten - Schwimmer'!C75 -> 66 | D89: ='Stammdaten - Schwimmer'!D75 -> 0 | E89: ='Stammdaten - Schwimmer'!E75 -> 0 | F89: ='Stammdaten - Schwimmer'!F75 -> 0 | K89: ='Stammdaten - Schwimmer'!A91 -> 89 | L89: ='Stammdaten - Schwimmer'!B91 -> 0 | M89: ='Stammdaten - Schwimmer'!C91 -> 0 | N89: ='Stammdaten - Schwimmer'!D91 -> 0 | O89: ='Stammdaten - Schwimmer'!E91 -> 0 | P89: ='Stammdaten - Schwimmer'!F91 -> 0 | Q89: 50 | R89: =P89*Q89 -> 0
A90: ='Stammdaten - Schwimmer'!A86 -> 84 | B90: ='Stammdaten - Schwimmer'!B86 -> 0 | C90: ='Stammdaten - Schwimmer'!C86 -> 0 | D90: ='Stammdaten - Schwimmer'!D86 -> 0 | E90: ='Stammdaten - Schwimmer'!E86 -> 0 | F90: ='Stammdaten - Schwimmer'!F86 -> 0 | K90: Älteste
A91: ='Stammdaten - Schwimmer'!A91 -> 89 | B91: ='Stammdaten - Schwimmer'!B91 -> 0 | C91: ='Stammdaten - Schwimmer'!C91 -> 0 | D91: ='Stammdaten - Schwimmer'!D91 -> 0 | E91: ='Stammdaten - Schwimmer'!E91 -> 0 | F91: ='Stammdaten - Schwimmer'!F91 -> 0 | K91: ='Stammdaten - Schwimmer'!A3 -> Nummer | L91: ='Stammdaten - Schwimmer'!B3 -> Name | M91: ='Stammdaten - Schwimmer'!C3 -> Vormname | N91: ='Stammdaten - Schwimmer'!D3 -> Geburtstag | O91: ='Stammdaten - Schwimmer'!E3 -> Mannschaft | P91: ='Stammdaten - Schwimmer'!F3 -> Anzahl Bahnen | R91: Meter
A92: ='Stammdaten - Schwimmer'!A87 -> 85 | B92: ='Stammdaten - Schwimmer'!B87 -> 0 | C92: ='Stammdaten - Schwimmer'!C87 -> 0 | D92: ='Stammdaten - Schwimmer'!D87 -> 0 | E92: ='Stammdaten - Schwimmer'!E87 -> 0 | F92: ='Stammdaten - Schwimmer'!F87 -> 0 | K92: ='stammdaten - schwimmer'!#ref! -> #VALUE! | L92: ='stammdaten - schwimmer'!#ref! -> #VALUE! | M92: ='stammdaten - schwimmer'!#ref! -> #VALUE! | N92: ='stammdaten - schwimmer'!#ref! -> #VALUE! | O92: ='stammdaten - schwimmer'!#ref! -> #VALUE! | P92: ='stammdaten - schwimmer'!#ref! -> #VALUE! | Q92: 50 | R92: =P92*Q92 -> #VALUE!
A93: ='Stammdaten - Schwimmer'!A85 -> 83 | B93: ='Stammdaten - Schwimmer'!B85 -> 0 | C93: ='Stammdaten - Schwimmer'!C85 -> 0 | D93: ='Stammdaten - Schwimmer'!D85 -> 0 | E93: ='Stammdaten - Schwimmer'!E85 -> 0 | F93: ='Stammdaten - Schwimmer'!F85 -> 0 | K93: ='stammdaten - schwimmer'!#ref! -> #VALUE! | L93: ='stammdaten - schwimmer'!#ref! -> #VALUE! | M93: ='stammdaten - schwimmer'!#ref! -> #VALUE! | N93: ='stammdaten - schwimmer'!#ref! -> #VALUE! | O93: ='stammdaten - schwimmer'!#ref! -> #VALUE! | P93: ='stammdaten - schwimmer'!#ref! -> #VALUE! | Q93: 50 | R93: =P93*Q93 -> #VALUE!
A94: ='Stammdaten - Schwimmer'!A35 -> 33 | B94: ='Stammdaten - Schwimmer'!B35 -> 0 | C94: ='Stammdaten - Schwimmer'!C35 -> 0 | D94: ='Stammdaten - Schwimmer'!D35 -> 0 | E94: ='Stammdaten - Schwimmer'!E35 -> 0 | F94: ='Stammdaten - Schwimmer'!F35 -> 0 | K94: ='stammdaten - schwimmer'!#ref! -> #VALUE! | L94: ='stammdaten - schwimmer'!#ref! -> #VALUE! | M94: ='stammdaten - schwimmer'!#ref! -> #VALUE! | N94: ='stammdaten - schwimmer'!#ref! -> #VALUE! | O94: ='stammdaten - schwimmer'!#ref! -> #VALUE! | P94: ='stammdaten - schwimmer'!#ref! -> #VALUE! | Q94: 25 | R94: =P94*Q94 -> #VALUE!
P95: =SUM(P3:P94) -> #VALUE! | R95: =SUM(R3:R94) -> #VALUE!

Sheet Stammdaten - Sponsoren
A1: Sponsoren (bis zu 100 Sponsoren vorgesehen)
A3: Nummer | B3: Name / Unternehmen | C3: Vorname / Vertreter | D3: Adresse | E3: Max. Betrag | F3: Gesponsorte Schwimmer / Mannschaft | G3: Gesponsorte Schwimmer / Mannschaft | H3: Gesponsorte Schwimmer / Mannschaft | I3: Gesponsorte Schwimmer / Mannschaft | J3: Gesponsorte Schwimmer / Mannschaft | K3: Gesponsorte Schwimmer / Mannschaft | L3: Gesponsorte Schwimmer / Mannschaft | M3: Gesponsorte Schwimmer / Mannschaft | N3: Gesponsorte Schwimmer / Mannschaft
A4: 1001 | B4: Förderverein ETB | C4: Thomas Schmid
A5: 1002 | B5: DLRG OG VAI | C5: Thomas Schmid | D5: Walter-de-Pay Str.; Vaihingen (Enz) | F5: 502 | G5: 3 | H5: 7 | I5: 8 | J5: 10 | K5: 11 | L5: 25 | M5: 30 | N5: 31 | O5: 32 | P5: 34 | Q5: 50 | R5: 58 | S5: 59 | T5: 60 | U5: 61 | V5: 63
A6: 1003 | B6: TVV Schwimmabteilung | C6: Tim Bauer | D6: Walter-de-Pay Str.; 71665 Vaihingen | F6: 503 | G6: 2 | H6: 5 | I6: 6 | J6: 9 | K6: 13 | L6: 14 | M6: 15 | N6: 16 | O6: 17 | P6: 18 | Q6: 23 | R6: 24 | S6: 26 | T6: 47 | U6: 48 | V6: 49 | W6: 55 | X6: 56 | Y6: 62 | Z6: 65
A7: 1004 | B7: Symmetree GmbH | C7: James Hartman | D7: Königstr. 26; 70173 Stuttgart | F7: 504 | G7: 2 | H7: 17 | I7: 18 | J7: 23 | K7: 24 | L7: 65
A8: 1005 | B8: Kanuclub CJD kaltenstein | C8: Michael Fischer | D8: Klaiberstr 7/1 71665 Vaihingen Enz | F8: 505 | H8: 4 | I8: 5 | J8: 12
A9: 1006 | B9: Auto Service Frank Striebel | C9: Frank Striebel | D9: Römerstr 28, 74399 Walheim | F9: 2
A10: 1007 | B10: Grambow | C10: Kerstin | D10: Weidenweg 10 71665 Vaihingen Enz | F10: 2
A11: 1008 | B11: Gessler | C11: Andreas | D11: Wilhelmstr. 20/2 ORI | F11: 3 | H11: 7 | I11: 8
A12: 1009 | B12: Fischer | C12: Michael | D12: Klaiberstr 7/1 71665 Vaihingen Enz | F12: 4 | H12: 5
A13: 1010 | B13: Rink | C13: Bärbel und Björn | D13: Eugen-Eisele-Weg 8 | F13: 5
A14: 1011 | B14: Michels | C14: Laurens | D14: Oberriexinger Weg 90 71665 Vaihingen/Enz | F14: 10
A15: 1012 | B15: Schmid | C15: Günter | D15: Am Heidenstock 5 64807 Dieburg | E15: 100 | F15: 11
A16: 1013 | B16: Auchter | C16: Tonja Holger | D16: August-Lämmle-Str. 35 71735 Eberdingen | E16: 100 | F16: 11
A17: 1014 | B17: Thiele | C17: Stephan | D17: Friedrichstr. 13 71665 Vaihingen | E17: 50 | F17: 15
A18: 1015 | B18: Kesten | C18: Carla | D18: Roßwager Str. 50 71665 Vaihingen | E18: 10 | F18: 15
A19: 1016 | B19: Maier | C19: Heidi | D19: Gerokstr. 8 71665 Vaihinegn | E19: 100 | F19: 19
A20: 1017 | B20: Schaufelberger | C20: Werner | D20: Gertenstr. 35 71735 Eberdingen | F20: 20
A21: 1018 | B21: Hausund Gertenservice | D21: Eichenweg 3 71739 ORI | F21: 21 | G21: 22 | H21: 57
A22: 1019 | B22: Thewett | C22: Thomas Schmid | D22: Lessingstr 1 71735 Eberdingen | E22: 50 | F22: 23
A23: 1020 | B23: Schwertle | C23: Ariane | D23: Römertsr. 28 71665 Vaihingen Enz | F23: 27
A24: 1021 | B24: Zimmermann | C24: Markus | D24: Friedricstr. 25 74372 Sersheim | E24: 50 | F24: 28 | G24: 29
A25: 1022 | B25: Seel | C25: Rita | D25: Dürer Ring 22 74372 Serseim | E25: 50 | F25: 30 | G25: 34 | H25: 32
A26: 1023 | B26: Kombächer | C26: Dagmar | D26: Zur Talwiese24 57334 Bad Laasphe | E26: 50 | F26: 30 | G26: 34 | H26: 32
A27: 1024 | B27: Häcker | C27: Rudi | D27: Jahnstr. 32 74371 sersheim | E27: 50 | F27: 30 | G27: 34 | H27: 32
A28: 1025 | B28: DRK | C28: ortverein Vaihingen Enz | F28: 36 | G28: 37 | H28: 38 | I28: 39 | J28: 40 | K28: 41 | L28: 42 | M28: 43 | N28: 44 | O28: 45 | P28: 46
A29: 1026
A30: 1027
A31: 1028
A32: 1029
A33: 1030
A34: 1031 | B34: Burck | C34: Andreas | D34: Mauerpfefferweg 6 71665 Vaihinegn Enz | E34: 70
A35: 1032 | B35: Maier | C35: Cordula | D35: Mauerpfeferweg 4 71665 Vaihingen Enz
A36: 1033 | B36: Thiele | C36: Stephen | D36: Friedrichstr 13 71665 Vaihinegn Enz
A37: 1034 | B37: Ludwig | C37: Martin | D37: Weizenstr 36 71665 Vaihingn Enz | F37: 50
A38: 1035 | B38: Umminger Veit | C38: Sybille | D38: Gerokstr. 41 71665 vVaihingen Enz | E38: 100
A39: 1036 | B39: Umminger | C39: Irmgard | D39: Edenkobener Str 22 | E39: 40
A40: 1037 | B40: Veith | C40: Martin | D40: Gerokstr. 41 71665 vVaihingen Enz
A41: 1038 | B41: Düsterloh | C41: Anete und Dario | D41: Gothestr. 19/2 71665 Vaihingen Enz
A42: 1039 | B42: Frost | C42: Ellen | D42: Platanenstr. 30 71665 Vaihingen Enz
A43: 1040 | B43: Gerngroß | D43: Kleisstr. 3 71665 Vaihingen Enz | E43: 100
A44: 1041 | B44: Gerlach | D44: Bartenbergstr. 20 71665 Vaihinegen Enz | E44: 100
A45: 1042 | B45: Warga | C45: Eva | D45: Consbruchstr. 8/2 71665 Vaihingen Enz
A46: 1043 | B46: Warga | C46: Christina | D46: Consbruchstr. 8/2 71665 Vaihingen Enz
A47: 1044 | B47: Warga | C47: Christian | D47: Consbruchstr. 8/2 71665 Vaihingen Enz
A48: 1045 | B48: Schieban | C48: Gertraud
A49: 1046 | B49: Ulrich | C49: Döber | D49: Am Wolfsberg 13 71665 Vaihinegn/Enz
A50: 1047 | B50: Theobald | C50: Ariane | D50: Eichendorfstr. 4 71665 Vaihinegn Enz
A51: 1048 | B51: Grambow | C51: Kerstin | D51: Weidenweg 10 71665 Vaihingen Enz
A52: 1049 | B52: Murschel | C52: Ingrid | D52: Gerokstr. 78 71665 Vaihingen Enz | E52: 50
A53: 1050 | B53: Buch | C53: Rüdiger | D53: Lärchenweg 27 71665 Vaihingen Enz | E53: 10
A54: 1051 | B54: Döbler | C54: Kerstin | D54: Am Wolfsberg 13 71665 Vaihinegn/Enz
A55: 1052 | B55: Zinmmermann | C55: Jürgen | D55: Klaiberstr 7 71665 Vaihingen Enz
A56: 1053 | B56: Vorreiter | C56: Diane | D56: Sonnenblumenweg 2 71665 Vaihingen Enz
A57: 1054 | B57: Rink | C57: Björn und Bäbel | D57: Eugen Eisele Weg 8
A58: 1055 | B58: Müller | C58: Friederich | D58: Rathausstr. 21/1 71665 Vaihingen enz
A59: 1056 | B59: Dagma | C59: Kammbächer | D59: Zur Talwiese 24 | E59: 50
A60: 1057 | B60: Rita | C60: Seel | D60: Dürer Ring 22 74372 Sersheim | E60: 50
A61: 1058 | B61: Rudi | C61: Häcker | D61: Jahnstr. 32 74372 Sersheim | E61: 50
A62: 1059 | B62: Schuppler | C62: Familie | D62: Emmenweg 5 71739 Oberriexingen | E62: 50
A63: 1060 | B63: Schmid | C63: Walter | D63: Kaalkäckerstr. 9 71665 Vaihingen Enz
A64: 1061 | B64: Maier | C64: Cordula | D64: Mauerpfefferweg 4 71665 Vaihingen Enz
A65: 1062 | B65: Kalamanis | C65: Dimitry | D65: Schulstr 6 7153 Eberdingen
A66: 1063 | B66: Kalamanis | C66: Rosalinde | D66: Gerokstr 8 71665 Vaihingen enz | E66: 10
A67: 1064 | B67: Korz | C67: Susanne | D67: Römerstr. 37 71665 Vaihingen enz
A68: 1065 | B68: Mario de Paz | C68: Mario | D68: Stuttgarter Str. 17 71735 Eberdingen
A69: 1066 | B69: Laisenacker | D69: Mühlweg 1 71735 Eberdingen
A70: 1067 | B70: Wenliang | C70: Zhou | D70: Furtbergerstr. 107 71665 Vaihinegn Enz
A71: 1068 | B71: Lingling | C71: Xhe | D71: Furtbergerstr. 107 71665 Vaihinegn Enz | E71: 10
A72: 1069 | B72: Göpl | C72: M | D72: Hans-Krieg-Strasse 30
A73: 1070 | B73: Rische | C73: GmbH | D73: Mönchswiesen 16 71735 EBERDINGEN
A74: 1071 | B74: Pauls | C74: Maike | D74: Mühlhäuser Str. 10 71665 Vaihingen Enz
A75: 1072 | B75: Rösner | D75: Am Wolfsberg 141 71665 Vaihingen Enz
A76: 1073 | B76: Holzwarth | C76: Achim | D76: Tulpenweg 18/3 71665 Vaihingen Enz
A77: 1074 | B77: van Dyken | C77: Waltraud | D77: Unterer Hof 3 71665 Vaihingen Enz
A78: 1075 | B78: Michael Frech GbR | D78: Im kleinen Täle 2 71665 Vaihingen Enz | E78: 20
A79: 1076 | B79: Wiederspick | C79: Angelika | D79: VDK Siedlung 19 90518 Altdorf | E79: 20
A80: 1077 | B80: Frech | C80: Timo | D80: Lindenbachstrasse 69 70499 Weilimdorf | E80: 40
A81: 1078 | B81: Frech | C81: Sven | D81: Naumannstar. 38 70378 stuttgart | E81: 40
A82: 1079 | B82: Frech | C82: Bianca | D82: Im kleinen Täle 2 71665 Vaihingen Enz | E82: 20
A83: 1080 | B83: Schulze | C83: Michael | D83: Hölderlinstr. 7 70836 Gerlingen | E83: 50
A84: 1081 | B84: Martin | C84: Ludwig | D84: Weizenstr 36 71665 Vaihingen Enz | F84: 50
A85: 1084 | B85: Faigle | C85: Gustav | D85: Einsteinstr. 10 71665 Vaihingen Enz | F85: 58 | G85: 59
A86: 1085 | B86: Schmid | C86: Christina | D86: Kalkäckerstr. 9 71665 Vaihingen | F86: 58 | G86: 59
A87: 1086 | B87: Göpel | C87: Sandra | D87: Eichenweg 9 72622 Nürtingen | F87: 60
A88: 1087 | B88: Tetz | C88: Dagmar | D88: Zeppelinstr. 41/1 71665 Vaihinegn | F88: 60
A89: 1088 | B89: Göpel | C89: Eva | D89: Seemühle 15 71665 | F89: 60
A90: 1089 | B90: Tetz | C90: Aule | D90: Hoferweg 6 71665 | F90: 60
A91: 1090 | B91: lingling | C91: Xie | D91: Furtbergerstr. 107 71665 Vaihinegn Enz | F91: 62
A92: 1091 | B92: Burk | C92: Andreas | D92: Mauerpfefferweg 6 71665 Vaihinegn Enz | F92: 63
A93: 1092 | B93: Fritz | C93: Joannes | D93: Gutenbergstr. 19 71665 | F93: 64
A94: 1093 | B94: Franz | C94: Franzi | D94: Kehlstr. 27 | F94: 65
A95: 1094 | B95: Bronner | C95: Thyriam | D95: Pappelweg 2 71665 | F95: 66
A96: 1095 | B96: Siebert-Rieger | C96: Annegret | D96: Fontaneweg 29 71665 | E96: Pauschal | F96: 67
A97: 1096
A98: 1097
A99: 1098
A100: 1099
A101: 1100

Sheet Stammdaten Teams
A1: Team Zusammenstetzungen
A2: (bis zu 25 Schwimmer im Team und bis zu 50 Teams vorgesehen)
A3: Team Nummer | B3: Team Name | C3: Verantwortlicher | D3: Gesamt Mitglieder | E3: Gesamtanzahl Bahnen | F3: Spende pro Bahn | G3: Spenden- Betrag | H3: Bahnen pro Mitglied | I3: Zugehöriger Schwimmer | J3: Zugehöriger Schwimmer | K3: Zugehöriger Schwimmer | L3: Zugehöriger Schwimmer | M3: Zugehöriger Schwimmer | N3: Zugehöriger Schwimmer | O3: Zugehöriger Schwimmer | P3: Zugehöriger Schwimmer | Q3: Zugehöriger Schwimmer | R3: Zugehöriger Schwimmer | S3: Zugehöriger Schwimmer | T3: Zugehöriger Schwimmer | U3: Zugehöriger Schwimmer | V3: Zugehöriger Schwimmer | W3: Zugehöriger Schwimmer | X3: Zugehöriger Schwimmer | Y3: Zugehöriger Schwimmer | Z3: Zugehöriger Schwimmer | AA3: Zugehöriger Schwimmer | AB3: Zugehöriger Schwimmer | AC3: Zugehöriger Schwimmer | AD3: Zugehöriger Schwimmer | AE3: Zugehöriger Schwimmer | AF3: Zugehöriger Schwimmer | AG3: Zugehöriger Schwimmer
A4: 501 | B4: FV ETB | D4: =COUNTIF(I4:AQ4,">0") -> 0 | H4: =IF(D4>0,E4/D4,) -> 0
A5: 502 | B5: DLRG | C5: Thomas Schmid | D5: =COUNTIFS(I5:AQ5,">0",I5:AQ5,"<101") -> 16 | E5: =SUMIF('Stammdaten - Schwimmer'!G$4:G$99,'Stammdaten - Sponsoren'!A5,'Stammdaten - Schwimmer'!F$4:F$99)+SUMIF('Stammdaten - Schwimmer'!K$4:K$99,'Stammdaten - Sponsoren'!A5,'Stammdaten - Schwimmer'!F$4:F$99)+SUMIF('Stammdaten - Schwimmer'!O$4:O$99,'Stammdaten - Sponsoren'!A5,'Stammdaten - Schwimmer'!F$4:F$99)+SUMIF('Stammdaten - Schwimmer'!S$4:S$99,'Stammdaten - Sponsoren'!A5,'Stammdaten - Schwimmer'!F$4:F$99) -> 769 | F5: 0.5 | G5: =E5*F5 -> 384.5 | H5: =IF(D5>0,E5/D5,) -> 48.0625 | I5: 3 | J5: 7 | K5: 8 | L5: 10 | M5: 11 | N5: 25 | O5: 30 | P5: 31 | Q5: 32 | R5: 34 | S5: 50 | T5: 58 | U5: 59 | V5: 60 | W5: 61 | X5: 63 | Y5: 101 | Z5: 101 | AA5: 101 | AB5: 101 | AC5: 101 | AD5: 101 | AE5: 101 | AF5: 101 | AG5: 101 | AH5: 101 | AI5: 101 | AJ5: 101 | AK5: 101 | AL5: 101 | AM5: 101 | AN5: 101 | AO5: 101 | AP5: 101
A6: 503 | B6: TVV Schwimm | C6: Tim Bauer | D6: =COUNTIFS(I6:AQ6,">0",I6:AQ6,"<101") -> 20 | E6: =SUMIF('Stammdaten - Schwimmer'!G$4:G$99,'Stammdaten - Sponsoren'!A6,'Stammdaten - Schwimmer'!F$4:F$99)+SUMIF('Stammdaten - Schwimmer'!K$4:K$99,'Stammdaten - Sponsoren'!A6,'Stammdaten - Schwimmer'!F$4:F$99)+SUMIF('Stammdaten - Schwimmer'!O$4:O$99,'Stammdaten - Sponsoren'!A6,'Stammdaten - Schwimmer'!F$4:F$99)+SUMIF('Stammdaten - Schwimmer'!S$4:S$99,'Stammdaten - Sponsoren'!A6,'Stammdaten - Schwimmer'!F$4:F$99) -> 1266 | F6: 0.5 | G6: =E6*F6 -> 633 | H6: =IF(D6>0,E6/D6,) -> 63.3 | I6: 2 | J6: 5 | K6: 6 | L6: 9 | M6: 13 | N6: 14 | O6: 15 | P6: 16 | Q6: 17 | R6: 18 | S6: 23 | T6: 24 | U6: 26 | V6: 47 | W6: 48 | X6: 49 | Y6: 55 | Z6: 56 | AA6: 62 | AB6: 65 | AC6: 101 | AD6: 101 | AE6: 101 | AF6: 101 | AG6: 101 | AH6: 101 | AI6: 101 | AJ6: 101 | AK6: 101 | AL6: 101 | AM6: 101 | AN6: 101 | AO6: 101 | AP6: 101
A7: 504 | B7: Schildkröten | C7: Symmetree GmbH | D7: =COUNTIFS(I7:AQ7,">0",I7:AQ7,"<101") -> 6 | E7: =SUMIF('Stammdaten - Schwimmer'!G$4:G$99,'Stammdaten - Sponsoren'!A7,'Stammdaten - Schwimmer'!F$4:F$99)+SUMIF('Stammdaten - Schwimmer'!K$4:K$99,'Stammdaten - Sponsoren'!A7,'Stammdaten - Schwimmer'!F$4:F$99)+SUMIF('Stammdaten - Schwimmer'!O$4:O$99,'Stammdaten - Sponsoren'!A7,'Stammdaten - Schwimmer'!F$4:F$99)+SUMIF('Stammdaten - Schwimmer'!S$4:S$99,'Stammdaten - Sponsoren'!A7,'Stammdaten - Schwimmer'!F$4:F$99)+SUMIF('Stammdaten - Schwimmer'!W$4:W$99,'Stammdaten - Sponsoren'!A7,'Stammdaten - Schwimmer'!F$4:F$99) -> 254 | F7: 0.5 | G7: =E7*F7 -> 127 | H7: =IF(D7>0,E7/D7,) -> 42.333333 | I7: 2 | J7: 16 | K7: 17 | L7: 23 | M7: 24 | N7: 65 | O7: 101 | P7: 101 | Q7: 101 | R7: 101 | S7: 101 | T7: 101 | U7: 101 | V7: 101 | W7: 101 | X7: 101 | Y7: 101 | Z7: 101 | AA7: 101 | AB7: 101 | AC7: 101 | AD7: 101 | AE7: 101 | AF7: 101 | AG7: 101 | AH7: 101 | AI7: 101 | AJ7: 101 | AK7: 101 | AL7: 101 | AM7: 101 | AN7: 101 | AO7: 101 | AP7: 101
A8: 505 | B8: Kanu Klub | C8: Michael Fischer | D8: =COUNTIFS(I8:AQ8,">0",I8:AQ8,"<101") -> 3 | E8: =SUMIF('Stammdaten - Schwimmer'!G$4:G$99,'Stammdaten - Sponsoren'!A8,'Stammdaten - Schwimmer'!F$4:F$99)+SUMIF('Stammdaten - Schwimmer'!K$4:K$99,'Stammdaten - Sponsoren'!A8,'Stammdaten - Schwimmer'!F$4:F$99)+SUMIF('Stammdaten - Schwimmer'!O$4:O$99,'Stammdaten - Sponsoren'!A8,'Stammdaten - Schwimmer'!F$4:F$99)+SUMIF('Stammdaten - Schwimmer'!S$4:S$99,'Stammdaten - Sponsoren'!A8,'Stammdaten - Schwimmer'!F$4:F$99)+SUMIF('Stammdaten - Schwimmer'!W$4:W$99,'Stammdaten - Sponsoren'!A7,'Stammdaten - Schwimmer'!F$4:F$99) -> 159 | F8: 0.5 | G8: =E8*F8 -> 79.5 | H8: =IF(D8>0,E8/D8,) -> 53 | I8: 4 | J8: 5 | K8: 12 | L8: 101 | M8: 101 | N8: 101 | O8: 101 | P8: 101 | Q8: 101 | R8: 101 | S8: 101 | T8: 101 | U8: 101 | V8: 101 | W8: 101 | X8: 101 | Y8: 101 | Z8: 101 | AA8: 101 | AB8: 101 | AC8: 101 | AD8: 101 | AE8: 101 | AF8: 101 | AG8: 101 | AH8: 101 | AI8: 101 | AJ8: 101 | AK8: 101 | AL8: 101 | AM8: 101 | AN8: 101 | AO8: 101 | AP8: 101
A9: 506 | B9: DRK Ortsverein VAI | C9: Eliase Flohr | D9: =COUNTIFS(I9:AQ9,">0",I9:AQ9,"<101") -> 0 | E9: =INDIRECT("'Stammdaten - Schwimmer'!F"&(I9+3))+INDIRECT("'Stammdaten - Schwimmer'!F"&(J9+3))+INDIRECT("'Stammdaten - Schwimmer'!F"&(K9+3))+INDIRECT("'Stammdaten - Schwimmer'!F"&(L9+3))+INDIRECT("'Stammdaten - Schwimmer'!F"&(M9+3))+INDIRECT("'Stammdaten - Schwimmer'!F"&(N9+3))+INDIRECT("'Stammdaten - Schwimmer'!F"&O9+3)+INDIRECT("'Stammdaten - Schwimmer'!F"&(P9+3))+INDIRECT("'Stammdaten - Schwimmer'!F"&(Q9+3))+INDIRECT("'Stammdaten - Schwimmer'!F"&(R9+3))+INDIRECT("'Stammdaten - Schwimmer'!F"&(S9+3))+INDIRECT("'Stammdaten - Schwimmer'!F"&(T9+3))+INDIRECT("'Stammdaten - Schwimmer'!F"&(U9+3))+INDIRECT("'Stammdaten - Schwimmer'!F"&(V9+3))+INDIRECT("'Stammdaten - Schwimmer'!F"&(W9+3))+INDIRECT("'Stammdaten - Schwimmer'!F"&(X9+3))+INDIRECT("'Stammdaten - Schwimmer'!F"&(Y9+3))+INDIRECT("'Stammdaten - Schwimmer'!F"&(Z9+3))+INDIRECT("'Stammdaten - Schwimmer'!F"&(AA9+3))+INDIRECT("'Stammdaten - Schwimmer'!F"&(AB9+3))+INDIRECT("'Stammdaten - Schwimmer'!F"&(AC9+3))+INDIRECT("'Stammdaten - Schwimmer'!F"&(AD9+3))+INDIRECT("'Stammdaten - Schwimmer'!F"&(AE9+3))+INDIRECT("'Stammdaten - Schwimmer'!F"&(AF9+3))+INDIRECT("'Stammdaten - Schwimmer'!F"&(AG9+3)) -> 0 | G9: =E9*F9 -> 0 | H9: =IF(D9>0,E9/D9,) -> 0 | I9: 101 | J9: 101 | K9: 101 | L9: 101 | M9: 101 | N9: 101 | O9: 101 | P9: 101 | Q9: 101 | R9: 101 | S9: 101 | T9: 101 | U9: 101 | V9: 101 | W9: 101 | X9: 101 | Y9: 101 | Z9: 101 | AA9: 101 | AB9: 101 | AC9: 101 | AD9: 101 | AE9: 101 | AF9: 101 | AG9: 101 | AH9: 101 | AI9: 101 | AJ9: 101 | AK9: 101 | AL9: 101 | AM9: 101 | AN9: 101
A10: 507 | B10: Die Hydrotherapeuten | C10: Warner, Chris | D10: =COUNTIFS(I10:AQ10,">0",I10:AQ10,"<101") -> 0 | E10: =INDIRECT("'Stammdaten - Schwimmer'!F"&(I10+3))+INDIRECT("'Stammdaten - Schwimmer'!F"&(J10+3))+INDIRECT("'Stammdaten - Schwimmer'!F"&(K10+3))+INDIRECT("'Stammdaten - Schwimmer'!F"&(L10+3))+INDIRECT("'Stammdaten - Schwimmer'!F"&(M10+3))+INDIRECT("'Stammdaten - Schwimmer'!F"&(N10+3))+INDIRECT("'Stammdaten - Schwimmer'!F"&O10+3)+INDIRECT("'Stammdaten - Schwimmer'!F"&(P10+3))+INDIRECT("'Stammdaten - Schwimmer'!F"&(Q10+3))+INDIRECT("'Stammdaten - Schwimmer'!F"&(R10+3))+INDIRECT("'Stammdaten - Schwimmer'!F"&(S10+3))+INDIRECT("'Stammdaten - Schwimmer'!F"&(T10+3))+INDIRECT("'Stammdaten - Schwimmer'!F"&(U10+3))+INDIRECT("'Stammdaten - Schwimmer'!F"&(V10+3))+INDIRECT("'Stammdaten - Schwimmer'!F"&(W10+3))+INDIRECT("'Stammdaten - Schwimmer'!F"&(X10+3))+INDIRECT("'Stammdaten - Schwimmer'!F"&(Y10+3))+INDIRECT("'Stammdaten - Schwimmer'!F"&(Z10+3))+INDIRECT("'Stammdaten - Schwimmer'!F"&(AA10+3))+INDIRECT("'Stammdaten - Schwimmer'!F"&(AB10+3))+INDIRECT("'Stammdaten - Schwimmer'!F"&(AC10+3))+INDIRECT("'Stammdaten - Schwimmer'!F"&(AD10+3))+INDIRECT("'Stammdaten - Schwimmer'!F"&(AE10+3))+INDIRECT("'Stammdaten - Schwimmer'!F"&(AF10+3))+INDIRECT("'Stammdaten - Schwimmer'!F"&(AG10+3)) -> 0 | G10: =E10*F10 -> 0 | H10: =IF(D10>0,E10/D10,) -> 0 | I10: 101 | J10: 101 | K10: 101 | L10: 101 | M10: 101 | N10: 101 | O10: 101 | P10: 101 | Q10: 101 | R10: 101 | S10: 101 | T10: 101 | U10: 101 | V10: 101 | W10: 101 | X10: 101 | Y10: 101 | Z10: 101 | AA10: 101 | AB10: 101 | AC10: 101 | AD10: 101 | AE10: 101 | AF10: 101 | AG10: 101 | AH10: 101 | AI10: 101 | AJ10: 101 | AK10: 101 | AL10: 101 | AM10: 101 | AN10: 101
A11: 508 | D11: =COUNTIFS(I11:AQ11,">0",I11:AQ11,"<101") -> 0 | E11: =INDIRECT("'Stammdaten - Schwimmer'!F"&(I11+3))+INDIRECT("'Stammdaten - Schwimmer'!F"&(J11+3))+INDIRECT("'Stammdaten - Schwimmer'!F"&(K11+3))+INDIRECT("'Stammdaten - Schwimmer'!F"&(L11+3))+INDIRECT("'Stammdaten - Schwimmer'!F"&(M11+3))+INDIRECT("'Stammdaten - Schwimmer'!F"&(N11+3))+INDIRECT("'Stammdaten - Schwimmer'!F"&O11+3)+INDIRECT("'Stammdaten - Schwimmer'!F"&(P11+3))+INDIRECT("'Stammdaten - Schwimmer'!F"&(Q11+3))+INDIRECT("'Stammdaten - Schwimmer'!F"&(R11+3))+INDIRECT("'Stammdaten - Schwimmer'!F"&(S11+3))+INDIRECT("'Stammdaten - Schwimmer'!F"&(T11+3))+INDIRECT("'Stammdaten - Schwimmer'!F"&(U11+3))+INDIRECT("'Stammdaten - Schwimmer'!F"&(V11+3))+INDIRECT("'Stammdaten - Schwimmer'!F"&(W11+3))+INDIRECT("'Stammdaten - Schwimmer'!F"&(X11+3))+INDIRECT("'Stammdaten - Schwimmer'!F"&(Y11+3))+INDIRECT("'Stammdaten - Schwimmer'!F"&(Z11+3))+INDIRECT("'Stammdaten - Schwimmer'!F"&(AA11+3))+INDIRECT("'Stammdaten - Schwimmer'!F"&(AB11+3))+INDIRECT("'Stammdaten - Schwimmer'!F"&(AC11+3))+INDIRECT("'Stammdaten - Schwimmer'!F"&(AD11+3))+INDIRECT("'Stammdaten - Schwimmer'!F"&(AE11+3))+INDIRECT("'Stammdaten - Schwimmer'!F"&(AF11+3))+INDIRECT("'Stammdaten - Schwimmer'!F"&(AG11+3)) -> 0 | G11: =E11*F11 -> 0 | H11: =IF(D11>0,E11/D11,) -> 0 | I11: 101 | J11: 101 | K11: 101 | L11: 101 | M11: 101 | N11: 101 | O11: 101 | P11: 101 | Q11: 101 | R11: 101 | S11: 101 | T11: 101 | U11: 101 | V11: 101 | W11: 101 | X11: 101 | Y11: 101 | Z11: 101 | AA11: 101 | AB11: 101 | AC11: 101 | AD11: 101 | AE11: 101 | AF11: 101 | AG11: 101 | AH11: 101 | AI11: 101 | AJ11: 101 | AK11: 101 | AL11: 101 | AM11: 101 | AN11: 101
A12: 509 | D12: =COUNTIFS(I12:AQ12,">0",I12:AQ12,"<101") -> 0 | E12: =INDIRECT("'Stammdaten - Schwimmer'!F"&(I12+3))+INDIRECT("'Stammdaten - Schwimmer'!F"&(J12+3))+INDIRECT("'Stammdaten - Schwimmer'!F"&(K12+3))+INDIRECT("'Stammdaten - Schwimmer'!F"&(L12+3))+INDIRECT("'Stammdaten - Schwimmer'!F"&(M12+3))+INDIRECT("'Stammdaten - Schwimmer'!F"&(N12+3))+INDIRECT("'Stammdaten - Schwimmer'!F"&O12+3)+INDIRECT("'Stammdaten - Schwimmer'!F"&(P12+3))+INDIRECT("'Stammdaten - Schwimmer'!F"&(Q12+3))+INDIRECT("'Stammdaten - Schwimmer'!F"&(R12+3))+INDIRECT("'Stammdaten - Schwimmer'!F"&(S12+3))+INDIRECT("'Stammdaten - Schwimmer'!F"&(T12+3))+INDIRECT("'Stammdaten - Schwimmer'!F"&(U12+3))+INDIRECT("'Stammdaten - Schwimmer'!F"&(V12+3))+INDIRECT("'Stammdaten - Schwimmer'!F"&(W12+3))+INDIRECT("'Stammdaten - Schwimmer'!F"&(X12+3))+INDIRECT("'Stammdaten - Schwimmer'!F"&(Y12+3))+INDIRECT("'Stammdaten - Schwimmer'!F"&(Z12+3))+INDIRECT("'Stammdaten - Schwimmer'!F"&(AA12+3))+INDIRECT("'Stammdaten - Schwimmer'!F"&(AB12+3))+INDIRECT("'Stammdaten - Schwimmer'!F"&(AC12+3))+INDIRECT("'Stammdaten - Schwimmer'!F"&(AD12+3))+INDIRECT("'Stammdaten - Schwimmer'!F"&(AE12+3))+INDIRECT("'Stammdaten - Schwimmer'!F"&(AF12+3))+INDIRECT("'Stammdaten - Schwimmer'!F"&(AG12+3)) -> 0 | G12: =E12*F12 -> 0 | H12: =IF(D12>0,E12/D12,) -> 0 | I12: 101 | J12: 101 | K12: 101 | L12: 101 | M12: 101 | N12: 101 | O12: 101 | P12: 101 | Q12: 101 | R12: 101 | S12: 101 | T12: 101 | U12: 101 | V12: 101 | W12: 101 | X12: 101 | Y12: 101 | Z12: 101 | AA12: 101 | AB12: 101 | AC12: 101 | AD12: 101 | AE12: 101 | AF12: 101 | AG12: 101 | AH12: 101 | AI12: 101 | AJ12: 101 | AK12: 101 | AL12: 101 | AM12: 101 | AN12: 101
A13: 510 | D13: =COUNTIFS(I13:AQ13,">0",I13:AQ13,"<101") -> 0 | E13: =INDIRECT("'Stammdaten - Schwimmer'!F"&(I13+3))+INDIRECT("'Stammdaten - Schwimmer'!F"&(J13+3))+INDIRECT("'Stammdaten - Schwimmer'!F"&(K13+3))+INDIRECT("'Stammdaten - Schwimmer'!F"&(L13+3))+INDIRECT("'Stammdaten - Schwimmer'!F"&(M13+3))+INDIRECT("'Stammdaten - Schwimmer'!F"&(N13+3))+INDIRECT("'Stammdaten - Schwimmer'!F"&O13+3)+INDIRECT("'Stammdaten - Schwimmer'!F"&(P13+3))+INDIRECT("'Stammdaten - Schwimmer'!F"&(Q13+3))+INDIRECT("'Stammdaten - Schwimmer'!F"&(R13+3))+INDIRECT("'Stammdaten - Schwimmer'!F"&(S13+3))+INDIRECT("'Stammdaten - Schwimmer'!F"&(T13+3))+INDIRECT("'Stammdaten - Schwimmer'!F"&(U13+3))+INDIRECT("'Stammdaten - Schwimmer'!F"&(V13+3))+INDIRECT("'Stammdaten - Schwimmer'!F"&(W13+3))+INDIRECT("'Stammdaten - Schwimmer'!F"&(X13+3))+INDIRECT("'Stammdaten - Schwimmer'!F"&(Y13+3))+INDIRECT("'Stammdaten - Schwimmer'!F"&(Z13+3))+INDIRECT("'Stammdaten - Schwimmer'!F"&(AA13+3))+INDIRECT("'Stammdaten - Schwimmer'!F"&(AB13+3))+INDIRECT("'Stammdaten - Schwimmer'!F"&(AC13+3))+INDIRECT("'Stammdaten - Schwimmer'!F"&(AD13+3))+INDIRECT("'Stammdaten - Schwimmer'!F"&(AE13+3))+INDIRECT("'Stammdaten - Schwimmer'!F"&(AF13+3))+INDIRECT("'Stammdaten - Schwimmer'!F"&(AG13+3)) -> 0 | G13: =E13*F13 -> 0 | H13: =IF(D13>0,E13/D13,) -> 0 | I13: 101 | J13: 101 | K13: 101 | L13: 101 | M13: 101 | N13: 101 | O13: 101 | P13: 101 | Q13: 101 | R13: 101 | S13: 101 | T13: 101 | U13: 101 | V13: 101 | W13: 101 | X13: 101 | Y13: 101 | Z13: 101 | AA13: 101 | AB13: 101 | AC13: 101 | AD13: 101 | AE13: 101 | AF13: 101 | AG13: 101 | AH13: 101 | AI13: 101 | AJ13: 101 | AK13: 101 | AL13: 101 | AM13: 101 | AN13: 101
A14: 511 | D14: =COUNTIFS(I14:AQ14,">0",I14:AQ14,"<101") -> 0 | E14: =INDIRECT("'Stammdaten - Schwimmer'!F"&(I14+3))+INDIRECT("'Stammdaten - Schwimmer'!F"&(J14+3))+INDIRECT("'Stammdaten - Schwimmer'!F"&(K14+3))+INDIRECT("'Stammdaten - Schwimmer'!F"&(L14+3))+INDIRECT("'Stammdaten - Schwimmer'!F"&(M14+3))+INDIRECT("'Stammdaten - Schwimmer'!F"&(N14+3))+INDIRECT("'Stammdaten - Schwimmer'!F"&O14+3)+INDIRECT("'Stammdaten - Schwimmer'!F"&(P14+3))+INDIRECT("'Stammdaten - Schwimmer'!F"&(Q14+3))+INDIRECT("'Stammdaten - Schwimmer'!F"&(R14+3))+INDIRECT("'Stammdaten - Schwimmer'!F"&(S14+3))+INDIRECT("'Stammdaten - Schwimmer'!F"&(T14+3))+INDIRECT("'Stammdaten - Schwimmer'!F"&(U14+3))+INDIRECT("'Stammdaten - Schwimmer'!F"&(V14+3))+INDIRECT("'Stammdaten - Schwimmer'!F"&(W14+3))+INDIRECT("'Stammdaten - Schwimmer'!F"&(X14+3))+INDIRECT("'Stammdaten - Schwimmer'!F"&(Y14+3))+INDIRECT("'Stammdaten - Schwimmer'!F"&(Z14+3))+INDIRECT("'Stammdaten - Schwimmer'!F"&(AA14+3))+INDIRECT("'Stammdaten - Schwimmer'!F"&(AB14+3))+INDIRECT("'Stammdaten - Schwimmer'!F"&(AC14+3))+INDIRECT("'Stammdaten - Schwimmer'!F"&(AD14+3))+INDIRECT("'Stammdaten - Schwimmer'!F"&(AE14+3))+INDIRECT("'Stammdaten - Schwimmer'!F"&(AF14+3))+INDIRECT("'Stammdaten - Schwimmer'!F"&(AG14+3)) -> 0 | G14: =E14*F14 -> 0 | H14: =IF(D14>0,E14/D14,) -> 0 | I14: 101 | J14: 101 | K14: 101 | L14: 101 | M14: 101 | N14: 101 | O14: 101 | P14: 101 | Q14: 101 | R14: 101 | S14: 101 | T14: 101 | U14: 101 | V14: 101 | W14: 101 | X14: 101 | Y14: 101 | Z14: 101 | AA14: 101 | AB14: 101 | AC14: 101 | AD14: 101 | AE14: 101 | AF14: 101 | AG14: 101 | AH14: 101 | AI14: 101 | AJ14: 101 | AK14: 101 | AL14: 101 | AM14: 101 | AN14: 101
A15: 512 | D15: =COUNTIFS(I15:AQ15,">0",I15:AQ15,"<101") -> 0 | E15: =INDIRECT("'Stammdaten - Schwimmer'!F"&(I15+3))+INDIRECT("'Stammdaten - Schwimmer'!F"&(J15+3))+INDIRECT("'Stammdaten - Schwimmer'!F"&(K15+3))+INDIRECT("'Stammdaten - Schwimmer'!F"&(L15+3))+INDIRECT("'Stammdaten - Schwimmer'!F"&(M15+3))+INDIRECT("'Stammdaten - Schwimmer'!F"&(N15+3))+INDIRECT("'Stammdaten - Schwimmer'!F"&O15+3)+INDIRECT("'Stammdaten - Schwimmer'!F"&(P15+3))+INDIRECT("'Stammdaten - Schwimmer'!F"&(Q15+3))+INDIRECT("'Stammdaten - Schwimmer'!F"&(R15+3))+INDIRECT("'Stammdaten - Schwimmer'!F"&(S15+3))+INDIRECT("'Stammdaten - Schwimmer'!F"&(T15+3))+INDIRECT("'Stammdaten - Schwimmer'!F"&(U15+3))+INDIRECT("'Stammdaten - Schwimmer'!F"&(V15+3))+INDIRECT("'Stammdaten - Schwimmer'!F"&(W15+3))+INDIRECT("'Stammdaten - Schwimmer'!F"&(X15+3))+INDIRECT("'Stammdaten - Schwimmer'!F"&(Y15+3))+INDIRECT("'Stammdaten - Schwimmer'!F"&(Z15+3))+INDIRECT("'Stammdaten - Schwimmer'!F"&(AA15+3))+INDIRECT("'Stammdaten - Schwimmer'!F"&(AB15+3))+INDIRECT("'Stammdaten - Schwimmer'!F"&(AC15+3))+INDIRECT("'Stammdaten - Schwimmer'!F"&(AD15+3))+INDIRECT("'Stammdaten - Schwimmer'!F"&(AE15+3))+INDIRECT("'Stammdaten - Schwimmer'!F"&(AF15+3))+INDIRECT("'Stammdaten - Schwimmer'!F"&(AG15+3)) -> 0 | G15: =E15*F15 -> 0 | H15: =IF(D15>0,E15/D15,) -> 0 | I15: 101 | J15: 101 | K15: 101 | L15: 101 | M15: 101 | N15: 101 | O15: 101 | P15: 101 | Q15: 101 | R15: 101 | S15: 101 | T15: 101 | U15: 101 | V15: 101 | W15: 101 | X15: 101 | Y15: 101 | Z15: 101 | AA15: 101 | AB15: 101 | AC15: 101 | AD15: 101 | AE15: 101 | AF15: 101 | AG15: 101 | AH15: 101 | AI15: 101 | AJ15: 101 | AK15: 101 | AL15: 101 | AM15: 101 | AN15: 101
A16: 513 | D16: =COUNTIFS(I16:AQ16,">0",I16:AQ16,"<101") -> 0 | E16: =INDIRECT("'Stammdaten - Schwimmer'!F"&(I16+3))+INDIRECT("'Stammdaten - Schwimmer'!F"&(J16+3))+INDIRECT("'Stammdaten - Schwimmer'!F"&(K16+3))+INDIRECT("'Stammdaten - Schwimmer'!F"&(L16+3))+INDIRECT("'Stammdaten - Schwimmer'!F"&(M16+3))+INDIRECT("'Stammdaten - Schwimmer'!F"&(N16+3))+INDIRECT("'Stammdaten - Schwimmer'!F"&O16+3)+INDIRECT("'Stammdaten - Schwimmer'!F"&(P16+3))+INDIRECT("'Stammdaten - Schwimmer'!F"&(Q16+3))+INDIRECT("'Stammdaten - Schwimmer'!F"&(R16+3))+INDIRECT("'Stammdaten - Schwimmer'!F"&(S16+3))+INDIRECT("'Stammdaten - Schwimmer'!F"&(T16+3))+INDIRECT("'Stammdaten - Schwimmer'!F"&(U16+3))+INDIRECT("'Stammdaten - Schwimmer'!F"&(V16+3))+INDIRECT("'Stammdaten - Schwimmer'!F"&(W16+3))+INDIRECT("'Stammdaten - Schwimmer'!F"&(X16+3))+INDIRECT("'Stammdaten - Schwimmer'!F"&(Y16+3))+INDIRECT("'Stammdaten - Schwimmer'!F"&(Z16+3))+INDIRECT("'Stammdaten - Schwimmer'!F"&(AA16+3))+INDIRECT("'Stammdaten - Schwimmer'!F"&(AB16+3))+INDIRECT("'Stammdaten - Schwimmer'!F"&(AC16+3))+INDIRECT("'Stammdaten - Schwimmer'!F"&(AD16+3))+INDIRECT("'Stammdaten - Schwimmer'!F"&(AE16+3))+INDIRECT("'Stammdaten - Schwimmer'!F"&(AF16+3))+INDIRECT("'Stammdaten - Schwimmer'!F"&(AG16+3)) -> 0 | G16: =E16*F16 -> 0 | H16: =IF(D16>0,E16/D16,) -> 0 | I16: 101 | J16: 101 | K16: 101 | L16: 101 | M16: 101 | N16: 101 | O16: 101 | P16: 101 | Q16: 101 | R16: 101 | S16: 101 | T16: 101 | U16: 101 | V16: 101 | W16: 101 | X16: 101 | Y16: 101 | Z16: 101 | AA16: 101 | AB16: 101 | AC16: 101 | AD16: 101 | AE16: 101 | AF16: 101 | AG16: 101 | AH16: 101 | AI16: 101 | AJ16: 101 | AK16: 101 | AL16: 101 | AM16: 101 | AN16: 101
A17: 514 | D17: =COUNTIFS(I17:AQ17,">0",I17:AQ17,"<101") -> 0 | E17: =INDIRECT("'Stammdaten - Schwimmer'!F"&(I17+3))+INDIRECT("'Stammdaten - Schwimmer'!F"&(J17+3))+INDIRECT("'Stammdaten - Schwimmer'!F"&(K17+3))+INDIRECT("'Stammdaten - Schwimmer'!F"&(L17+3))+INDIRECT("'Stammdaten - Schwimmer'!F"&(M17+3))+INDIRECT("'Stammdaten - Schwimmer'!F"&(N17+3))+INDIRECT("'Stammdaten - Schwimmer'!F"&O17+3)+INDIRECT("'Stammdaten - Schwimmer'!F"&(P17+3))+INDIRECT("'Stammdaten - Schwimmer'!F"&(Q17+3))+INDIRECT("'Stammdaten - Schwimmer'!F"&(R17+3))+INDIRECT("'Stammdaten - Schwimmer'!F"&(S17+3))+INDIRECT("'Stammdaten - Schwimmer'!F"&(T17+3))+INDIRECT("'Stammdaten - Schwimmer'!F"&(U17+3))+INDIRECT("'Stammdaten - Schwimmer'!F"&(V17+3))+INDIRECT("'Stammdaten - Schwimmer'!F"&(W17+3))+INDIRECT("'Stammdaten - Schwimmer'!F"&(X17+3))+INDIRECT("'Stammdaten - Schwimmer'!F"&(Y17+3))+INDIRECT("'Stammdaten - Schwimmer'!F"&(Z17+3))+INDIRECT("'Stammdaten - Schwimmer'!F"&(AA17+3))+INDIRECT("'Stammdaten - Schwimmer'!F"&(AB17+3))+INDIRECT("'Stammdaten - Schwimmer'!F"&(AC17+3))+INDIRECT("'Stammdaten - Schwimmer'!F"&(AD17+3))+INDIRECT("'Stammdaten - Schwimmer'!F"&(AE17+3))+INDIRECT("'Stammdaten - Schwimmer'!F"&(AF17+3))+INDIRECT("'Stammdaten - Schwimmer'!F"&(AG17+3)) -> 0 | G17: =E17*F17 -> 0 | H17: =IF(D17>0,E17/D17,) -> 0 | I17: 101 | J17: 101 | K17: 101 | L17: 101 | M17: 101 | N17: 101 | O17: 101 | P17: 101 | Q17: 101 | R17: 101 | S17: 101 | T17: 101 | U17: 101 | V17: 101 | W17: 101 | X17: 101 | Y17: 101 | Z17: 101 | AA17: 101 | AB17: 101 | AC17: 101 | AD17: 101 | AE17: 101 | AF17: 101 | AG17: 101 | AH17: 101 | AI17: 101 | AJ17: 101 | AK17: 101 | AL17: 101 | AM17: 101 | AN17: 101
A18: 515 | D18: =COUNTIFS(I18:AQ18,">0",I18:AQ18,"<101") -> 0 | E18: =INDIRECT("'Stammdaten - Schwimmer'!F"&(I18+3))+INDIRECT("'Stammdaten - Schwimmer'!F"&(J18+3))+INDIRECT("'Stammdaten - Schwimmer'!F"&(K18+3))+INDIRECT("'Stammdaten - Schwimmer'!F"&(L18+3))+INDIRECT("'Stammdaten - Schwimmer'!F"&(M18+3))+INDIRECT("'Stammdaten - Schwimmer'!F"&(N18+3))+INDIRECT("'Stammdaten - Schwimmer'!F"&O18+3)+INDIRECT("'Stammdaten - Schwimmer'!F"&(P18+3))+INDIRECT("'Stammdaten - Schwimmer'!F"&(Q18+3))+INDIRECT("'Stammdaten - Schwimmer'!F"&(R18+3))+INDIRECT("'Stammdaten - Schwimmer'!F"&(S18+3))+INDIRECT("'Stammdaten - Schwimmer'!F"&(T18+3))+INDIRECT("'Stammdaten - Schwimmer'!F"&(U18+3))+INDIRECT("'Stammdaten - Schwimmer'!F"&(V18+3))+INDIRECT("'Stammdaten - Schwimmer'!F"&(W18+3))+INDIRECT("'Stammdaten - Schwimmer'!F"&(X18+3))+INDIRECT("'Stammdaten - Schwimmer'!F"&(Y18+3))+INDIRECT("'Stammdaten - Schwimmer'!F"&(Z18+3))+INDIRECT("'Stammdaten - Schwimmer'!F"&(AA18+3))+INDIRECT("'Stammdaten - Schwimmer'!F"&(AB18+3))+INDIRECT("'Stammdaten - Schwimmer'!F"&(AC18+3))+INDIRECT("'Stammdaten - Schwimmer'!F"&(AD18+3))+INDIRECT("'Stammdaten - Schwimmer'!F"&(AE18+3))+INDIRECT("'Stammdaten - Schwimmer'!F"&(AF18+3))+INDIRECT("'Stammdaten - Schwimmer'!F"&(AG18+3)) -> 0 | G18: =E18*F18 -> 0 | H18: =IF(D18>0,E18/D18,) -> 0 | I18: 101 | J18: 101 | K18: 101 | L18: 101 | M18: 101 | N18: 101 | O18: 101 | P18: 101 | Q18: 101 | R18: 101 | S18: 101 | T18: 101 | U18: 101 | V18: 101 | W18: 101 | X18: 101 | Y18: 101 | Z18: 101 | AA18: 101 | AB18: 101 | AC18: 101 | AD18: 101 | AE18: 101 | AF18: 101 | AG18: 101 | AH18: 101 | AI18: 101 | AJ18: 101 | AK18: 101 | AL18: 101 | AM18: 101 | AN18: 101
A19: 516 | D19: =COUNTIFS(I19:AQ19,">0",I19:AQ19,"<101") -> 0 | E19: =INDIRECT("'Stammdaten - Schwimmer'!F"&(I19+3))+INDIRECT("'Stammdaten - Schwimmer'!F"&(J19+3))+INDIRECT("'Stammdaten - Schwimmer'!F"&(K19+3))+INDIRECT("'Stammdaten - Schwimmer'!F"&(L19+3))+INDIRECT("'Stammdaten - Schwimmer'!F"&(M19+3))+INDIRECT("'Stammdaten - Schwimmer'!F"&(N19+3))+INDIRECT("'Stammdaten - Schwimmer'!F"&O19+3)+INDIRECT("'Stammdaten - Schwimmer'!F"&(P19+3))+INDIRECT("'Stammdaten - Schwimmer'!F"&(Q19+3))+INDIRECT("'Stammdaten - Schwimmer'!F"&(R19+3))+INDIRECT("'Stammdaten - Schwimmer'!F"&(S19+3))+INDIRECT("'Stammdaten - Schwimmer'!F"&(T19+3))+INDIRECT("'Stammdaten - Schwimmer'!F"&(U19+3))+INDIRECT("'Stammdaten - Schwimmer'!F"&(V19+3))+INDIRECT("'Stammdaten - Schwimmer'!F"&(W19+3))+INDIRECT("'Stammdaten - Schwimmer'!F"&(X19+3))+INDIRECT("'Stammdaten - Schwimmer'!F"&(Y19+3))+INDIRECT("'Stammdaten - Schwimmer'!F"&(Z19+3))+INDIRECT("'Stammdaten - Schwimmer'!F"&(AA19+3))+INDIRECT("'Stammdaten - Schwimmer'!F"&(AB19+3))+INDIRECT("'Stammdaten - Schwimmer'!F"&(AC19+3))+INDIRECT("'Stammdaten - Schwimmer'!F"&(AD19+3))+INDIRECT("'Stammdaten - Schwimmer'!F"&(AE19+3))+INDIRECT("'Stammdaten - Schwimmer'!F"&(AF19+3))+INDIRECT("'Stammdaten - Schwimmer'!F"&(AG19+3)) -> 0 | G19: =E19*F19 -> 0 | H19: =IF(D19>0,E19/D19,) -> 0 | I19: 101 | J19: 101 | K19: 101 | L19: 101 | M19: 101 | N19: 101 | O19: 101 | P19: 101 | Q19: 101 | R19: 101 | S19: 101 | T19: 101 | U19: 101 | V19: 101 | W19: 101 | X19: 101 | Y19: 101 | Z19: 101 | AA19: 101 | AB19: 101 | AC19: 101 | AD19: 101 | AE19: 101 | AF19: 101 | AG19: 101 | AH19: 101 | AI19: 101 | AJ19: 101 | AK19: 101 | AL19: 101 | AM19: 101 | AN19: 101
A20: 517 | D20: =COUNTIFS(I20:AQ20,">0",I20:AQ20,"<101") -> 0 | E20: =INDIRECT("'Stammdaten - Schwimmer'!F"&(I20+3))+INDIRECT("'Stammdaten - Schwimmer'!F"&(J20+3))+INDIRECT("'Stammdaten - Schwimmer'!F"&(K20+3))+INDIRECT("'Stammdaten - Schwimmer'!F"&(L20+3))+INDIRECT("'Stammdaten - Schwimmer'!F"&(M20+3))+INDIRECT("'Stammdaten - Schwimmer'!F"&(N20+3))+INDIRECT("'Stammdaten - Schwimmer'!F"&O20+3)+INDIRECT("'Stammdaten - Schwimmer'!F"&(P20+3))+INDIRECT("'Stammdaten - Schwimmer'!F"&(Q20+3))+INDIRECT("'Stammdaten - Schwimmer'!F"&(R20+3))+INDIRECT("'Stammdaten - Schwimmer'!F"&(S20+3))+INDIRECT("'Stammdaten - Schwimmer'!F"&(T20+3))+INDIRECT("'Stammdaten - Schwimmer'!F"&(U20+3))+INDIRECT("'Stammdaten - Schwimmer'!F"&(V20+3))+INDIRECT("'Stammdaten - Schwimmer'!F"&(W20+3))+INDIRECT("'Stammdaten - Schwimmer'!F"&(X20+3))+INDIRECT("'Stammdaten - Schwimmer'!F"&(Y20+3))+INDIRECT("'Stammdaten - Schwimmer'!F"&(Z20+3))+INDIRECT("'Stammdaten - Schwimmer'!F"&(AA20+3))+INDIRECT("'Stammdaten - Schwimmer'!F"&(AB20+3))+INDIRECT("'Stammdaten - Schwimmer'!F"&(AC20+3))+INDIRECT("'Stammdaten - Schwimmer'!F"&(AD20+3))+INDIRECT("'Stammdaten - Schwimmer'!F"&(AE20+3))+INDIRECT("'Stammdaten - Schwimmer'!F"&(AF20+3))+INDIRECT("'Stammdaten - Schwimmer'!F"&(AG20+3)) -> 0 | G20: =E20*F20 -> 0 | H20: =IF(D20>0,E20/D20,) -> 0 | I20: 101 | J20: 101 | K20: 101 | L20: 101 | M20: 101 | N20: 101 | O20: 101 | P20: 101 | Q20: 101 | R20: 101 | S20: 101 | T20: 101 | U20: 101 | V20: 101 | W20: 101 | X20: 101 | Y20: 101 | Z20: 101 | AA20: 101 | AB20: 101 | AC20: 101 | AD20: 101 | AE20: 101 | AF20: 101 | AG20: 101 | AH20: 101 | AI20: 101 | AJ20: 101 | AK20: 101 | AL20: 101 | AM20: 101 | AN20: 101
A21: 518 | D21: =COUNTIFS(I21:AQ21,">0",I21:AQ21,"<101") -> 0 | E21: =INDIRECT("'Stammdaten - Schwimmer'!F"&(I21+3))+INDIRECT("'Stammdaten - Schwimmer'!F"&(J21+3))+INDIRECT("'Stammdaten - Schwimmer'!F"&(K21+3))+INDIRECT("'Stammdaten - Schwimmer'!F"&(L21+3))+INDIRECT("'Stammdaten - Schwimmer'!F"&(M21+3))+INDIRECT("'Stammdaten - Schwimmer'!F"&(N21+3))+INDIRECT("'Stammdaten - Schwimmer'!F"&O21+3)+INDIRECT("'Stammdaten - Schwimmer'!F"&(P21+3))+INDIRECT("'Stammdaten - Schwimmer'!F"&(Q21+3))+INDIRECT("'Stammdaten - Schwimmer'!F"&(R21+3))+INDIRECT("'Stammdaten - Schwimmer'!F"&(S21+3))+INDIRECT("'Stammdaten - Schwimmer'!F"&(T21+3))+INDIRECT("'Stammdaten - Schwimmer'!F"&(U21+3))+INDIRECT("'Stammdaten - Schwimmer'!F"&(V21+3))+INDIRECT("'Stammdaten - Schwimmer'!F"&(W21+3))+INDIRECT("'Stammdaten - Schwimmer'!F"&(X21+3))+INDIRECT("'Stammdaten - Schwimmer'!F"&(Y21+3))+INDIRECT("'Stammdaten - Schwimmer'!F"&(Z21+3))+INDIRECT("'Stammdaten - Schwimmer'!F"&(AA21+3))+INDIRECT("'Stammdaten - Schwimmer'!F"&(AB21+3))+INDIRECT("'Stammdaten - Schwimmer'!F"&(AC21+3))+INDIRECT("'Stammdaten - Schwimmer'!F"&(AD21+3))+INDIRECT("'Stammdaten - Schwimmer'!F"&(AE21+3))+INDIRECT("'Stammdaten - Schwimmer'!F"&(AF21+3))+INDIRECT("'Stammdaten - Schwimmer'!F"&(AG21+3)) -> 0 | G21: =E21*F21 -> 0 | H21: =IF(D21>0,E21/D21,) -> 0 | I21: 101 | J21: 101 | K21: 101 | L21: 101 | M21: 101 | N21: 101 | O21: 101 | P21: 101 | Q21: 101 | R21: 101 | S21: 101 | T21: 101 | U21: 101 | V21: 101 | W21: 101 | X21: 101 | Y21: 101 | Z21: 101 | AA21: 101 | AB21: 101 | AC21: 101 | AD21: 101 | AE21: 101 | AF21: 101 | AG21: 101 | AH21: 101 | AI21: 101 | AJ21: 101 | AK21: 101 | AL21: 101 | AM21: 101 | AN21: 101
A22: 519 | D22: =COUNTIFS(I22:AQ22,">0",I22:AQ22,"<101") -> 0 | E22: =INDIRECT("'Stammdaten - Schwimmer'!F"&(I22+3))+INDIRECT("'Stammdaten - Schwimmer'!F"&(J22+3))+INDIRECT("'Stammdaten - Schwimmer'!F"&(K22+3))+INDIRECT("'Stammdaten - Schwimmer'!F"&(L22+3))+INDIRECT("'Stammdaten - Schwimmer'!F"&(M22+3))+INDIRECT("'Stammdaten - Schwimmer'!F"&(N22+3))+INDIRECT("'Stammdaten - Schwimmer'!F"&O22+3)+INDIRECT("'Stammdaten - Schwimmer'!F"&(P22+3))+INDIRECT("'Stammdaten - Schwimmer'!F"&(Q22+3))+INDIRECT("'Stammdaten - Schwimmer'!F"&(R22+3))+INDIRECT("'Stammdaten - Schwimmer'!F"&(S22+3))+INDIRECT("'Stammdaten - Schwimmer'!F"&(T22+3))+INDIRECT("'Stammdaten - Schwimmer'!F"&(U22+3))+INDIRECT("'Stammdaten - Schwimmer'!F"&(V22+3))+INDIRECT("'Stammdaten - Schwimmer'!F"&(W22+3))+INDIRECT("'Stammdaten - Schwimmer'!F"&(X22+3))+INDIRECT("'Stammdaten - Schwimmer'!F"&(Y22+3))+INDIRECT("'Stammdaten - Schwimmer'!F"&(Z22+3))+INDIRECT("'Stammdaten - Schwimmer'!F"&(AA22+3))+INDIRECT("'Stammdaten - Schwimmer'!F"&(AB22+3))+INDIRECT("'Stammdaten - Schwimmer'!F"&(AC22+3))+INDIRECT("'Stammdaten - Schwimmer'!F"&(AD22+3))+INDIRECT("'Stammdaten - Schwimmer'!F"&(AE22+3))+INDIRECT("'Stammdaten - Schwimmer'!F"&(AF22+3))+INDIRECT("'Stammdaten - Schwimmer'!F"&(AG22+3)) -> 0 | G22: =E22*F22 -> 0 | H22: =IF(D22>0,E22/D22,) -> 0 | I22: 101 | J22: 101 | K22: 101 | L22: 101 | M22: 101 | N22: 101 | O22: 101 | P22: 101 | Q22: 101 | R22: 101 | S22: 101 | T22: 101 | U22: 101 | V22: 101 | W22: 101 | X22: 101 | Y22: 101 | Z22: 101 | AA22: 101 | AB22: 101 | AC22: 101 | AD22: 101 | AE22: 101 | AF22: 101 | AG22: 101 | AH22: 101 | AI22: 101 | AJ22: 101 | AK22: 101 | AL22: 101 | AM22: 101 | AN22: 101
... A53: 550 | D53: =COUNTIFS(I53:AQ53,">0",I53:AQ53,"<101") -> 0 | E53: =INDIRECT("'Stammdaten - Schwimmer'!F"&(I53+3))+INDIRECT("'Stammdaten - Schwimmer'!F"&(J53+3))+INDIRECT("'Stammdaten - Schwimmer'!F"&(K53+3))+INDIRECT("'Stammdaten - Schwimmer'!F"&(L53+3))+INDIRECT("'Stammdaten - Schwimmer'!F"&(M53+3))+INDIRECT("'Stammdaten - Schwimmer'!F"&(N53+3))+INDIRECT("'Stammdaten - Schwimmer'!F"&O53+3)+INDIRECT("'Stammdaten - Schwimmer'!F"&(P53+3))+INDIRECT("'Stammdaten - Schwimmer'!F"&(Q53+3))+INDIRECT("'Stammdaten - Schwimmer'!F"&(R53+3))+INDIRECT("'Stammdaten - Schwimmer'!F"&(S53+3))+INDIRECT("'Stammdaten - Schwimmer'!F"&(T53+3))+INDIRECT("'Stammdaten - Schwimmer'!F"&(U53+3))+INDIRECT("'Stammdaten - Schwimmer'!F"&(V53+3))+INDIRECT("'Stammdaten - Schwimmer'!F"&(W53+3))+INDIRECT("'Stammdaten - Schwimmer'!F"&(X53+3))+INDIRECT("'Stammdaten - Schwimmer'!F"&(Y53+3))+INDIRECT("'Stammdaten - Schwimmer'!F"&(Z53+3))+INDIRECT("'Stammdaten - Schwimmer'!F"&(AA53+3))+INDIRECT("'Stammdaten - Schwimmer'!F"&(AB53+3))+INDIRECT("'Stammdaten - Schwimmer'!F"&(AC53+3))+INDIRECT("'Stammdaten - Schwimmer'!F"&(AD53+3))+INDIRECT("'Stammdaten - Schwimmer'!F"&(AE53+3))+INDIRECT("'Stammdaten - Schwimmer'!F"&(AF53+3))+INDIRECT("'Stammdaten - Schwimmer'!F"&(AG53+3)) -> 0 | G53: =E53*F53 -> 0 | H53: =IF(D53>0,E53/D53,) -> 0 | I53: 101 | J53: 101 | K53: 101 | L53: 101 | M53: 101 | N53: 101 | O53: 101 | P53: 101 | Q53: 101 | R53: 101 | S53: 101 | T53: 101 | U53: 101 | V53: 101 | W53: 101 | X53: 101 | Y53: 101 | Z53: 101 | AA53: 101 | AB53: 101 | AC53: 101 | AD53: 101 | AE53: 101 | AF53: 101 | AG53: 101 | AH53: 101 | AI53: 101 | AJ53: 101 | AK53: 101 | AL53: 101 | AM53: 101 | AN53: 101
A70: Ergebnis: Teams der Gründungsvereine
A72: =A3 -> Team Nummer | B72: =B3 -> Team Name | C72: =C3 -> Verantwortlicher | D72: =D3 -> Gesamt Mitglieder | E72: =E3 -> Gesamtanzahl Bahnen | F72: =F3 -> Spende pro Bahn | G72: =G3 -> Spenden- Betrag | H72: =H3 -> Bahnen pro Mitglied
A74: =A5 -> 502 | B74: =B5 -> DLRG | C74: =C5 -> Thomas Schmid | D74: =D5 -> 16 | E74: =E5 -> 769 | F74: =F5 -> 0.5 | G74: =G5 -> 384.5 | H74: =H5 -> 48.0625
A75: =A6 -> 503 | B75: =B6 -> TVV Schwimm | C75: =C6 -> Tim Bauer | D75: =D6 -> 20 | E75: =E6 -> 1266 | F75: =F6 -> 0.5 | G75: =G6 -> 633 | H75: =H6 -> 63.3
A76: =A8 -> 505 | B76: =B8 -> Kanu Klub | C76: =C8 -> Michael Fischer | D76: =D8 -> 3 | E76: =E8 -> 159 | F76: =F8 -> 0.5 | G76: =G8 -> 79.5 | H76: =H8 -> 53

Sheet Ehrungen
A1: Ergebnisse - Ehrungen - TOP 5 Listen (Achtung: gibt’s Probleme bei gleiche Bahnzahlen oder gleiche Geburtstag - nur erster treffer in Liste wird gezeigt)
A3: Meiste Bahnen - Bis 13J | H3: Meiste Bahnen - 14 bis 18J | O3: Meiste Bahnen - Erwachsene
A4: Schwimmer Nummer | B4: Name | C4: Vormname | D4: Spenden Summe | E4: Anzahl Bahnen | H4: Nummer | I4: Name | J4: Vormname | K4: Spenden Summe | L4: Anzahl Bahnen | O4: Nummer | P4: Name | Q4: Vormname | R4: Spenden Summe | S4: Anzahl Bahnen
A5: =INDEX('Spenden-Kalkulation-Schwimmer'!$H$4:$H$103,MATCH(LARGE('Spenden-Kalkulation-Schwimmer'!$L$4:$L$103,ROWS('Spenden-Kalkulation-Schwimmer'!$H$4:H4)),'Spenden-Kalkulation-Schwimmer'!$L$4:$L$103,0)) -> #REF! | B5: =INDEX('Spenden-Kalkulation-Schwimmer'!$I$4:$I$103,MATCH(LARGE('Spenden-Kalkulation-Schwimmer'!$L$4:$L$103,ROWS('Spenden-Kalkulation-Schwimmer'!$I$4:I4)),'Spenden-Kalkulation-Schwimmer'!$L$4:$L$103,0)) -> #REF! | C5: =INDEX('Spenden-Kalkulation-Schwimmer'!$J$4:$J$103,MATCH(LARGE('Spenden-Kalkulation-Schwimmer'!$L$4:$L$103,ROWS('Spenden-Kalkulation-Schwimmer'!$J$4:J4)),'Spenden-Kalkulation-Schwimmer'!$L$4:$L$103,0)) -> #REF! | D5: =INDEX('Spenden-Kalkulation-Schwimmer'!$K$4:$K$103,MATCH(LARGE('Spenden-Kalkulation-Schwimmer'!$L$4:$L$103,ROWS('Spenden-Kalkulation-Schwimmer'!$K$4:K4)),'Spenden-Kalkulation-Schwimmer'!$L$4:$L$103,0)) -> #REF! | E5: =LARGE('Spenden-Kalkulation-Schwimmer'!$L$4:$L$103,ROWS('Spenden-Kalkulation-Schwimmer'!L$4:L4)) -> #REF! | H5: =INDEX('Spenden-Kalkulation-Schwimmer'!$O$4:$O$103,MATCH(LARGE('Spenden-Kalkulation-Schwimmer'!$S$4:$S$103,ROWS('Spenden-Kalkulation-Schwimmer'!$O$4:O4)),'Spenden-Kalkulation-Schwimmer'!$S$4:$S$103,0)) -> #REF! | I5: =INDEX('Spenden-Kalkulation-Schwimmer'!$P$4:$P$103,MATCH(LARGE('Spenden-Kalkulation-Schwimmer'!$S$4:$S$103,ROWS('Spenden-Kalkulation-Schwimmer'!$P$4:P4)),'Spenden-Kalkulation-Schwimmer'!$S$4:$S$103,0)) -> #REF! | J5: =INDEX('Spenden-Kalkulation-Schwimmer'!$Q$4:$Q$103,MATCH(LARGE('Spenden-Kalkulation-Schwimmer'!$S$4:$S$103,ROWS('Spenden-Kalkulation-Schwimmer'!$Q$4:Q4)),'Spenden-Kalkulation-Schwimmer'!$S$4:$S$103,0)) -> #REF! | K5: =INDEX('Spenden-Kalkulation-Schwimmer'!$R$4:$R$103,MATCH(LARGE('Spenden-Kalkulation-Schwimmer'!$S$4:$S$103,ROWS('Spenden-Kalkulation-Schwimmer'!$R$4:R4)),'Spenden-Kalkulation-Schwimmer'!$S$4:$S$103,0)) -> #REF! | L5: =LARGE('Spenden-Kalkulation-Schwimmer'!$S$4:$S$103,ROWS('Spenden-Kalkulation-Schwimmer'!S$4:S4)) -> #REF! | O5: =INDEX('Spenden-Kalkulation-Schwimmer'!$V$4:$V$103,MATCH(LARGE('Spenden-Kalkulation-Schwimmer'!$Z$4:$Z$103,ROWS('Spenden-Kalkulation-Schwimmer'!$V$4:V4)),'Spenden-Kalkulation-Schwimmer'!$Z$4:$Z$103,0)) -> #REF! | P5: =INDEX('Spenden-Kalkulation-Schwimmer'!$W$4:$W$103,MATCH(LARGE('Spenden-Kalkulation-Schwimmer'!$Z$4:$Z$103,ROWS('Spenden-Kalkulation-Schwimmer'!$W$4:W4)),'Spenden-Kalkulation-Schwimmer'!$Z$4:$Z$103,0)) -> #REF! | Q5: =INDEX('Spenden-Kalkulation-Schwimmer'!$X$4:$X$103,MATCH(LARGE('Spenden-Kalkulation-Schwimmer'!$Z$4:$Z$103,ROWS('Spenden-Kalkulation-Schwimmer'!$X$4:X4)),'Spenden-Kalkulation-Schwimmer'!$Z$4:$Z$103,0)) -> #REF! | R5: =INDEX('Spenden-Kalkulation-Schwimmer'!$Y$4:$Y$103,MATCH(LARGE('Spenden-Kalkulation-Schwimmer'!$Z$4:$Z$103,ROWS('Spenden-Kalkulation-Schwimmer'!$Y$4:Y4)),'Spenden-Kalkulation-Schwimmer'!$Z$4:$Z$103,0)) -> #REF! | S5: =LARGE('Spenden-Kalkulation-Schwimmer'!$Z$4:$Z$103,ROWS('Spenden-Kalkulation-Schwimmer'!Z$4:Z4)) -> #REF!
A6: =INDEX('Spenden-Kalkulation-Schwimmer'!$H$4:$H$103,MATCH(LARGE('Spenden-Kalkulation-Schwimmer'!$L$4:$L$103,ROWS('Spenden-Kalkulation-Schwimmer'!$H$4:H5)),'Spenden-Kalkulation-Schwimmer'!$L$4:$L$103,0)) -> #REF! | B6: =INDEX('Spenden-Kalkulation-Schwimmer'!$I$4:$I$103,MATCH(LARGE('Spenden-Kalkulation-Schwimmer'!$L$4:$L$103,ROWS('Spenden-Kalkulation-Schwimmer'!$I$4:I5)),'Spenden-Kalkulation-Schwimmer'!$L$4:$L$103,0)) -> #REF! | C6: =INDEX('Spenden-Kalkulation-Schwimmer'!$J$4:$J$103,MATCH(LARGE('Spenden-Kalkulation-Schwimmer'!$L$4:$L$103,ROWS('Spenden-Kalkulation-Schwimmer'!$J$4:J5)),'Spenden-Kalkulation-Schwimmer'!$L$4:$L$103,0)) -> #REF! | D6: =INDEX('Spenden-Kalkulation-Schwimmer'!$K$4:$K$103,MATCH(LARGE('Spenden-Kalkulation-Schwimmer'!$L$4:$L$103,ROWS('Spenden-Kalkulation-Schwimmer'!$K$4:K5)),'Spenden-Kalkulation-Schwimmer'!$L$4:$L$103,0)) -> #REF! | E6: =LARGE('Spenden-Kalkulation-Schwimmer'!$L$4:$L$103,ROWS('Spenden-Kalkulation-Schwimmer'!L$4:L5)) -> #REF! | H6: =INDEX('Spenden-Kalkulation-Schwimmer'!$O$4:$O$103,MATCH(LARGE('Spenden-Kalkulation-Schwimmer'!$S$4:$S$103,ROWS('Spenden-Kalkulation-Schwimmer'!$O$4:O5)),'Spenden-Kalkulation-Schwimmer'!$S$4:$S$103,0)) -> #REF! | I6: =INDEX('Spenden-Kalkulation-Schwimmer'!$P$4:$P$103,MATCH(LARGE('Spenden-Kalkulation-Schwimmer'!$S$4:$S$103,ROWS('Spenden-Kalkulation-Schwimmer'!$P$4:P5)),'Spenden-Kalkulation-Schwimmer'!$S$4:$S$103,0)) -> #REF! | J6: =INDEX('Spenden-Kalkulation-Schwimmer'!$Q$4:$Q$103,MATCH(LARGE('Spenden-Kalkulation-Schwimmer'!$S$4:$S$103,ROWS('Spenden-Kalkulation-Schwimmer'!$Q$4:Q5)),'Spenden-Kalkulation-Schwimmer'!$S$4:$S$103,0)) -> #REF! | K6: =INDEX('Spenden-Kalkulation-Schwimmer'!$R$4:$R$103,MATCH(LARGE('Spenden-Kalkulation-Schwimmer'!$S$4:$S$103,ROWS('Spenden-Kalkulation-Schwimmer'!$R$4:R5)),'Spenden-Kalkulation-Schwimmer'!$S$4:$S$103,0)) -> #REF! | L6: =LARGE('Spenden-Kalkulation-Schwimmer'!$S$4:$S$103,ROWS('Spenden-Kalkulation-Schwimmer'!S$4:S5)) -> #REF! | O6: =INDEX('Spenden-Kalkulation-Schwimmer'!$V$4:$V$103,MATCH(LARGE('Spenden-Kalkulation-Schwimmer'!$Z$4:$Z$103,ROWS('Spenden-Kalkulation-Schwimmer'!$V$4:V5)),'Spenden-Kalkulation-Schwimmer'!$Z$4:$Z$103,0)) -> #REF! | P6: =INDEX('Spenden-Kalkulation-Schwimmer'!$W$4:$W$103,MATCH(LARGE('Spenden-Kalkulation-Schwimmer'!$Z$4:$Z$103,ROWS('Spenden-Kalkulation-Schwimmer'!$W$4:W5)),'Spenden-Kalkulation-Schwimmer'!$Z$4:$Z$103,0)) -> #REF! | Q6: =INDEX('Spenden-Kalkulation-Schwimmer'!$X$4:$X$103,MATCH(LARGE('Spenden-Kalkulation-Schwimmer'!$Z$4:$Z$103,ROWS('Spenden-Kalkulation-Schwimmer'!$X$4:X5)),'Spenden-Kalkulation-Schwimmer'!$Z$4:$Z$103,0)) -> #REF! | R6: =INDEX('Spenden-Kalkulation-Schwimmer'!$Y$4:$Y$103,MATCH(LARGE('Spenden-Kalkulation-Schwimmer'!$Z$4:$Z$103,ROWS('Spenden-Kalkulation-Schwimmer'!$Y$4:Y5)),'Spenden-Kalkulation-Schwimmer'!$Z$4:$Z$103,0)) -> #REF! | S6: =LARGE('Spenden-Kalkulation-Schwimmer'!$Z$4:$Z$103,ROWS('Spenden-Kalkulation-Schwimmer'!Z$4:Z5)) -> #REF!
A7: =INDEX('Spenden-Kalkulation-Schwimmer'!$H$4:$H$103,MATCH(LARGE('Spenden-Kalkulation-Schwimmer'!$L$4:$L$103,ROWS('Spenden-Kalkulation-Schwimmer'!$H$4:H6)),'Spenden-Kalkulation-Schwimmer'!$L$4:$L$103,0)) -> #REF! | B7: =INDEX('Spenden-Kalkulation-Schwimmer'!$I$4:$I$103,MATCH(LARGE('Spenden-Kalkulation-Schwimmer'!$L$4:$L$103,ROWS('Spenden-Kalkulation-Schwimmer'!$I$4:I6)),'Spenden-Kalkulation-Schwimmer'!$L$4:$L$103,0)) -> #REF! | C7: =INDEX('Spenden-Kalkulation-Schwimmer'!$J$4:$J$103,MATCH(LARGE('Spenden-Kalkulation-Schwimmer'!$L$4:$L$103,ROWS('Spenden-Kalkulation-Schwimmer'!$J$4:J6)),'Spenden-Kalkulation-Schwimmer'!$L$4:$L$103,0)) -> #REF! | D7: =INDEX('Spenden-Kalkulation-Schwimmer'!$K$4:$K$103,MATCH(LARGE('Spenden-Kalkulation-Schwimmer'!$L$4:$L$103,ROWS('Spenden-Kalkulation-Schwimmer'!$K$4:K6)),'Spenden-Kalkulation-Schwimmer'!$L$4:$L$103,0)) -> #REF! | E7: =LARGE('Spenden-Kalkulation-Schwimmer'!$L$4:$L$103,ROWS('Spenden-Kalkulation-Schwimmer'!L$4:L6)) -> #REF! | H7: =INDEX('Spenden-Kalkulation-Schwimmer'!$O$4:$O$103,MATCH(LARGE('Spenden-Kalkulation-Schwimmer'!$S$4:$S$103,ROWS('Spenden-Kalkulation-Schwimmer'!$O$4:O6)),'Spenden-Kalkulation-Schwimmer'!$S$4:$S$103,0)) -> #REF! | I7: =INDEX('Spenden-Kalkulation-Schwimmer'!$P$4:$P$103,MATCH(LARGE('Spenden-Kalkulation-Schwimmer'!$S$4:$S$103,ROWS('Spenden-Kalkulation-Schwimmer'!$P$4:P6)),'Spenden-Kalkulation-Schwimmer'!$S$4:$S$103,0)) -> #REF! | J7: =INDEX('Spenden-Kalkulation-Schwimmer'!$Q$4:$Q$103,MATCH(LARGE('Spenden-Kalkulation-Schwimmer'!$S$4:$S$103,ROWS('Spenden-Kalkulation-Schwimmer'!$Q$4:Q6)),'Spenden-Kalkulation-Schwimmer'!$S$4:$S$103,0)) -> #REF! | K7: =INDEX('Spenden-Kalkulation-Schwimmer'!$R$4:$R$103,MATCH(LARGE('Spenden-Kalkulation-Schwimmer'!$S$4:$S$103,ROWS('Spenden-Kalkulation-Schwimmer'!$R$4:R6)),'Spenden-Kalkulation-Schwimmer'!$S$4:$S$103,0)) -> #REF! | L7: =LARGE('Spenden-Kalkulation-Schwimmer'!$S$4:$S$103,ROWS('Spenden-Kalkulation-Schwimmer'!S$4:S6)) -> #REF! | O7: =INDEX('Spenden-Kalkulation-Schwimmer'!$V$4:$V$103,MATCH(LARGE('Spenden-Kalkulation-Schwimmer'!$Z$4:$Z$103,ROWS('Spenden-Kalkulation-Schwimmer'!$V$4:V6)),'Spenden-Kalkulation-Schwimmer'!$Z$4:$Z$103,0)) -> #REF! | P7: =INDEX('Spenden-Kalkulation-Schwimmer'!$W$4:$W$103,MATCH(LARGE('Spenden-Kalkulation-Schwimmer'!$Z$4:$Z$103,ROWS('Spenden-Kalkulation-Schwimmer'!$W$4:W6)),'Spenden-Kalkulation-Schwimmer'!$Z$4:$Z$103,0)) -> #REF! | Q7: =INDEX('Spenden-Kalkulation-Schwimmer'!$X$4:$X$103,MATCH(LARGE('Spenden-Kalkulation-Schwimmer'!$Z$4:$Z$103,ROWS('Spenden-Kalkulation-Schwimmer'!$X$4:X6)),'Spenden-Kalkulation-Schwimmer'!$Z$4:$Z$103,0)) -> #REF! | R7: =INDEX('Spenden-Kalkulation-Schwimmer'!$Y$4:$Y$103,MATCH(LARGE('Spenden-Kalkulation-Schwimmer'!$Z$4:$Z$103,ROWS('Spenden-Kalkulation-Schwimmer'!$Y$4:Y6)),'Spenden-Kalkulation-Schwimmer'!$Z$4:$Z$103,0)) -> #REF! | S7: =LARGE('Spenden-Kalkulation-Schwimmer'!$Z$4:$Z$103,ROWS('Spenden-Kalkulation-Schwimmer'!Z$4:Z6)) -> #REF!
A8: =INDEX('Spenden-Kalkulation-Schwimmer'!$H$4:$H$103,MATCH(LARGE('Spenden-Kalkulation-Schwimmer'!$L$4:$L$103,ROWS('Spenden-Kalkulation-Schwimmer'!$H$4:H7)),'Spenden-Kalkulation-Schwimmer'!$L$4:$L$103,0)) -> #REF! | B8: =INDEX('Spenden-Kalkulation-Schwimmer'!$I$4:$I$103,MATCH(LARGE('Spenden-Kalkulation-Schwimmer'!$L$4:$L$103,ROWS('Spenden-Kalkulation-Schwimmer'!$I$4:I7)),'Spenden-Kalkulation-Schwimmer'!$L$4:$L$103,0)) -> #REF! | C8: =INDEX('Spenden-Kalkulation-Schwimmer'!$J$4:$J$103,MATCH(LARGE('Spenden-Kalkulation-Schwimmer'!$L$4:$L$103,ROWS('Spenden-Kalkulation-Schwimmer'!$J$4:J7)),'Spenden-Kalkulation-Schwimmer'!$L$4:$L$103,0)) -> #REF! | D8: =INDEX('Spenden-Kalkulation-Schwimmer'!$K$4:$K$103,MATCH(LARGE('Spenden-Kalkulation-Schwimmer'!$L$4:$L$103,ROWS('Spenden-Kalkulation-Schwimmer'!$K$4:K7)),'Spenden-Kalkulation-Schwimmer'!$L$4:$L$103,0)) -> #REF! | E8: =LARGE('Spenden-Kalkulation-Schwimmer'!$L$4:$L$103,ROWS('Spenden-Kalkulation-Schwimmer'!L$4:L7)) -> #REF! | H8: =INDEX('Spenden-Kalkulation-Schwimmer'!$O$4:$O$103,MATCH(LARGE('Spenden-Kalkulation-Schwimmer'!$S$4:$S$103,ROWS('Spenden-Kalkulation-Schwimmer'!$O$4:O7)),'Spenden-Kalkulation-Schwimmer'!$S$4:$S$103,0)) -> #REF! | I8: =INDEX('Spenden-Kalkulation-Schwimmer'!$P$4:$P$103,MATCH(LARGE('Spenden-Kalkulation-Schwimmer'!$S$4:$S$103,ROWS('Spenden-Kalkulation-Schwimmer'!$P$4:P7)),'Spenden-Kalkulation-Schwimmer'!$S$4:$S$103,0)) -> #REF! | J8: =INDEX('Spenden-Kalkulation-Schwimmer'!$Q$4:$Q$103,MATCH(LARGE('Spenden-Kalkulation-Schwimmer'!$S$4:$S$103,ROWS('Spenden-Kalkulation-Schwimmer'!$Q$4:Q7)),'Spenden-Kalkulation-Schwimmer'!$S$4:$S$103,0)) -> #REF! | K8: =INDEX('Spenden-Kalkulation-Schwimmer'!$R$4:$R$103,MATCH(LARGE('Spenden-Kalkulation-Schwimmer'!$S$4:$S$103,ROWS('Spenden-Kalkulation-Schwimmer'!$R$4:R7)),'Spenden-Kalkulation-Schwimmer'!$S$4:$S$103,0)) -> #REF! | L8: =LARGE('Spenden-Kalkulation-Schwimmer'!$S$4:$S$103,ROWS('Spenden-Kalkulation-Schwimmer'!S$4:S7)) -> #REF! | O8: =INDEX('Spenden-Kalkulation-Schwimmer'!$V$4:$V$103,MATCH(LARGE('Spenden-Kalkulation-Schwimmer'!$Z$4:$Z$103,ROWS('Spenden-Kalkulation-Schwimmer'!$V$4:V7)),'Spenden-Kalkulation-Schwimmer'!$Z$4:$Z$103,0)) -> #REF! | P8: =INDEX('Spenden-Kalkulation-Schwimmer'!$W$4:$W$103,MATCH(LARGE('Spenden-Kalkulation-Schwimmer'!$Z$4:$Z$103,ROWS('Spenden-Kalkulation-Schwimmer'!$W$4:W7)),'Spenden-Kalkulation-Schwimmer'!$Z$4:$Z$103,0)) -> #REF! | Q8: =INDEX('Spenden-Kalkulation-Schwimmer'!$X$4:$X$103,MATCH(LARGE('Spenden-Kalkulation-Schwimmer'!$Z$4:$Z$103,ROWS('Spenden-Kalkulation-Schwimmer'!$X$4:X7)),'Spenden-Kalkulation-Schwimmer'!$Z$4:$Z$103,0)) -> #REF! | R8: =INDEX('Spenden-Kalkulation-Schwimmer'!$Y$4:$Y$103,MATCH(LARGE('Spenden-Kalkulation-Schwimmer'!$Z$4:$Z$103,ROWS('Spenden-Kalkulation-Schwimmer'!$Y$4:Y7)),'Spenden-Kalkulation-Schwimmer'!$Z$4:$Z$103,0)) -> #REF! | S8: =LARGE('Spenden-Kalkulation-Schwimmer'!$Z$4:$Z$103,ROWS('Spenden-Kalkulation-Schwimmer'!Z$4:Z7)) -> #REF!
A9: =INDEX('Spenden-Kalkulation-Schwimmer'!$H$4:$H$103,MATCH(LARGE('Spenden-Kalkulation-Schwimmer'!$L$4:$L$103,ROWS('Spenden-Kalkulation-Schwimmer'!$H$4:H8)),'Spenden-Kalkulation-Schwimmer'!$L$4:$L$103,0)) -> #REF! | B9: =INDEX('Spenden-Kalkulation-Schwimmer'!$I$4:$I$103,MATCH(LARGE('Spenden-Kalkulation-Schwimmer'!$L$4:$L$103,ROWS('Spenden-Kalkulation-Schwimmer'!$I$4:I8)),'Spenden-Kalkulation-Schwimmer'!$L$4:$L$103,0)) -> #REF! | C9: =INDEX('Spenden-Kalkulation-Schwimmer'!$J$4:$J$103,MATCH(LARGE('Spenden-Kalkulation-Schwimmer'!$L$4:$L$103,ROWS('Spenden-Kalkulation-Schwimmer'!$J$4:J8)),'Spenden-Kalkulation-Schwimmer'!$L$4:$L$103,0)) -> #REF! | D9: =INDEX('Spenden-Kalkulation-Schwimmer'!$K$4:$K$103,MATCH(LARGE('Spenden-Kalkulation-Schwimmer'!$L$4:$L$103,ROWS('Spenden-Kalkulation-Schwimmer'!$K$4:K8)),'Spenden-Kalkulation-Schwimmer'!$L$4:$L$103,0)) -> #REF! | E9: =LARGE('Spenden-Kalkulation-Schwimmer'!$L$4:$L$103,ROWS('Spenden-Kalkulation-Schwimmer'!L$4:L8)) -> #REF! | H9: =INDEX('Spenden-Kalkulation-Schwimmer'!$O$4:$O$103,MATCH(LARGE('Spenden-Kalkulation-Schwimmer'!$S$4:$S$103,ROWS('Spenden-Kalkulation-Schwimmer'!$O$4:O8)),'Spenden-Kalkulation-Schwimmer'!$S$4:$S$103,0)) -> #REF! | I9: =INDEX('Spenden-Kalkulation-Schwimmer'!$P$4:$P$103,MATCH(LARGE('Spenden-Kalkulation-Schwimmer'!$S$4:$S$103,ROWS('Spenden-Kalkulation-Schwimmer'!$P$4:P8)),'Spenden-Kalkulation-Schwimmer'!$S$4:$S$103,0)) -> #REF! | J9: =INDEX('Spenden-Kalkulation-Schwimmer'!$Q$4:$Q$103,MATCH(LARGE('Spenden-Kalkulation-Schwimmer'!$S$4:$S$103,ROWS('Spenden-Kalkulation-Schwimmer'!$Q$4:Q8)),'Spenden-Kalkulation-Schwimmer'!$S$4:$S$103,0)) -> #REF! | K9: =INDEX('Spenden-Kalkulation-Schwimmer'!$R$4:$R$103,MATCH(LARGE('Spenden-Kalkulation-Schwimmer'!$S$4:$S$103,ROWS('Spenden-Kalkulation-Schwimmer'!$R$4:R8)),'Spenden-Kalkulation-Schwimmer'!$S$4:$S$103,0)) -> #REF! | L9: =LARGE('Spenden-Kalkulation-Schwimmer'!$S$4:$S$103,ROWS('Spenden-Kalkulation-Schwimmer'!S$4:S8)) -> #REF! | O9: =INDEX('Spenden-Kalkulation-Schwimmer'!$V$4:$V$103,MATCH(LARGE('Spenden-Kalkulation-Schwimmer'!$Z$4:$Z$103,ROWS('Spenden-Kalkulation-Schwimmer'!$V$4:V8)),'Spenden-Kalkulation-Schwimmer'!$Z$4:$Z$103,0)) -> #REF! | P9: =INDEX('Spenden-Kalkulation-Schwimmer'!$W$4:$W$103,MATCH(LARGE('Spenden-Kalkulation-Schwimmer'!$Z$4:$Z$103,ROWS('Spenden-Kalkulation-Schwimmer'!$W$4:W8)),'Spenden-Kalkulation-Schwimmer'!$Z$4:$Z$103,0)) -> #REF! | Q9: =INDEX('Spenden-Kalkulation-Schwimmer'!$X$4:$X$103,MATCH(LARGE('Spenden-Kalkulation-Schwimmer'!$Z$4:$Z$103,ROWS('Spenden-Kalkulation-Schwimmer'!$X$4:X8)),'Spenden-Kalkulation-Schwimmer'!$Z$4:$Z$103,0)) -> #REF! | R9: =INDEX('Spenden-Kalkulation-Schwimmer'!$Y$4:$Y$103,MATCH(LARGE('Spenden-Kalkulation-Schwimmer'!$Z$4:$Z$103,ROWS('Spenden-Kalkulation-Schwimmer'!$Y$4:Y8)),'Spenden-Kalkulation-Schwimmer'!$Z$4:$Z$103,0)) -> #REF! | S9: =LARGE('Spenden-Kalkulation-Schwimmer'!$Z$4:$Z$103,ROWS('Spenden-Kalkulation-Schwimmer'!Z$4:Z8)) -> #REF!
A18: Meiste Bahnen - Mannschaft | H18: Meiste Bahnen pro Mannschaftsmitglied
A19: Nummer | B19: Name | C19: Vormname | D19: Anzahl Mitglieder | E19: Anzahl Bahnen | F19: Spenden Summe | H19: Nummer | I19: Name | J19: Vormname | K19: Anzahl Mitglieder | L19: Bahnen pro Mitglied | M19: Spenden Summe
A20: =INDEX('Stammdaten Teams'!$A$4:$A$102,MATCH(LARGE('Stammdaten Teams'!$E$4:$E$102,ROWS('Stammdaten Teams'!$A$4:A4)),'Stammdaten Teams'!$E$4:$E$102,0)) -> 503 | B20: =INDEX('Stammdaten Teams'!$B$4:$B$102,MATCH(LARGE('Stammdaten Teams'!$E$4:$E$102,ROWS('Stammdaten Teams'!$B$4:B4)),'Stammdaten Teams'!$E$4:$E$102,0)) -> TVV Schwimm | C20: =INDEX('Stammdaten Teams'!$C$4:$C$102,MATCH(LARGE('Stammdaten Teams'!$E$4:$E$102,ROWS('Stammdaten Teams'!$C$4:C4)),'Stammdaten Teams'!$E$4:$E$102,0)) -> Tim Bauer | D20: =INDEX('Stammdaten Teams'!$D$4:$D$102,MATCH(LARGE('Stammdaten Teams'!$E$4:$E$102,ROWS('Stammdaten Teams'!$D$4:D4)),'Stammdaten Teams'!$E$4:$E$102,0)) -> 20 | E20: =LARGE('Stammdaten Teams'!$E$4:$E$102,ROWS('Stammdaten Teams'!E$4:E4)) -> 1266 | F20: =INDEX('Stammdaten Teams'!$G$4:$G$102,MATCH(LARGE('Stammdaten Teams'!$E$4:$E$102,ROWS('Stammdaten Teams'!$G$4:G4)),'Stammdaten Teams'!$E$4:$E$102,0)) -> 633 | H20: =INDEX('Stammdaten Teams'!$A$4:$A$102,MATCH(LARGE('Stammdaten Teams'!$H$4:$H$102,ROWS('Stammdaten Teams'!$A$4:A4)),'Stammdaten Teams'!$H$4:$H$102,0)) -> 503 | I20: =INDEX('Stammdaten Teams'!$B$4:$B$102,MATCH(LARGE('Stammdaten Teams'!$H$4:$H$102,ROWS('Stammdaten Teams'!$B$4:B4)),'Stammdaten Teams'!$H$4:$H$102,0)) -> TVV Schwimm | J20: =INDEX('Stammdaten Teams'!$C$4:$C$102,MATCH(LARGE('Stammdaten Teams'!$H$4:$H$102,ROWS('Stammdaten Teams'!$C$4:C4)),'Stammdaten Teams'!$H$4:$H$102,0)) -> Tim Bauer | K20: =INDEX('Stammdaten Teams'!$D$4:$D$102,MATCH(LARGE('Stammdaten Teams'!$H$4:$H$102,ROWS('Stammdaten Teams'!$D$4:D4)),'Stammdaten Teams'!$H$4:$H$102,0)) -> 20 | L20: =LARGE('Stammdaten Teams'!$H$4:$H$102,ROWS('Stammdaten Teams'!H$4:H4)) -> 63.3 | M20: =INDEX('Stammdaten Teams'!$G$4:$G$102,MATCH(LARGE('Stammdaten Teams'!$H$4:$H$102,ROWS('Stammdaten Teams'!$G$4:G4)),'Stammdaten Teams'!$H$4:$H$102,0)) -> 633
A21: =INDEX('Stammdaten Teams'!$A$4:$A$102,MATCH(LARGE('Stammdaten Teams'!$E$4:$E$102,ROWS('Stammdaten Teams'!$A$4:A5)),'Stammdaten Teams'!$E$4:$E$102,0)) -> 503 | B21: =INDEX('Stammdaten Teams'!$B$4:$B$102,MATCH(LARGE('Stammdaten Teams'!$E$4:$E$102,ROWS('Stammdaten Teams'!$B$4:B5)),'Stammdaten Teams'!$E$4:$E$102,0)) -> TVV Schwimm | C21: =INDEX('Stammdaten Teams'!$C$4:$C$102,MATCH(LARGE('Stammdaten Teams'!$E$4:$E$102,ROWS('Stammdaten Teams'!$C$4:C5)),'Stammdaten Teams'!$E$4:$E$102,0)) -> Tim Bauer | D21: =INDEX('Stammdaten Teams'!$D$4:$D$102,MATCH(LARGE('Stammdaten Teams'!$E$4:$E$102,ROWS('Stammdaten Teams'!$D$4:D5)),'Stammdaten Teams'!$E$4:$E$102,0)) -> 20 | E21: =LARGE('Stammdaten Teams'!$E$4:$E$102,ROWS('Stammdaten Teams'!E$4:E5)) -> 1266 | F21: =INDEX('Stammdaten Teams'!$G$4:$G$102,MATCH(LARGE('Stammdaten Teams'!$E$4:$E$102,ROWS('Stammdaten Teams'!$G$4:G5)),'Stammdaten Teams'!$E$4:$E$102,0)) -> 633 | H21: =INDEX('Stammdaten Teams'!$A$4:$A$102,MATCH(LARGE('Stammdaten Teams'!$H$4:$H$102,ROWS('Stammdaten Teams'!$A$4:A5)),'Stammdaten Teams'!$H$4:$H$102,0)) -> 503 | I21: =INDEX('Stammdaten Teams'!$B$4:$B$102,MATCH(LARGE('Stammdaten Teams'!$H$4:$H$102,ROWS('Stammdaten Teams'!$B$4:B5)),'Stammdaten Teams'!$H$4:$H$102,0)) -> TVV Schwimm | J21: =INDEX('Stammdaten Teams'!$C$4:$C$102,MATCH(LARGE('Stammdaten Teams'!$H$4:$H$102,ROWS('Stammdaten Teams'!$C$4:C5)),'Stammdaten Teams'!$H$4:$H$102,0)) -> Tim Bauer | K21: =INDEX('Stammdaten Teams'!$D$4:$D$102,MATCH(LARGE('Stammdaten Teams'!$H$4:$H$102,ROWS('Stammdaten Teams'!$D$4:D5)),'Stammdaten Teams'!$H$4:$H$102,0)) -> 20 | L21: =LARGE('Stammdaten Teams'!$H$4:$H$102,ROWS('Stammdaten Teams'!H$4:H5)) -> 63.3 | M21: =INDEX('Stammdaten Teams'!$G$4:$G$102,MATCH(LARGE('Stammdaten Teams'!$H$4:$H$102,ROWS('Stammdaten Teams'!$G$4:G5)),'Stammdaten Teams'!$H$4:$H$102,0)) -> 633
A22: =INDEX('Stammdaten Teams'!$A$4:$A$102,MATCH(LARGE('Stammdaten Teams'!$E$4:$E$102,ROWS('Stammdaten Teams'!$A$4:A6)),'Stammdaten Teams'!$E$4:$E$102,0)) -> 502 | B22: =INDEX('Stammdaten Teams'!$B$4:$B$102,MATCH(LARGE('Stammdaten Teams'!$E$4:$E$102,ROWS('Stammdaten Teams'!$B$4:B6)),'Stammdaten Teams'!$E$4:$E$102,0)) -> DLRG | C22: =INDEX('Stammdaten Teams'!$C$4:$C$102,MATCH(LARGE('Stammdaten Teams'!$E$4:$E$102,ROWS('Stammdaten Teams'!$C$4:C6)),'Stammdaten Teams'!$E$4:$E$102,0)) -> Thomas Schmid | D22: =INDEX('Stammdaten Teams'!$D$4:$D$102,MATCH(LARGE('Stammdaten Teams'!$E$4:$E$102,ROWS('Stammdaten Teams'!$D$4:D6)),'Stammdaten Teams'!$E$4:$E$102,0)) -> 16 | E22: =LARGE('Stammdaten Teams'!$E$4:$E$102,ROWS('Stammdaten Teams'!E$4:E6)) -> 769 | F22: =INDEX('Stammdaten Teams'!$G$4:$G$102,MATCH(LARGE('Stammdaten Teams'!$E$4:$E$102,ROWS('Stammdaten Teams'!$G$4:G6)),'Stammdaten Teams'!$E$4:$E$102,0)) -> 384.5 | H22: =INDEX('Stammdaten Teams'!$A$4:$A$102,MATCH(LARGE('Stammdaten Teams'!$H$4:$H$102,ROWS('Stammdaten Teams'!$A$4:A6)),'Stammdaten Teams'!$H$4:$H$102,0)) -> 505 | I22: =INDEX('Stammdaten Teams'!$B$4:$B$102,MATCH(LARGE('Stammdaten Teams'!$H$4:$H$102,ROWS('Stammdaten Teams'!$B$4:B6)),'Stammdaten Teams'!$H$4:$H$102,0)) -> Kanu Klub | J22: =INDEX('Stammdaten Teams'!$C$4:$C$102,MATCH(LARGE('Stammdaten Teams'!$H$4:$H$102,ROWS('Stammdaten Teams'!$C$4:C6)),'Stammdaten Teams'!$H$4:$H$102,0)) -> Michael Fischer | K22: =INDEX('Stammdaten Teams'!$D$4:$D$102,MATCH(LARGE('Stammdaten Teams'!$H$4:$H$102,ROWS('Stammdaten Teams'!$D$4:D6)),'Stammdaten Teams'!$H$4:$H$102,0)) -> 3 | L22: =LARGE('Stammdaten Teams'!$H$4:$H$102,ROWS('Stammdaten Teams'!H$4:H6)) -> 53 | M22: =INDEX('Stammdaten Teams'!$G$4:$G$102,MATCH(LARGE('Stammdaten Teams'!$H$4:$H$102,ROWS('Stammdaten Teams'!$G$4:G6)),'Stammdaten Teams'!$H$4:$H$102,0)) -> 79.5
A23: =INDEX('Stammdaten Teams'!$A$4:$A$102,MATCH(LARGE('Stammdaten Teams'!$E$4:$E$102,ROWS('Stammdaten Teams'!$A$4:A7)),'Stammdaten Teams'!$E$4:$E$102,0)) -> 502 | B23: =INDEX('Stammdaten Teams'!$B$4:$B$102,MATCH(LARGE('Stammdaten Teams'!$E$4:$E$102,ROWS('Stammdaten Teams'!$B$4:B7)),'Stammdaten Teams'!$E$4:$E$102,0)) -> DLRG | C23: =INDEX('Stammdaten Teams'!$C$4:$C$102,MATCH(LARGE('Stammdaten Teams'!$E$4:$E$102,ROWS('Stammdaten Teams'!$C$4:C7)),'Stammdaten Teams'!$E$4:$E$102,0)) -> Thomas Schmid | D23: =INDEX('Stammdaten Teams'!$D$4:$D$102,MATCH(LARGE('Stammdaten Teams'!$E$4:$E$102,ROWS('Stammdaten Teams'!$D$4:D7)),'Stammdaten Teams'!$E$4:$E$102,0)) -> 16 | E23: =LARGE('Stammdaten Teams'!$E$4:$E$102,ROWS('Stammdaten Teams'!E$4:E7)) -> 769 | F23: =INDEX('Stammdaten Teams'!$G$4:$G$102,MATCH(LARGE('Stammdaten Teams'!$E$4:$E$102,ROWS('Stammdaten Teams'!$G$4:G7)),'Stammdaten Teams'!$E$4:$E$102,0)) -> 384.5 | H23: =INDEX('Stammdaten Teams'!$A$4:$A$102,MATCH(LARGE('Stammdaten Teams'!$H$4:$H$102,ROWS('Stammdaten Teams'!$A$4:A7)),'Stammdaten Teams'!$H$4:$H$102,0)) -> 505 | I23: =INDEX('Stammdaten Teams'!$B$4:$B$102,MATCH(LARGE('Stammdaten Teams'!$H$4:$H$102,ROWS('Stammdaten Teams'!$B$4:B7)),'Stammdaten Teams'!$H$4:$H$102,0)) -> Kanu Klub | J23: =INDEX('Stammdaten Teams'!$C$4:$C$102,MATCH(LARGE('Stammdaten Teams'!$H$4:$H$102,ROWS('Stammdaten Teams'!$C$4:C7)),'Stammdaten Teams'!$H$4:$H$102,0)) -> Michael Fischer | K23: =INDEX('Stammdaten Teams'!$D$4:$D$102,MATCH(LARGE('Stammdaten Teams'!$H$4:$H$102,ROWS('Stammdaten Teams'!$D$4:D7)),'Stammdaten Teams'!$H$4:$H$102,0)) -> 3 | L23: =LARGE('Stammdaten Teams'!$H$4:$H$102,ROWS('Stammdaten Teams'!H$4:H7)) -> 53 | M23: =INDEX('Stammdaten Teams'!$G$4:$G$102,MATCH(LARGE('Stammdaten Teams'!$H$4:$H$102,ROWS('Stammdaten Teams'!$G$4:G7)),'Stammdaten Teams'!$H$4:$H$102,0)) -> 79.5
A24: =INDEX('Stammdaten Teams'!$A$4:$A$102,MATCH(LARGE('Stammdaten Teams'!$E$4:$E$102,ROWS('Stammdaten Teams'!$A$4:A8)),'Stammdaten Teams'!$E$4:$E$102,0)) -> 504 | B24: =INDEX('Stammdaten Teams'!$B$4:$B$102,MATCH(LARGE('Stammdaten Teams'!$E$4:$E$102,ROWS('Stammdaten Teams'!$B$4:B8)),'Stammdaten Teams'!$E$4:$E$102,0)) -> Schildkröten | C24: =INDEX('Stammdaten Teams'!$C$4:$C$102,MATCH(LARGE('Stammdaten Teams'!$E$4:$E$102,ROWS('Stammdaten Teams'!$C$4:C8)),'Stammdaten Teams'!$E$4:$E$102,0)) -> Symmetree GmbH | D24: =INDEX('Stammdaten Teams'!$D$4:$D$102,MATCH(LARGE('Stammdaten Teams'!$E$4:$E$102,ROWS('Stammdaten Teams'!$D$4:D8)),'Stammdaten Teams'!$E$4:$E$102,0)) -> 6 | E24: =LARGE('Stammdaten Teams'!$E$4:$E$102,ROWS('Stammdaten Teams'!E$4:E8)) -> 254 | F24: =INDEX('Stammdaten Teams'!$G$4:$G$102,MATCH(LARGE('Stammdaten Teams'!$E$4:$E$102,ROWS('Stammdaten Teams'!$G$4:G8)),'Stammdaten Teams'!$E$4:$E$102,0)) -> 127 | H24: =INDEX('Stammdaten Teams'!$A$4:$A$102,MATCH(LARGE('Stammdaten Teams'!$H$4:$H$102,ROWS('Stammdaten Teams'!$A$4:A8)),'Stammdaten Teams'!$H$4:$H$102,0)) -> 502 | I24: =INDEX('Stammdaten Teams'!$B$4:$B$102,MATCH(LARGE('Stammdaten Teams'!$H$4:$H$102,ROWS('Stammdaten Teams'!$B$4:B8)),'Stammdaten Teams'!$H$4:$H$102,0)) -> DLRG | J24: =INDEX('Stammdaten Teams'!$C$4:$C$102,MATCH(LARGE('Stammdaten Teams'!$H$4:$H$102,ROWS('Stammdaten Teams'!$C$4:C8)),'Stammdaten Teams'!$H$4:$H$102,0)) -> Thomas Schmid | K24: =INDEX('Stammdaten Teams'!$D$4:$D$102,MATCH(LARGE('Stammdaten Teams'!$H$4:$H$102,ROWS('Stammdaten Teams'!$D$4:D8)),'Stammdaten Teams'!$H$4:$H$102,0)) -> 16 | L24: =LARGE('Stammdaten Teams'!$H$4:$H$102,ROWS('Stammdaten Teams'!H$4:H8)) -> 48.0625 | M24: =INDEX('Stammdaten Teams'!$G$4:$G$102,MATCH(LARGE('Stammdaten Teams'!$H$4:$H$102,ROWS('Stammdaten Teams'!$G$4:G8)),'Stammdaten Teams'!$H$4:$H$102,0)) -> 384.5
T29: =#REF! -> #REF!
T30: ='Spenden-Kalkulation-Schwimmer'!D8 -> 92.5
A31: Jüngsten Schwimmer | H31: Ältesten Schwimmer
A32: Schwimmer Nummer | B32: Name | C32: Vormname | D32: Geburtstag | E32: Spenden Summe | F32: Anzahl Bahnen | H32: Nummer | I32: Name | J32: Vormname | K32: Geburtstag | L32: Spenden Summe | M32: Anzahl Bahnen
A33: =INDEX('Stammdaten - Schwimmer'!$A$4:$A$99,MATCH(LARGE('Stammdaten - Schwimmer'!$D$4:$D$99,ROWS(#REF!)),'Stammdaten - Schwimmer'!$D$4:$D$99,0)) -> #REF! | B33: =INDEX('Stammdaten - Schwimmer'!$B$4:$B$99,MATCH(LARGE('Stammdaten - Schwimmer'!$D$4:$D$99,ROWS(#REF!)),'Stammdaten - Schwimmer'!$D$4:$D$99,0)) -> #REF! | C33: =INDEX('Stammdaten - Schwimmer'!$C$4:$C$99,MATCH(LARGE('Stammdaten - Schwimmer'!$D$4:$D$99,ROWS(#REF!)),'Stammdaten - Schwimmer'!$D$4:$D$99,0)) -> #REF! | D33: =LARGE('Stammdaten - Schwimmer'!$D$4:$D$99,ROWS(#REF!)) -> #REF! | E33: =INDEX('Spenden-Kalkulation-Schwimmer'!$D$4:$D$103,MATCH(LARGE('Stammdaten - Schwimmer'!$D$4:$D$99,ROWS('Spenden-Kalkulation-Schwimmer'!$D$4:D4)),'Stammdaten - Schwimmer'!$D$4:$D$99,0)) -> 35 | F33: =INDEX('Stammdaten - Schwimmer'!$F$4:$F$99,MATCH(LARGE('Stammdaten - Schwimmer'!$D$4:$D$99,ROWS(#REF!)),'Stammdaten - Schwimmer'!$D$4:$D$99,0)) -> #REF! | H33: =INDEX('Stammdaten - Schwimmer'!$A$4:$A$99,MATCH(SMALL('Stammdaten - Schwimmer'!$D$4:$D$99,ROWS(#REF!)),'Stammdaten - Schwimmer'!$D$4:$D$99,0)) -> #REF! | I33: =INDEX('Stammdaten - Schwimmer'!$B$4:$B$99,MATCH(SMALL('Stammdaten - Schwimmer'!$D$4:$D$99,ROWS(#REF!)),'Stammdaten - Schwimmer'!$D$4:$D$99,0)) -> #REF! | J33: =INDEX('Stammdaten - Schwimmer'!$C$4:$C$99,MATCH(SMALL('Stammdaten - Schwimmer'!$D$4:$D$99,ROWS(#REF!)),'Stammdaten - Schwimmer'!$D$4:$D$99,0)) -> #REF! | K33: =SMALL('Stammdaten - Schwimmer'!$D$4:$D$99,ROWS(#REF!)) -> #REF! | L33: =INDEX('Spenden-Kalkulation-Schwimmer'!$D$4:$D$103,MATCH(SMALL('Stammdaten - Schwimmer'!$D$4:$D$99,ROWS('Spenden-Kalkulation-Schwimmer'!$D$4:D4)),'Stammdaten - Schwimmer'!$D$4:$D$99,0)) -> 60 | M33: =INDEX('Stammdaten - Schwimmer'!$F$4:$F$99,MATCH(SMALL('Stammdaten - Schwimmer'!$D$4:$D$99,ROWS(#REF!)),'Stammdaten - Schwimmer'!$D$4:$D$99,0)) -> #REF!
A34: =INDEX('Stammdaten - Schwimmer'!$A$4:$A$99,MATCH(LARGE('Stammdaten - Schwimmer'!$D$4:$D$99,ROWS('Stammdaten - Schwimmer'!$A$4:A4)),'Stammdaten - Schwimmer'!$D$4:$D$99,0)) -> 7 | B34: =INDEX('Stammdaten - Schwimmer'!$B$4:$B$99,MATCH(LARGE('Stammdaten - Schwimmer'!$D$4:$D$99,ROWS('Stammdaten - Schwimmer'!$B$4:B4)),'Stammdaten - Schwimmer'!$D$4:$D$99,0)) -> Gessler | C34: =INDEX('Stammdaten - Schwimmer'!$C$4:$C$99,MATCH(LARGE('Stammdaten - Schwimmer'!$D$4:$D$99,ROWS('Stammdaten - Schwimmer'!$C$4:C4)),'Stammdaten - Schwimmer'!$D$4:$D$99,0)) -> Anna | D34: =LARGE('Stammdaten - Schwimmer'!$D$4:$D$99,ROWS('Stammdaten - Schwimmer'!D$4:D4)) -> 43707 | E34: =INDEX('Spenden-Kalkulation-Schwimmer'!$D$4:$D$103,MATCH(LARGE('Stammdaten - Schwimmer'!$D$4:$D$99,ROWS('Spenden-Kalkulation-Schwimmer'!$D$4:D5)),'Stammdaten - Schwimmer'!$D$4:$D$99,0)) -> 25 | F34: =INDEX('Stammdaten - Schwimmer'!$F$4:$F$99,MATCH(LARGE('Stammdaten - Schwimmer'!$D$4:$D$99,ROWS('Stammdaten - Schwimmer'!$F$4:F4)),'Stammdaten - Schwimmer'!$D$4:$D$99,0)) -> 7 | H34: =INDEX('Stammdaten - Schwimmer'!$A$4:$A$99,MATCH(SMALL('Stammdaten - Schwimmer'!$D$4:$D$99,ROWS('Stammdaten - Schwimmer'!$A$4:A4)),'Stammdaten - Schwimmer'!$D$4:$D$99,0)) -> 67 | I34: =INDEX('Stammdaten - Schwimmer'!$B$4:$B$99,MATCH(SMALL('Stammdaten - Schwimmer'!$D$4:$D$99,ROWS('Stammdaten - Schwimmer'!$B$4:B4)),'Stammdaten - Schwimmer'!$D$4:$D$99,0)) -> Siebert-Rieger | J34: =INDEX('Stammdaten - Schwimmer'!$C$4:$C$99,MATCH(SMALL('Stammdaten - Schwimmer'!$D$4:$D$99,ROWS('Stammdaten - Schwimmer'!$C$4:C4)),'Stammdaten - Schwimmer'!$D$4:$D$99,0)) -> Annegret | K34: =SMALL('Stammdaten - Schwimmer'!$D$4:$D$99,ROWS('Stammdaten - Schwimmer'!D$4:D4)) -> 19107 | L34: =INDEX('Spenden-Kalkulation-Schwimmer'!$D$4:$D$103,MATCH(SMALL('Stammdaten - Schwimmer'!$D$4:$D$99,ROWS('Spenden-Kalkulation-Schwimmer'!$D$4:D5)),'Stammdaten - Schwimmer'!$D$4:$D$99,0)) -> 12 | M34: =INDEX('Stammdaten - Schwimmer'!$F$4:$F$99,MATCH(SMALL('Stammdaten - Schwimmer'!$D$4:$D$99,ROWS('Stammdaten - Schwimmer'!$F$4:F4)),'Stammdaten - Schwimmer'!$D$4:$D$99,0)) -> 20
A35: =INDEX('Stammdaten - Schwimmer'!$A$4:$A$99,MATCH(LARGE('Stammdaten - Schwimmer'!$D$4:$D$99,ROWS('Stammdaten - Schwimmer'!$A$4:A5)),'Stammdaten - Schwimmer'!$D$4:$D$99,0)) -> 30 | B35: =INDEX('Stammdaten - Schwimmer'!$B$4:$B$99,MATCH(LARGE('Stammdaten - Schwimmer'!$D$4:$D$99,ROWS('Stammdaten - Schwimmer'!$B$4:B5)),'Stammdaten - Schwimmer'!$D$4:$D$99,0)) -> Kombacher | C35: =INDEX('Stammdaten - Schwimmer'!$C$4:$C$99,MATCH(LARGE('Stammdaten - Schwimmer'!$D$4:$D$99,ROWS('Stammdaten - Schwimmer'!$C$4:C5)),'Stammdaten - Schwimmer'!$D$4:$D$99,0)) -> Mia | D35: =LARGE('Stammdaten - Schwimmer'!$D$4:$D$99,ROWS('Stammdaten - Schwimmer'!D$4:D5)) -> 43635 | E35: =INDEX('Spenden-Kalkulation-Schwimmer'!$D$4:$D$103,MATCH(LARGE('Stammdaten - Schwimmer'!$D$4:$D$99,ROWS('Spenden-Kalkulation-Schwimmer'!$D$4:D6)),'Stammdaten - Schwimmer'!$D$4:$D$99,0)) -> 25 | F35: =INDEX('Stammdaten - Schwimmer'!$F$4:$F$99,MATCH(LARGE('Stammdaten - Schwimmer'!$D$4:$D$99,ROWS('Stammdaten - Schwimmer'!$F$4:F5)),'Stammdaten - Schwimmer'!$D$4:$D$99,0)) -> 0 | H35: =INDEX('Stammdaten - Schwimmer'!$A$4:$A$99,MATCH(SMALL('Stammdaten - Schwimmer'!$D$4:$D$99,ROWS('Stammdaten - Schwimmer'!$A$4:A5)),'Stammdaten - Schwimmer'!$D$4:$D$99,0)) -> 4 | I35: =INDEX('Stammdaten - Schwimmer'!$B$4:$B$99,MATCH(SMALL('Stammdaten - Schwimmer'!$D$4:$D$99,ROWS('Stammdaten - Schwimmer'!$B$4:B5)),'Stammdaten - Schwimmer'!$D$4:$D$99,0)) -> Schwenk-Fischer | J35: =INDEX('Stammdaten - Schwimmer'!$C$4:$C$99,MATCH(SMALL('Stammdaten - Schwimmer'!$D$4:$D$99,ROWS('Stammdaten - Schwimmer'!$C$4:C5)),'Stammdaten - Schwimmer'!$D$4:$D$99,0)) -> Eva | K35: =SMALL('Stammdaten - Schwimmer'!$D$4:$D$99,ROWS('Stammdaten - Schwimmer'!D$4:D5)) -> 20973 | L35: =INDEX('Spenden-Kalkulation-Schwimmer'!$D$4:$D$103,MATCH(SMALL('Stammdaten - Schwimmer'!$D$4:$D$99,ROWS('Spenden-Kalkulation-Schwimmer'!$D$4:D6)),'Stammdaten - Schwimmer'!$D$4:$D$99,0)) -> 11 | M35: =INDEX('Stammdaten - Schwimmer'!$F$4:$F$99,MATCH(SMALL('Stammdaten - Schwimmer'!$D$4:$D$99,ROWS('Stammdaten - Schwimmer'!$F$4:F5)),'Stammdaten - Schwimmer'!$D$4:$D$99,0)) -> 35
A36: =INDEX('Stammdaten - Schwimmer'!$A$4:$A$99,MATCH(LARGE('Stammdaten - Schwimmer'!$D$4:$D$99,ROWS('Stammdaten - Schwimmer'!$A$4:A6)),'Stammdaten - Schwimmer'!$D$4:$D$99,0)) -> 16 | B36: =INDEX('Stammdaten - Schwimmer'!$B$4:$B$99,MATCH(LARGE('Stammdaten - Schwimmer'!$D$4:$D$99,ROWS('Stammdaten - Schwimmer'!$B$4:B6)),'Stammdaten - Schwimmer'!$D$4:$D$99,0)) -> Strobel | C36: =INDEX('Stammdaten - Schwimmer'!$C$4:$C$99,MATCH(LARGE('Stammdaten - Schwimmer'!$D$4:$D$99,ROWS('Stammdaten - Schwimmer'!$C$4:C6)),'Stammdaten - Schwimmer'!$D$4:$D$99,0)) -> Liana | D36: =LARGE('Stammdaten - Schwimmer'!$D$4:$D$99,ROWS('Stammdaten - Schwimmer'!D$4:D6)) -> 42732 | E36: =INDEX('Spenden-Kalkulation-Schwimmer'!$D$4:$D$103,MATCH(LARGE('Stammdaten - Schwimmer'!$D$4:$D$99,ROWS('Spenden-Kalkulation-Schwimmer'!$D$4:D7)),'Stammdaten - Schwimmer'!$D$4:$D$99,0)) -> 35 | F36: =INDEX('Stammdaten - Schwimmer'!$F$4:$F$99,MATCH(LARGE('Stammdaten - Schwimmer'!$D$4:$D$99,ROWS('Stammdaten - Schwimmer'!$F$4:F6)),'Stammdaten - Schwimmer'!$D$4:$D$99,0)) -> 68 | H36: =INDEX('Stammdaten - Schwimmer'!$A$4:$A$99,MATCH(SMALL('Stammdaten - Schwimmer'!$D$4:$D$99,ROWS('Stammdaten - Schwimmer'!$A$4:A6)),'Stammdaten - Schwimmer'!$D$4:$D$99,0)) -> 25 | I36: =INDEX('Stammdaten - Schwimmer'!$B$4:$B$99,MATCH(SMALL('Stammdaten - Schwimmer'!$D$4:$D$99,ROWS('Stammdaten - Schwimmer'!$B$4:B6)),'Stammdaten - Schwimmer'!$D$4:$D$99,0)) -> Sure | J36: =INDEX('Stammdaten - Schwimmer'!$C$4:$C$99,MATCH(SMALL('Stammdaten - Schwimmer'!$D$4:$D$99,ROWS('Stammdaten - Schwimmer'!$C$4:C6)),'Stammdaten - Schwimmer'!$D$4:$D$99,0)) -> Doris | K36: =SMALL('Stammdaten - Schwimmer'!$D$4:$D$99,ROWS('Stammdaten - Schwimmer'!D$4:D6)) -> 22857 | L36: =INDEX('Spenden-Kalkulation-Schwimmer'!$D$4:$D$103,MATCH(SMALL('Stammdaten - Schwimmer'!$D$4:$D$99,ROWS('Spenden-Kalkulation-Schwimmer'!$D$4:D7)),'Stammdaten - Schwimmer'!$D$4:$D$99,0)) -> 34 | M36: =INDEX('Stammdaten - Schwimmer'!$F$4:$F$99,MATCH(SMALL('Stammdaten - Schwimmer'!$D$4:$D$99,ROWS('Stammdaten - Schwimmer'!$F$4:F6)),'Stammdaten - Schwimmer'!$D$4:$D$99,0)) -> 22
A37: =INDEX('Stammdaten - Schwimmer'!$A$4:$A$99,MATCH(LARGE('Stammdaten - Schwimmer'!$D$4:$D$99,ROWS('Stammdaten - Schwimmer'!$A$4:A7)),'Stammdaten - Schwimmer'!$D$4:$D$99,0)) -> 51 | B37: =INDEX('Stammdaten - Schwimmer'!$B$4:$B$99,MATCH(LARGE('Stammdaten - Schwimmer'!$D$4:$D$99,ROWS('Stammdaten - Schwimmer'!$B$4:B7)),'Stammdaten - Schwimmer'!$D$4:$D$99,0)) -> Warga | C37: =INDEX('Stammdaten - Schwimmer'!$C$4:$C$99,MATCH(LARGE('Stammdaten - Schwimmer'!$D$4:$D$99,ROWS('Stammdaten - Schwimmer'!$C$4:C7)),'Stammdaten - Schwimmer'!$D$4:$D$99,0)) -> Eva | D37: =LARGE('Stammdaten - Schwimmer'!$D$4:$D$99,ROWS('Stammdaten - Schwimmer'!D$4:D7)) -> 42629 | E37: =INDEX('Spenden-Kalkulation-Schwimmer'!$D$4:$D$103,MATCH(LARGE('Stammdaten - Schwimmer'!$D$4:$D$99,ROWS('Spenden-Kalkulation-Schwimmer'!$D$4:D8)),'Stammdaten - Schwimmer'!$D$4:$D$99,0)) -> 20 | F37: =INDEX('Stammdaten - Schwimmer'!$F$4:$F$99,MATCH(LARGE('Stammdaten - Schwimmer'!$D$4:$D$99,ROWS('Stammdaten - Schwimmer'!$F$4:F7)),'Stammdaten - Schwimmer'!$D$4:$D$99,0)) -> 108 | H37: =INDEX('Stammdaten - Schwimmer'!$A$4:$A$99,MATCH(SMALL('Stammdaten - Schwimmer'!$D$4:$D$99,ROWS('Stammdaten - Schwimmer'!$A$4:A7)),'Stammdaten - Schwimmer'!$D$4:$D$99,0)) -> 20 | I37: =INDEX('Stammdaten - Schwimmer'!$B$4:$B$99,MATCH(SMALL('Stammdaten - Schwimmer'!$D$4:$D$99,ROWS('Stammdaten - Schwimmer'!$B$4:B7)),'Stammdaten - Schwimmer'!$D$4:$D$99,0)) -> Winkler | J37: =INDEX('Stammdaten - Schwimmer'!$C$4:$C$99,MATCH(SMALL('Stammdaten - Schwimmer'!$D$4:$D$99,ROWS('Stammdaten - Schwimmer'!$C$4:C7)),'Stammdaten - Schwimmer'!$D$4:$D$99,0)) -> Anette | K37: =SMALL('Stammdaten - Schwimmer'!$D$4:$D$99,ROWS('Stammdaten - Schwimmer'!D$4:D7)) -> 22984 | L37: =INDEX('Spenden-Kalkulation-Schwimmer'!$D$4:$D$103,MATCH(SMALL('Stammdaten - Schwimmer'!$D$4:$D$99,ROWS('Spenden-Kalkulation-Schwimmer'!$D$4:D8)),'Stammdaten - Schwimmer'!$D$4:$D$99,0)) -> 108 | M37: =INDEX('Stammdaten - Schwimmer'!$F$4:$F$99,MATCH(SMALL('Stammdaten - Schwimmer'!$D$4:$D$99,ROWS('Stammdaten - Schwimmer'!$F$4:F7)),'Stammdaten - Schwimmer'!$D$4:$D$99,0)) -> 30

Sheet Spenden-Kalkulation-Schwimmer
A1: Nach Schwimmer Gesamt
H2: Nach Schwimmer - Kategorie unter 14 | O2: Nach Schwimmer - Kategorie 14-17 Jahre | V2: Nach Schwimmer - Erwachsene
A3: Nummer | B3: Name | C3: Vormname | D3: Spenden Summe | E3: Anzahl Bahnen | H3: Nummer | I3: Name | J3: Vormname | K3: Spenden Summe | L3: Anzahl Bahnen | O3: Nummer | P3: Name | Q3: Vormname | R3: Spenden Summe | S3: Anzahl Bahnen | T3: Rang | V3: Nummer | W3: Name | X3: Vormname | Y3: Spenden Summe | Z3: Anzahl Bahnen
A4: =#REF! -> #REF! | B4: =#REF! -> #REF! | C4: =#REF! -> #REF! | D4: =#REF!+#REF!+#REF!+#REF!+'Stammdaten - Schwimmer'!Z4 -> #REF! | E4: =#REF! -> #REF! | H4: =IF(#REF!>DATE(2011,7,20),A4,) -> #REF! | I4: =IF(#REF!>DATE(2011,7,20),B4,) -> #REF! | J4: =IF(#REF!>DATE(2011,7,20),C4,) -> #REF! | K4: =IF(#REF!>DATE(2011,7,20),D4,) -> #REF! | L4: =IF(#REF!>DATE(2011,7,20),#REF!,) -> #REF! | M4: =_xlfn.RANK.EQ(L4,L$4:L$103,0) -> #REF! | O4: =IF(AND(#REF!<DATE(2011,7,20),#REF!>DATE(2007,7,19)),A4,) -> #REF! | P4: =IF(AND(#REF!<DATE(2011,7,20),#REF!>DATE(2007,7,19)),B4,) -> #REF! | Q4: =IF(AND(#REF!<DATE(2011,7,20),#REF!>DATE(2007,7,19)),C4,) -> #REF! | R4: =IF(AND(#REF!<DATE(2011,7,20),#REF!>DATE(2007,7,19)),D4,) -> #REF! | S4: =IF(AND(#REF!<DATE(2011,7,20),#REF!>DATE(2007,7,19)),#REF!,) -> #REF! | T4: =_xlfn.RANK.EQ(S4,S$4:S$103,0) -> #REF! | V4: =IF(#REF!<DATE(2007,7,20),A4,) -> #REF! | W4: =IF(#REF!<DATE(2007,7,20),B4,) -> #REF! | X4: =IF(#REF!<DATE(2007,7,20),C4,) -> #REF! | Y4: =IF(#REF!<DATE(2007,7,20),D4,) -> #REF! | Z4: =IF(#REF!<DATE(2007,7,20),#REF!,) -> #REF! | AA4: =_xlfn.RANK.EQ(Z4,Z$4:Z$103,0) -> #REF!
A5: ='Stammdaten - Schwimmer'!A4 -> 2 | B5: ='Stammdaten - Schwimmer'!B4 -> Grambow | C5: ='Stammdaten - Schwimmer'!C4 -> Kerstin | D5: ='stammdaten - schwimmer'!#ref!+'stammdaten - schwimmer'!#ref!+'Stammdaten - Schwimmer'!R4+'Stammdaten - Schwimmer'!V4+'Stammdaten - Schwimmer'!Z5 -> #VALUE! | E5: ='stammdaten - schwimmer'!#ref! -> #VALUE! | H5: =IF('stammdaten - schwimmer'!#ref!>DATE(2011,7,20),A5,) -> #VALUE! | I5: =IF('stammdaten - schwimmer'!#ref!>DATE(2011,7,20),B5,) -> #VALUE! | J5: =IF('stammdaten - schwimmer'!#ref!>DATE(2011,7,20),C5,) -> #VALUE! | K5: =IF('stammdaten - schwimmer'!#ref!>DATE(2011,7,20),D5,) -> #VALUE! | L5: =IF('stammdaten - schwimmer'!#ref!>DATE(2011,7,20),'stammdaten - schwimmer'!#ref!,) -> #VALUE! | M5: =_xlfn.RANK.EQ(L5,L$4:L$103,0) -> #REF! | O5: =IF(AND('stammdaten - schwimmer'!#ref!<DATE(2011,7,20),'stammdaten - schwimmer'!#ref!>DATE(2007,7,19)),A5,) -> #VALUE! | P5: =IF(AND('stammdaten - schwimmer'!#ref!<DATE(2011,7,20),'stammdaten - schwimmer'!#ref!>DATE(2007,7,19)),B5,) -> #VALUE! | Q5: =IF(AND('stammdaten - schwimmer'!#ref!<DATE(2011,7,20),'stammdaten - schwimmer'!#ref!>DATE(2007,7,19)),C5,) -> #VALUE! | R5: =IF(AND('stammdaten - schwimmer'!#ref!<DATE(2011,7,20),'stammdaten - schwimmer'!#ref!>DATE(2007,7,19)),D5,) -> #VALUE! | S5: =IF(AND('stammdaten - schwimmer'!#ref!<DATE(2011,7,20),'stammdaten - schwimmer'!#ref!>DATE(2007,7,19)),'stammdaten - schwimmer'!#ref!,) -> #VALUE! | T5: =_xlfn.RANK.EQ(S5,S$4:S$103,0) -> #REF! | V5: =IF('stammdaten - schwimmer'!#ref!<DATE(2007,7,20),A5,) -> #VALUE! | W5: =IF('stammdaten - schwimmer'!#ref!<DATE(2007,7,20),B5,) -> #VALUE! | X5: =IF('stammdaten - schwimmer'!#ref!<DATE(2007,7,20),C5,) -> #VALUE! | Y5: =IF('stammdaten - schwimmer'!#ref!<DATE(2007,7,20),D5,) -> #VALUE! | Z5: =IF('stammdaten - schwimmer'!#ref!<DATE(2007,7,20),'stammdaten - schwimmer'!#ref!,) -> #VALUE! | AA5: =_xlfn.RANK.EQ(Z5,Z$4:Z$103,0) -> #REF!
A6: ='Stammdaten - Schwimmer'!A5 -> 3 | B6: ='Stammdaten - Schwimmer'!B5 -> Gessler | C6: ='Stammdaten - Schwimmer'!C5 -> Tom | D6: ='Stammdaten - Schwimmer'!J5+'Stammdaten - Schwimmer'!N5+'Stammdaten - Schwimmer'!R5+'Stammdaten - Schwimmer'!V5+'Stammdaten - Schwimmer'!Z6 -> 12 | E6: ='Stammdaten - Schwimmer'!F5 -> 24 | H6: =IF('Stammdaten - Schwimmer'!D5>DATE(2011,7,20),A6,) -> 3 | I6: =IF('Stammdaten - Schwimmer'!$D5>DATE(2011,7,20),B6,) -> Gessler | J6: =IF('Stammdaten - Schwimmer'!$D5>DATE(2011,7,20),C6,) -> Tom | K6: =IF('Stammdaten - Schwimmer'!$D5>DATE(2011,7,20),D6,) -> 12 | L6: =IF('Stammdaten - Schwimmer'!$D5>DATE(2011,7,20),'Stammdaten - Schwimmer'!F5,) -> 24 | M6: =_xlfn.RANK.EQ(L6,L$4:L$103,0) -> #REF! | O6: =IF(AND('Stammdaten - Schwimmer'!$D5<DATE(2011,7,20),'Stammdaten - Schwimmer'!$D5>DATE(2007,7,19)),A6,) -> 0 | P6: =IF(AND('Stammdaten - Schwimmer'!$D5<DATE(2011,7,20),'Stammdaten - Schwimmer'!$D5>DATE(2007,7,19)),B6,) -> 0 | Q6: =IF(AND('Stammdaten - Schwimmer'!$D5<DATE(2011,7,20),'Stammdaten - Schwimmer'!$D5>DATE(2007,7,19)),C6,) -> 0 | R6: =IF(AND('Stammdaten - Schwimmer'!$D5<DATE(2011,7,20),'Stammdaten - Schwimmer'!$D5>DATE(2007,7,19)),D6,) -> 0 | S6: =IF(AND('Stammdaten - Schwimmer'!$D5<DATE(2011,7,20),'Stammdaten - Schwimmer'!$D5>DATE(2007,7,19)),'Stammdaten - Schwimmer'!F5,) -> 0 | T6: =_xlfn.RANK.EQ(S6,S$4:S$103,0) -> #REF! | V6: =IF('Stammdaten - Schwimmer'!$D5<DATE(2007,7,20),A6,) -> 0 | W6: =IF('Stammdaten - Schwimmer'!$D5<DATE(2007,7,20),B6,) -> 0 | X6: =IF('Stammdaten - Schwimmer'!$D5<DATE(2007,7,20),C6,) -> 0 | Y6: =IF('Stammdaten - Schwimmer'!$D5<DATE(2007,7,20),D6,) -> 0 | Z6: =IF('Stammdaten - Schwimmer'!$D5<DATE(2007,7,20),'Stammdaten - Schwimmer'!F5,) -> 0 | AA6: =_xlfn.RANK.EQ(Z6,Z$4:Z$103,0) -> #REF!
A7: ='Stammdaten - Schwimmer'!A6 -> 4 | B7: ='Stammdaten - Schwimmer'!B6 -> Schwenk-Fischer | C7: ='Stammdaten - Schwimmer'!C6 -> Eva | D7: ='Stammdaten - Schwimmer'!J6+'Stammdaten - Schwimmer'!N6+'Stammdaten - Schwimmer'!R6+'Stammdaten - Schwimmer'!V6+'Stammdaten - Schwimmer'!Z7 -> 52.5 | E7: ='Stammdaten - Schwimmer'!F6 -> 35 | H7: =IF('Stammdaten - Schwimmer'!D6>DATE(2011,7,20),A7,) -> 0 | I7: =IF('Stammdaten - Schwimmer'!$D6>DATE(2011,7,20),B7,) -> 0 | J7: =IF('Stammdaten - Schwimmer'!$D6>DATE(2011,7,20),C7,) -> 0 | K7: =IF('Stammdaten - Schwimmer'!$D6>DATE(2011,7,20),D7,) -> 0 | L7: =IF('Stammdaten - Schwimmer'!$D6>DATE(2011,7,20),'Stammdaten - Schwimmer'!F6,) -> 0 | M7: =_xlfn.RANK.EQ(L7,L$4:L$103,0) -> #REF! | O7: =IF(AND('Stammdaten - Schwimmer'!$D6<DATE(2011,7,20),'Stammdaten - Schwimmer'!$D6>DATE(2007,7,19)),A7,) -> 0 | P7: =IF(AND('Stammdaten - Schwimmer'!$D6<DATE(2011,7,20),'Stammdaten - Schwimmer'!$D6>DATE(2007,7,19)),B7,) -> 0 | Q7: =IF(AND('Stammdaten - Schwimmer'!$D6<DATE(2011,7,20),'Stammdaten - Schwimmer'!$D6>DATE(2007,7,19)),C7,) -> 0 | R7: =IF(AND('Stammdaten - Schwimmer'!$D6<DATE(2011,7,20),'Stammdaten - Schwimmer'!$D6>DATE(2007,7,19)),D7,) -> 0 | S7: =IF(AND('Stammdaten - Schwimmer'!$D6<DATE(2011,7,20),'Stammdaten - Schwimmer'!$D6>DATE(2007,7,19)),'Stammdaten - Schwimmer'!F6,) -> 0 | T7: =_xlfn.RANK.EQ(S7,S$4:S$103,0) -> #REF! | V7: =IF('Stammdaten - Schwimmer'!$D6<DATE(2007,7,20),A7,) -> 4 | W7: =IF('Stammdaten - Schwimmer'!$D6<DATE(2007,7,20),B7,) -> Schwenk-Fischer | X7: =IF('Stammdaten - Schwimmer'!$D6<DATE(2007,7,20),C7,) -> Eva | Y7: =IF('Stammdaten - Schwimmer'!$D6<DATE(2007,7,20),D7,) -> 52.5 | Z7: =IF('Stammdaten - Schwimmer'!$D6<DATE(2007,7,20),'Stammdaten - Schwimmer'!F6,) -> 35 | AA7: =_xlfn.RANK.EQ(Z7,Z$4:Z$103,0) -> #REF!
A8: ='Stammdaten - Schwimmer'!A7 -> 5 | B8: ='Stammdaten - Schwimmer'!B7 -> Rink | C8: ='Stammdaten - Schwimmer'!C7 -> Wiebke | D8: ='Stammdaten - Schwimmer'!J7+'Stammdaten - Schwimmer'!N7+'Stammdaten - Schwimmer'!R7+'Stammdaten - Schwimmer'!V7+'Stammdaten - Schwimmer'!Z8 -> 92.5 | E8: ='Stammdaten - Schwimmer'!F7 -> 74 | H8: =IF('Stammdaten - Schwimmer'!D7>DATE(2011,7,20),A8,) -> 5 | I8: =IF('Stammdaten - Schwimmer'!$D7>DATE(2011,7,20),B8,) -> Rink | J8: =IF('Stammdaten - Schwimmer'!$D7>DATE(2011,7,20),C8,) -> Wiebke | K8: =IF('Stammdaten - Schwimmer'!$D7>DATE(2011,7,20),D8,) -> 92.5 | L8: =IF('Stammdaten - Schwimmer'!$D7>DATE(2011,7,20),'Stammdaten - Schwimmer'!F7,) -> 74 | M8: =_xlfn.RANK.EQ(L8,L$4:L$103,0) -> #REF! | O8: =IF(AND('Stammdaten - Schwimmer'!$D7<DATE(2011,7,20),'Stammdaten - Schwimmer'!$D7>DATE(2007,7,19)),A8,) -> 0 | P8: =IF(AND('Stammdaten - Schwimmer'!$D7<DATE(2011,7,20),'Stammdaten - Schwimmer'!$D7>DATE(2007,7,19)),B8,) -> 0 | Q8: =IF(AND('Stammdaten - Schwimmer'!$D7<DATE(2011,7,20),'Stammdaten - Schwimmer'!$D7>DATE(2007,7,19)),C8,) -> 0 | R8: =IF(AND('Stammdaten - Schwimmer'!$D7<DATE(2011,7,20),'Stammdaten - Schwimmer'!$D7>DATE(2007,7,19)),D8,) -> 0 | S8: =IF(AND('Stammdaten - Schwimmer'!$D7<DATE(2011,7,20),'Stammdaten - Schwimmer'!$D7>DATE(2007,7,19)),'Stammdaten - Schwimmer'!F7,) -> 0 | T8: =_xlfn.RANK.EQ(S8,S$4:S$103,0) -> #REF! | V8: =IF('Stammdaten - Schwimmer'!$D7<DATE(2007,7,20),A8,) -> 0 | W8: =IF('Stammdaten - Schwimmer'!$D7<DATE(2007,7,20),B8,) -> 0 | X8: =IF('Stammdaten - Schwimmer'!$D7<DATE(2007,7,20),C8,) -> 0 | Y8: =IF('Stammdaten - Schwimmer'!$D7<DATE(2007,7,20),D8,) -> 0 | Z8: =IF('Stammdaten - Schwimmer'!$D7<DATE(2007,7,20),'Stammdaten - Schwimmer'!F7,) -> 0 | AA8: =_xlfn.RANK.EQ(Z8,Z$4:Z$103,0) -> #REF!
A9: ='Stammdaten - Schwimmer'!A8 -> 6 | B9: ='Stammdaten - Schwimmer'!B8 -> Künsemüller | C9: ='Stammdaten - Schwimmer'!C8 -> Viktoria | D9: ='Stammdaten - Schwimmer'!J8+'Stammdaten - Schwimmer'!N8+'Stammdaten - Schwimmer'!R8+'Stammdaten - Schwimmer'!V8+'Stammdaten - Schwimmer'!Z9 -> 35 | E9: ='Stammdaten - Schwimmer'!F8 -> 70 | H9: =IF('Stammdaten - Schwimmer'!D8>DATE(2011,7,20),A9,) -> 0 | I9: =IF('Stammdaten - Schwimmer'!$D8>DATE(2011,7,20),B9,) -> 0 | J9: =IF('Stammdaten - Schwimmer'!$D8>DATE(2011,7,20),C9,) -> 0 | K9: =IF('Stammdaten - Schwimmer'!$D8>DATE(2011,7,20),D9,) -> 0 | L9: =IF('Stammdaten - Schwimmer'!$D8>DATE(2011,7,20),'Stammdaten - Schwimmer'!F8,) -> 0 | M9: =_xlfn.RANK.EQ(L9,L$4:L$103,0) -> #REF! | O9: =IF(AND('Stammdaten - Schwimmer'!$D8<DATE(2011,7,20),'Stammdaten - Schwimmer'!$D8>DATE(2007,7,19)),A9,) -> 6 | P9: =IF(AND('Stammdaten - Schwimmer'!$D8<DATE(2011,7,20),'Stammdaten - Schwimmer'!$D8>DATE(2007,7,19)),B9,) -> Künsemüller | Q9: =IF(AND('Stammdaten - Schwimmer'!$D8<DATE(2011,7,20),'Stammdaten - Schwimmer'!$D8>DATE(2007,7,19)),C9,) -> Viktoria | R9: =IF(AND('Stammdaten - Schwimmer'!$D8<DATE(2011,7,20),'Stammdaten - Schwimmer'!$D8>DATE(2007,7,19)),D9,) -> 35 | S9: =IF(AND('Stammdaten - Schwimmer'!$D8<DATE(2011,7,20),'Stammdaten - Schwimmer'!$D8>DATE(2007,7,19)),'Stammdaten - Schwimmer'!F8,) -> 70 | T9: =_xlfn.RANK.EQ(S9,S$4:S$103,0) -> #REF! | V9: =IF('Stammdaten - Schwimmer'!$D8<DATE(2007,7,20),A9,) -> 0 | W9: =IF('Stammdaten - Schwimmer'!$D8<DATE(2007,7,20),B9,) -> 0 | X9: =IF('Stammdaten - Schwimmer'!$D8<DATE(2007,7,20),C9,) -> 0 | Y9: =IF('Stammdaten - Schwimmer'!$D8<DATE(2007,7,20),D9,) -> 0 | Z9: =IF('Stammdaten - Schwimmer'!$D8<DATE(2007,7,20),'Stammdaten - Schwimmer'!F8,) -> 0 | AA9: =_xlfn.RANK.EQ(Z9,Z$4:Z$103,0) -> #REF!
A10: ='Stammdaten - Schwimmer'!A9 -> 7 | B10: ='Stammdaten - Schwimmer'!B9 -> Gessler | C10: ='Stammdaten - Schwimmer'!C9 -> Anna | D10: ='Stammdaten - Schwimmer'!J9+'Stammdaten - Schwimmer'!N9+'Stammdaten - Schwimmer'!R9+'Stammdaten - Schwimmer'!V9+'Stammdaten - Schwimmer'!Z10 -> 7 | E10: ='Stammdaten - Schwimmer'!F9 -> 7 | H10: =IF('Stammdaten - Schwimmer'!D9>DATE(2011,7,20),A10,) -> 7 | I10: =IF('Stammdaten - Schwimmer'!$D9>DATE(2011,7,20),B10,) -> Gessler | J10: =IF('Stammdaten - Schwimmer'!$D9>DATE(2011,7,20),C10,) -> Anna | K10: =IF('Stammdaten - Schwimmer'!$D9>DATE(2011,7,20),D10,) -> 7 | L10: =IF('Stammdaten - Schwimmer'!$D9>DATE(2011,7,20),'Stammdaten - Schwimmer'!F9,) -> 7 | M10: =_xlfn.RANK.EQ(L10,L$4:L$103,0) -> #REF! | O10: =IF(AND('Stammdaten - Schwimmer'!$D9<DATE(2011,7,20),'Stammdaten - Schwimmer'!$D9>DATE(2007,7,19)),A10,) -> 0 | P10: =IF(AND('Stammdaten - Schwimmer'!$D9<DATE(2011,7,20),'Stammdaten - Schwimmer'!$D9>DATE(2007,7,19)),B10,) -> 0 | Q10: =IF(AND('Stammdaten - Schwimmer'!$D9<DATE(2011,7,20),'Stammdaten - Schwimmer'!$D9>DATE(2007,7,19)),C10,) -> 0 | R10: =IF(AND('Stammdaten - Schwimmer'!$D9<DATE(2011,7,20),'Stammdaten - Schwimmer'!$D9>DATE(2007,7,19)),D10,) -> 0 | S10: =IF(AND('Stammdaten - Schwimmer'!$D9<DATE(2011,7,20),'Stammdaten - Schwimmer'!$D9>DATE(2007,7,19)),'Stammdaten - Schwimmer'!F9,) -> 0 | T10: =_xlfn.RANK.EQ(S10,S$4:S$103,0) -> #REF! | V10: =IF('Stammdaten - Schwimmer'!$D9<DATE(2007,7,20),A10,) -> 0 | W10: =IF('Stammdaten - Schwimmer'!$D9<DATE(2007,7,20),B10,) -> 0 | X10: =IF('Stammdaten - Schwimmer'!$D9<DATE(2007,7,20),C10,) -> 0 | Y10: =IF('Stammdaten - Schwimmer'!$D9<DATE(2007,7,20),D10,) -> 0 | Z10: =IF('Stammdaten - Schwimmer'!$D9<DATE(2007,7,20),'Stammdaten - Schwimmer'!F9,) -> 0 | AA10: =_xlfn.RANK.EQ(Z10,Z$4:Z$103,0) -> #REF!
A11: ='Stammdaten - Schwimmer'!A10 -> 8 | B11: ='Stammdaten - Schwimmer'!B10 -> Gessler | C11: ='Stammdaten - Schwimmer'!C10 -> Birgit | D11: ='Stammdaten - Schwimmer'!J10+'Stammdaten - Schwimmer'!N10+'Stammdaten - Schwimmer'!R10+'Stammdaten - Schwimmer'!V10+'Stammdaten - Schwimmer'!Z11 -> 42 | E11: ='Stammdaten - Schwimmer'!F10 -> 42 | H11: =IF('Stammdaten - Schwimmer'!D10>DATE(2011,7,20),A11,) -> 0 | I11: =IF('Stammdaten - Schwimmer'!$D10>DATE(2011,7,20),B11,) -> 0 | J11: =IF('Stammdaten - Schwimmer'!$D10>DATE(2011,7,20),C11,) -> 0 | K11: =IF('Stammdaten - Schwimmer'!$D10>DATE(2011,7,20),D11,) -> 0 | L11: =IF('Stammdaten - Schwimmer'!$D10>DATE(2011,7,20),'Stammdaten - Schwimmer'!F10,) -> 0 | M11: =_xlfn.RANK.EQ(L11,L$4:L$103,0) -> #REF! | O11: =IF(AND('Stammdaten - Schwimmer'!$D10<DATE(2011,7,20),'Stammdaten - Schwimmer'!$D10>DATE(2007,7,19)),A11,) -> 0 | P11: =IF(AND('Stammdaten - Schwimmer'!$D10<DATE(2011,7,20),'Stammdaten - Schwimmer'!$D10>DATE(2007,7,19)),B11,) -> 0 | Q11: =IF(AND('Stammdaten - Schwimmer'!$D10<DATE(2011,7,20),'Stammdaten - Schwimmer'!$D10>DATE(2007,7,19)),C11,) -> 0 | R11: =IF(AND('Stammdaten - Schwimmer'!$D10<DATE(2011,7,20),'Stammdaten - Schwimmer'!$D10>DATE(2007,7,19)),D11,) -> 0 | S11: =IF(AND('Stammdaten - Schwimmer'!$D10<DATE(2011,7,20),'Stammdaten - Schwimmer'!$D10>DATE(2007,7,19)),'Stammdaten - Schwimmer'!F10,) -> 0 | T11: =_xlfn.RANK.EQ(S11,S$4:S$103,0) -> #REF! | V11: =IF('Stammdaten - Schwimmer'!$D10<DATE(2007,7,20),A11,) -> 8 | W11: =IF('Stammdaten - Schwimmer'!$D10<DATE(2007,7,20),B11,) -> Gessler | X11: =IF('Stammdaten - Schwimmer'!$D10<DATE(2007,7,20),C11,) -> Birgit | Y11: =IF('Stammdaten - Schwimmer'!$D10<DATE(2007,7,20),D11,) -> 42 | Z11: =IF('Stammdaten - Schwimmer'!$D10<DATE(2007,7,20),'Stammdaten - Schwimmer'!F10,) -> 42 | AA11: =_xlfn.RANK.EQ(Z11,Z$4:Z$103,0) -> #REF!
A12: ='Stammdaten - Schwimmer'!A11 -> 9 | B12: ='Stammdaten - Schwimmer'!B4 -> Grambow | C12: ='Stammdaten - Schwimmer'!C4 -> Kerstin | D12: ='Stammdaten - Schwimmer'!J4+'Stammdaten - Schwimmer'!N4+'Stammdaten - Schwimmer'!R11+'Stammdaten - Schwimmer'!V11+'Stammdaten - Schwimmer'!Z12 -> 58 | E12: ='Stammdaten - Schwimmer'!F4 -> 58 | H12: =IF('Stammdaten - Schwimmer'!D4>DATE(2011,7,20),A12,) -> 0 | I12: =IF('Stammdaten - Schwimmer'!$D4>DATE(2011,7,20),B12,) -> 0 | J12: =IF('Stammdaten - Schwimmer'!$D4>DATE(2011,7,20),C12,) -> 0 | K12: =IF('Stammdaten - Schwimmer'!$D4>DATE(2011,7,20),D12,) -> 0 | L12: =IF('Stammdaten - Schwimmer'!$D4>DATE(2011,7,20),'Stammdaten - Schwimmer'!F4,) -> 0 | M12: =_xlfn.RANK.EQ(L12,L$4:L$103,0) -> #REF! | O12: =IF(AND('Stammdaten - Schwimmer'!$D4<DATE(2011,7,20),'Stammdaten - Schwimmer'!$D4>DATE(2007,7,19)),A12,) -> 0 | P12: =IF(AND('Stammdaten - Schwimmer'!$D4<DATE(2011,7,20),'Stammdaten - Schwimmer'!$D4>DATE(2007,7,19)),B12,) -> 0 | Q12: =IF(AND('Stammdaten - Schwimmer'!$D4<DATE(2011,7,20),'Stammdaten - Schwimmer'!$D4>DATE(2007,7,19)),C12,) -> 0 | R12: =IF(AND('Stammdaten - Schwimmer'!$D4<DATE(2011,7,20),'Stammdaten - Schwimmer'!$D4>DATE(2007,7,19)),D12,) -> 0 | S12: =IF(AND('Stammdaten - Schwimmer'!$D4<DATE(2011,7,20),'Stammdaten - Schwimmer'!$D4>DATE(2007,7,19)),'Stammdaten - Schwimmer'!F4,) -> 0 | T12: =_xlfn.RANK.EQ(S12,S$4:S$103,0) -> #REF! | V12: =IF('Stammdaten - Schwimmer'!$D4<DATE(2007,7,20),A12,) -> 9 | W12: =IF('Stammdaten - Schwimmer'!$D4<DATE(2007,7,20),B12,) -> Grambow | X12: =IF('Stammdaten - Schwimmer'!$D4<DATE(2007,7,20),C12,) -> Kerstin | Y12: =IF('Stammdaten - Schwimmer'!$D4<DATE(2007,7,20),D12,) -> 58 | Z12: =IF('Stammdaten - Schwimmer'!$D4<DATE(2007,7,20),'Stammdaten - Schwimmer'!F4,) -> 58 | AA12: =_xlfn.RANK.EQ(Z12,Z$4:Z$103,0) -> #REF!
A13: ='Stammdaten - Schwimmer'!A12 -> 10 | B13: ='Stammdaten - Schwimmer'!B12 -> Michels | C13: ='Stammdaten - Schwimmer'!C12 -> Laurens | D13: ='Stammdaten - Schwimmer'!J12+'Stammdaten - Schwimmer'!N12+'Stammdaten - Schwimmer'!R12+'Stammdaten - Schwimmer'!V12+'Stammdaten - Schwimmer'!Z13 -> 70 | E13: ='Stammdaten - Schwimmer'!F12 -> 70 | H13: =IF('Stammdaten - Schwimmer'!D12>DATE(2011,7,20),A13,) -> 0 | I13: =IF('Stammdaten - Schwimmer'!$D12>DATE(2011,7,20),B13,) -> 0 | J13: =IF('Stammdaten - Schwimmer'!$D12>DATE(2011,7,20),C13,) -> 0 | K13: =IF('Stammdaten - Schwimmer'!$D12>DATE(2011,7,20),D13,) -> 0 | L13: =IF('Stammdaten - Schwimmer'!$D12>DATE(2011,7,20),'Stammdaten - Schwimmer'!F12,) -> 0 | M13: =_xlfn.RANK.EQ(L13,L$4:L$103,0) -> #REF! | O13: =IF(AND('Stammdaten - Schwimmer'!$D12<DATE(2011,7,20),'Stammdaten - Schwimmer'!$D12>DATE(2007,7,19)),A13,) -> 0 | P13: =IF(AND('Stammdaten - Schwimmer'!$D12<DATE(2011,7,20),'Stammdaten - Schwimmer'!$D12>DATE(2007,7,19)),B13,) -> 0 | Q13: =IF(AND('Stammdaten - Schwimmer'!$D12<DATE(2011,7,20),'Stammdaten - Schwimmer'!$D12>DATE(2007,7,19)),C13,) -> 0 | R13: =IF(AND('Stammdaten - Schwimmer'!$D12<DATE(2011,7,20),'Stammdaten - Schwimmer'!$D12>DATE(2007,7,19)),D13,) -> 0 | S13: =IF(AND('Stammdaten - Schwimmer'!$D12<DATE(2011,7,20),'Stammdaten - Schwimmer'!$D12>DATE(2007,7,19)),'Stammdaten - Schwimmer'!F12,) -> 0 | T13: =_xlfn.RANK.EQ(S13,S$4:S$103,0) -> #REF! | V13: =IF('Stammdaten - Schwimmer'!$D12<DATE(2007,7,20),A13,) -> 10 | W13: =IF('Stammdaten - Schwimmer'!$D12<DATE(2007,7,20),B13,) -> Michels | X13: =IF('Stammdaten - Schwimmer'!$D12<DATE(2007,7,20),C13,) -> Laurens | Y13: =IF('Stammdaten - Schwimmer'!$D12<DATE(2007,7,20),D13,) -> 70 | Z13: =IF('Stammdaten - Schwimmer'!$D12<DATE(2007,7,20),'Stammdaten - Schwimmer'!F12,) -> 70 | AA13: =_xlfn.RANK.EQ(Z13,Z$4:Z$103,0) -> #REF!
A14: ='Stammdaten - Schwimmer'!A13 -> 11 | B14: ='Stammdaten - Schwimmer'!B13 -> Aucher | C14: ='Stammdaten - Schwimmer'!C13 -> Neie | D14: ='Stammdaten - Schwimmer'!J13+'Stammdaten - Schwimmer'!N13+'Stammdaten - Schwimmer'!R13+'Stammdaten - Schwimmer'!V13+'stammdaten - schwimmer'!#ref! -> #VALUE! | E14: ='Stammdaten - Schwimmer'!F13 -> 46 | H14: =IF('Stammdaten - Schwimmer'!D13>DATE(2011,7,20),A14,) -> 0 | I14: =IF('Stammdaten - Schwimmer'!$D13>DATE(2011,7,20),B14,) -> 0 | J14: =IF('Stammdaten - Schwimmer'!$D13>DATE(2011,7,20),C14,) -> 0 | K14: =IF('Stammdaten - Schwimmer'!$D13>DATE(2011,7,20),D14,) -> 0 | L14: =IF('Stammdaten - Schwimmer'!$D13>DATE(2011,7,20),'Stammdaten - Schwimmer'!F13,) -> 0 | M14: =_xlfn.RANK.EQ(L14,L$4:L$103,0) -> #REF! | O14: =IF(AND('Stammdaten - Schwimmer'!$D13<DATE(2011,7,20),'Stammdaten - Schwimmer'!$D13>DATE(2007,7,19)),A14,) -> 11 | P14: =IF(AND('Stammdaten - Schwimmer'!$D13<DATE(2011,7,20),'Stammdaten - Schwimmer'!$D13>DATE(2007,7,19)),B14,) -> Aucher | Q14: =IF(AND('Stammdaten - Schwimmer'!$D13<DATE(2011,7,20),'Stammdaten - Schwimmer'!$D13>DATE(2007,7,19)),C14,) -> Neie | R14: =IF(AND('Stammdaten - Schwimmer'!$D13<DATE(2011,7,20),'Stammdaten - Schwimmer'!$D13>DATE(2007,7,19)),D14,) -> #VALUE! | S14: =IF(AND('Stammdaten - Schwimmer'!$D13<DATE(2011,7,20),'Stammdaten - Schwimmer'!$D13>DATE(2007,7,19)),'Stammdaten - Schwimmer'!F13,) -> 46 | T14: =_xlfn.RANK.EQ(S14,S$4:S$103,0) -> #REF! | V14: =IF('Stammdaten - Schwimmer'!$D13<DATE(2007,7,20),A14,) -> 0 | W14: =IF('Stammdaten - Schwimmer'!$D13<DATE(2007,7,20),B14,) -> 0 | X14: =IF('Stammdaten - Schwimmer'!$D13<DATE(2007,7,20),C14,) -> 0 | Y14: =IF('Stammdaten - Schwimmer'!$D13<DATE(2007,7,20),D14,) -> 0 | Z14: =IF('Stammdaten - Schwimmer'!$D13<DATE(2007,7,20),'Stammdaten - Schwimmer'!F13,) -> 0 | AA14: =_xlfn.RANK.EQ(Z14,Z$4:Z$103,0) -> #REF!
A15: ='stammdaten - schwimmer'!#ref! -> #VALUE! | B15: ='stammdaten - schwimmer'!#ref! -> #VALUE! | C15: ='stammdaten - schwimmer'!#ref! -> #VALUE! | D15: ='stammdaten - schwimmer'!#ref!+'stammdaten - schwimmer'!#ref!+'stammdaten - schwimmer'!#ref!+'stammdaten - schwimmer'!#ref!+'stammdaten - schwimmer'!#ref! -> #VALUE! | E15: ='stammdaten - schwimmer'!#ref! -> #VALUE! | H15: =IF('stammdaten - schwimmer'!#ref!>DATE(2011,7,20),A15,) -> #VALUE! | I15: =IF('stammdaten - schwimmer'!#ref!>DATE(2011,7,20),B15,) -> #VALUE! | J15: =IF('stammdaten - schwimmer'!#ref!>DATE(2011,7,20),C15,) -> #VALUE! | K15: =IF('stammdaten - schwimmer'!#ref!>DATE(2011,7,20),D15,) -> #VALUE! | L15: =IF('stammdaten - schwimmer'!#ref!>DATE(2011,7,20),'stammdaten - schwimmer'!#ref!,) -> #VALUE! | M15: =_xlfn.RANK.EQ(L15,L$4:L$103,0) -> #REF! | O15: =IF(AND('stammdaten - schwimmer'!#ref!<DATE(2011,7,20),'stammdaten - schwimmer'!#ref!>DATE(2007,7,19)),A15,) -> #VALUE! | P15: =IF(AND('stammdaten - schwimmer'!#ref!<DATE(2011,7,20),'stammdaten - schwimmer'!#ref!>DATE(2007,7,19)),B15,) -> #VALUE! | Q15: =IF(AND('stammdaten - schwimmer'!#ref!<DATE(2011,7,20),'stammdaten - schwimmer'!#ref!>DATE(2007,7,19)),C15,) -> #VALUE! | R15: =IF(AND('stammdaten - schwimmer'!#ref!<DATE(2011,7,20),'stammdaten - schwimmer'!#ref!>DATE(2007,7,19)),D15,) -> #VALUE! | S15: =IF(AND('stammdaten - schwimmer'!#ref!<DATE(2011,7,20),'stammdaten - schwimmer'!#ref!>DATE(2007,7,19)),'stammdaten - schwimmer'!#ref!,) -> #VALUE! | T15: =_xlfn.RANK.EQ(S15,S$4:S$103,0) -> #REF! | V15: =IF('stammdaten - schwimmer'!#ref!<DATE(2007,7,20),A15,) -> #VALUE! | W15: =IF('stammdaten - schwimmer'!#ref!<DATE(2007,7,20),B15,) -> #VALUE! | X15: =IF('stammdaten - schwimmer'!#ref!<DATE(2007,7,20),C15,) -> #VALUE! | Y15: =IF('stammdaten - schwimmer'!#ref!<DATE(2007,7,20),D15,) -> #VALUE! | Z15: =IF('stammdaten - schwimmer'!#ref!<DATE(2007,7,20),'stammdaten - schwimmer'!#ref!,) -> #VALUE! | AA15: =_xlfn.RANK.EQ(Z15,Z$4:Z$103,0) -> #REF!
A16: ='stammdaten - schwimmer'!#ref! -> #VALUE! | B16: ='stammdaten - schwimmer'!#ref! -> #VALUE! | C16: ='stammdaten - schwimmer'!#ref! -> #VALUE! | D16: ='stammdaten - schwimmer'!#ref!+'stammdaten - schwimmer'!#ref!+'stammdaten - schwimmer'!#ref!+'stammdaten - schwimmer'!#ref!+'stammdaten - schwimmer'!#ref! -> #VALUE! | E16: ='stammdaten - schwimmer'!#ref! -> #VALUE! | H16: =IF('stammdaten - schwimmer'!#ref!>DATE(2011,7,20),A16,) -> #VALUE! | I16: =IF('stammdaten - schwimmer'!#ref!>DATE(2011,7,20),B16,) -> #VALUE! | J16: =IF('stammdaten - schwimmer'!#ref!>DATE(2011,7,20),C16,) -> #VALUE! | K16: =IF('stammdaten - schwimmer'!#ref!>DATE(2011,7,20),D16,) -> #VALUE! | L16: =IF('stammdaten - schwimmer'!#ref!>DATE(2011,7,20),'stammdaten - schwimmer'!#ref!,) -> #VALUE! | M16: =_xlfn.RANK.EQ(L16,L$4:L$103,0) -> #REF! | O16: =IF(AND('stammdaten - schwimmer'!#ref!<DATE(2011,7,20),'stammdaten - schwimmer'!#ref!>DATE(2007,7,19)),A16,) -> #VALUE! | P16: =IF(AND('stammdaten - schwimmer'!#ref!<DATE(2011,7,20),'stammdaten - schwimmer'!#ref!>DATE(2007,7,19)),B16,) -> #VALUE! | Q16: =IF(AND('stammdaten - schwimmer'!#ref!<DATE(2011,7,20),'stammdaten - schwimmer'!#ref!>DATE(2007,7,19)),C16,) -> #VALUE! | R16: =IF(AND('stammdaten - schwimmer'!#ref!<DATE(2011,7,20),'stammdaten - schwimmer'!#ref!>DATE(2007,7,19)),D16,) -> #VALUE! | S16: =IF(AND('stammdaten - schwimmer'!#ref!<DATE(2011,7,20),'stammdaten - schwimmer'!#ref!>DATE(2007,7,19)),'stammdaten - schwimmer'!#ref!,) -> #VALUE! | T16: =_xlfn.RANK.EQ(S16,S$4:S$103,0) -> #REF! | V16: =IF('stammdaten - schwimmer'!#ref!<DATE(2007,7,20),A16,) -> #VALUE! | W16: =IF('stammdaten - schwimmer'!#ref!<DATE(2007,7,20),B16,) -> #VALUE! | X16: =IF('stammdaten - schwimmer'!#ref!<DATE(2007,7,20),C16,) -> #VALUE! | Y16: =IF('stammdaten - schwimmer'!#ref!<DATE(2007,7,20),D16,) -> #VALUE! | Z16: =IF('stammdaten - schwimmer'!#ref!<DATE(2007,7,20),'stammdaten - schwimmer'!#ref!,) -> #VALUE! | AA16: =_xlfn.RANK.EQ(Z16,Z$4:Z$103,0) -> #REF!
A17: ='stammdaten - schwimmer'!#ref! -> #VALUE! | B17: ='stammdaten - schwimmer'!#ref! -> #VALUE! | C17: ='stammdaten - schwimmer'!#ref! -> #VALUE! | D17: ='stammdaten - schwimmer'!#ref!+'stammdaten - schwimmer'!#ref!+'stammdaten - schwimmer'!#ref!+'stammdaten - schwimmer'!#ref!+'Stammdaten - Schwimmer'!Z14 -> #VALUE! | E17: ='stammdaten - schwimmer'!#ref! -> #VALUE! | H17: =IF('stammdaten - schwimmer'!#ref!>DATE(2011,7,20),A17,) -> #VALUE! | I17: =IF('stammdaten - schwimmer'!#ref!>DATE(2011,7,20),B17,) -> #VALUE! | J17: =IF('stammdaten - schwimmer'!#ref!>DATE(2011,7,20),C17,) -> #VALUE! | K17: =IF('stammdaten - schwimmer'!#ref!>DATE(2011,7,20),D17,) -> #VALUE! | L17: =IF('stammdaten - schwimmer'!#ref!>DATE(2011,7,20),'stammdaten - schwimmer'!#ref!,) -> #VALUE! | M17: =_xlfn.RANK.EQ(L17,L$4:L$103,0) -> #REF! | O17: =IF(AND('stammdaten - schwimmer'!#ref!<DATE(2011,7,20),'stammdaten - schwimmer'!#ref!>DATE(2007,7,19)),A17,) -> #VALUE! | P17: =IF(AND('stammdaten - schwimmer'!#ref!<DATE(2011,7,20),'stammdaten - schwimmer'!#ref!>DATE(2007,7,19)),B17,) -> #VALUE! | Q17: =IF(AND('stammdaten - schwimmer'!#ref!<DATE(2011,7,20),'stammdaten - schwimmer'!#ref!>DATE(2007,7,19)),C17,) -> #VALUE! | R17: =IF(AND('stammdaten - schwimmer'!#ref!<DATE(2011,7,20),'stammdaten - schwimmer'!#ref!>DATE(2007,7,19)),D17,) -> #VALUE! | S17: =IF(AND('stammdaten - schwimmer'!#ref!<DATE(2011,7,20),'stammdaten - schwimmer'!#ref!>DATE(2007,7,19)),'stammdaten - schwimmer'!#ref!,) -> #VALUE! | T17: =_xlfn.RANK.EQ(S17,S$4:S$103,0) -> #REF! | V17: =IF('stammdaten - schwimmer'!#ref!<DATE(2007,7,20),A17,) -> #VALUE! | W17: =IF('stammdaten - schwimmer'!#ref!<DATE(2007,7,20),B17,) -> #VALUE! | X17: =IF('stammdaten - schwimmer'!#ref!<DATE(2007,7,20),C17,) -> #VALUE! | Y17: =IF('stammdaten - schwimmer'!#ref!<DATE(2007,7,20),D17,) -> #VALUE! | Z17: =IF('stammdaten - schwimmer'!#ref!<DATE(2007,7,20),'stammdaten - schwimmer'!#ref!,) -> #VALUE! | AA17: =_xlfn.RANK.EQ(Z17,Z$4:Z$103,0) -> #REF!
A18: ='Stammdaten - Schwimmer'!A14 -> 12 | B18: ='Stammdaten - Schwimmer'!B14 -> Glass | C18: ='Stammdaten - Schwimmer'!C14 -> Helmut | D18: ='Stammdaten - Schwimmer'!J14+'Stammdaten - Schwimmer'!N14+'Stammdaten - Schwimmer'!R14+'Stammdaten - Schwimmer'!V14+'Stammdaten - Schwimmer'!Z15 -> 25 | E18: ='Stammdaten - Schwimmer'!F14 -> 50 | H18: =IF('Stammdaten - Schwimmer'!D14>DATE(2011,7,20),A18,) -> 0 | I18: =IF('Stammdaten - Schwimmer'!$D14>DATE(2011,7,20),B18,) -> 0 | J18: =IF('Stammdaten - Schwimmer'!$D14>DATE(2011,7,20),C18,) -> 0 | K18: =IF('Stammdaten - Schwimmer'!$D14>DATE(2011,7,20),D18,) -> 0 | L18: =IF('Stammdaten - Schwimmer'!$D14>DATE(2011,7,20),'Stammdaten - Schwimmer'!F14,) -> 0 | M18: =_xlfn.RANK.EQ(L18,L$4:L$103,0) -> #REF! | O18: =IF(AND('Stammdaten - Schwimmer'!$D14<DATE(2011,7,20),'Stammdaten - Schwimmer'!$D14>DATE(2007,7,19)),A18,) -> 0 | P18: =IF(AND('Stammdaten - Schwimmer'!$D14<DATE(2011,7,20),'Stammdaten - Schwimmer'!$D14>DATE(2007,7,19)),B18,) -> 0 | Q18: =IF(AND('Stammdaten - Schwimmer'!$D14<DATE(2011,7,20),'Stammdaten - Schwimmer'!$D14>DATE(2007,7,19)),C18,) -> 0 | R18: =IF(AND('Stammdaten - Schwimmer'!$D14<DATE(2011,7,20),'Stammdaten - Schwimmer'!$D14>DATE(2007,7,19)),D18,) -> 0 | S18: =IF(AND('Stammdaten - Schwimmer'!$D14<DATE(2011,7,20),'Stammdaten - Schwimmer'!$D14>DATE(2007,7,19)),'Stammdaten - Schwimmer'!F14,) -> 0 | T18: =_xlfn.RANK.EQ(S18,S$4:S$103,0) -> #REF! | V18: =IF('Stammdaten - Schwimmer'!$D14<DATE(2007,7,20),A18,) -> 12 | W18: =IF('Stammdaten - Schwimmer'!$D14<DATE(2007,7,20),B18,) -> Glass | X18: =IF('Stammdaten - Schwimmer'!$D14<DATE(2007,7,20),C18,) -> Helmut | Y18: =IF('Stammdaten - Schwimmer'!$D14<DATE(2007,7,20),D18,) -> 25 | Z18: =IF('Stammdaten - Schwimmer'!$D14<DATE(2007,7,20),'Stammdaten - Schwimmer'!F14,) -> 50 | AA18: =_xlfn.RANK.EQ(Z18,Z$4:Z$103,0) -> #REF!
A19: ='Stammdaten - Schwimmer'!A15 -> 13 | B19: ='Stammdaten - Schwimmer'!B15 -> Bachmann | C19: ='Stammdaten - Schwimmer'!C15 -> Anna | D19: ='Stammdaten - Schwimmer'!J15+'Stammdaten - Schwimmer'!N15+'Stammdaten - Schwimmer'!R15+'Stammdaten - Schwimmer'!V15+'Stammdaten - Schwimmer'!Z16 -> 32 | E19: ='Stammdaten - Schwimmer'!F15 -> 64 | H19: =IF('Stammdaten - Schwimmer'!D15>DATE(2011,7,20),A19,) -> 0 | I19: =IF('Stammdaten - Schwimmer'!$D15>DATE(2011,7,20),B19,) -> 0 | J19: =IF('Stammdaten - Schwimmer'!$D15>DATE(2011,7,20),C19,) -> 0 | K19: =IF('Stammdaten - Schwimmer'!$D15>DATE(2011,7,20),D19,) -> 0 | L19: =IF('Stammdaten - Schwimmer'!$D15>DATE(2011,7,20),'Stammdaten - Schwimmer'!F15,) -> 0 | M19: =_xlfn.RANK.EQ(L19,L$4:L$103,0) -> #REF! | O19: =IF(AND('Stammdaten - Schwimmer'!$D15<DATE(2011,7,20),'Stammdaten - Schwimmer'!$D15>DATE(2007,7,19)),A19,) -> 0 | P19: =IF(AND('Stammdaten - Schwimmer'!$D15<DATE(2011,7,20),'Stammdaten - Schwimmer'!$D15>DATE(2007,7,19)),B19,) -> 0 | Q19: =IF(AND('Stammdaten - Schwimmer'!$D15<DATE(2011,7,20),'Stammdaten - Schwimmer'!$D15>DATE(2007,7,19)),C19,) -> 0 | R19: =IF(AND('Stammdaten - Schwimmer'!$D15<DATE(2011,7,20),'Stammdaten - Schwimmer'!$D15>DATE(2007,7,19)),D19,) -> 0 | S19: =IF(AND('Stammdaten - Schwimmer'!$D15<DATE(2011,7,20),'Stammdaten - Schwimmer'!$D15>DATE(2007,7,19)),'Stammdaten - Schwimmer'!F15,) -> 0 | T19: =_xlfn.RANK.EQ(S19,S$4:S$103,0) -> #REF! | V19: =IF('Stammdaten - Schwimmer'!$D15<DATE(2007,7,20),A19,) -> 13 | W19: =IF('Stammdaten - Schwimmer'!$D15<DATE(2007,7,20),B19,) -> Bachmann | X19: =IF('Stammdaten - Schwimmer'!$D15<DATE(2007,7,20),C19,) -> Anna | Y19: =IF('Stammdaten - Schwimmer'!$D15<DATE(2007,7,20),D19,) -> 32 | Z19: =IF('Stammdaten - Schwimmer'!$D15<DATE(2007,7,20),'Stammdaten - Schwimmer'!F15,) -> 64 | AA19: =_xlfn.RANK.EQ(Z19,Z$4:Z$103,0) -> #REF!
A20: ='Stammdaten - Schwimmer'!A16 -> 14 | B20: ='Stammdaten - Schwimmer'!B16 -> König | C20: ='Stammdaten - Schwimmer'!C16 -> Viola | D20: ='Stammdaten - Schwimmer'!J16+'Stammdaten - Schwimmer'!N16+'Stammdaten - Schwimmer'!R16+'Stammdaten - Schwimmer'!V16+'Stammdaten - Schwimmer'!Z17 -> 33 | E20: ='Stammdaten - Schwimmer'!F16 -> 66 | H20: =IF('Stammdaten - Schwimmer'!D16>DATE(2011,7,20),A20,) -> 0 | I20: =IF('Stammdaten - Schwimmer'!$D16>DATE(2011,7,20),B20,) -> 0 | J20: =IF('Stammdaten - Schwimmer'!$D16>DATE(2011,7,20),C20,) -> 0 | K20: =IF('Stammdaten - Schwimmer'!$D16>DATE(2011,7,20),D20,) -> 0 | L20: =IF('Stammdaten - Schwimmer'!$D16>DATE(2011,7,20),'Stammdaten - Schwimmer'!F16,) -> 0 | M20: =_xlfn.RANK.EQ(L20,L$4:L$103,0) -> #REF! | O20: =IF(AND('Stammdaten - Schwimmer'!$D16<DATE(2011,7,20),'Stammdaten - Schwimmer'!$D16>DATE(2007,7,19)),A20,) -> 0 | P20: =IF(AND('Stammdaten - Schwimmer'!$D16<DATE(2011,7,20),'Stammdaten - Schwimmer'!$D16>DATE(2007,7,19)),B20,) -> 0 | Q20: =IF(AND('Stammdaten - Schwimmer'!$D16<DATE(2011,7,20),'Stammdaten - Schwimmer'!$D16>DATE(2007,7,19)),C20,) -> 0 | R20: =IF(AND('Stammdaten - Schwimmer'!$D16<DATE(2011,7,20),'Stammdaten - Schwimmer'!$D16>DATE(2007,7,19)),D20,) -> 0 | S20: =IF(AND('Stammdaten - Schwimmer'!$D16<DATE(2011,7,20),'Stammdaten - Schwimmer'!$D16>DATE(2007,7,19)),'Stammdaten - Schwimmer'!F16,) -> 0 | T20: =_xlfn.RANK.EQ(S20,S$4:S$103,0) -> #REF! | V20: =IF('Stammdaten - Schwimmer'!$D16<DATE(2007,7,20),A20,) -> 14 | W20: =IF('Stammdaten - Schwimmer'!$D16<DATE(2007,7,20),B20,) -> König | X20: =IF('Stammdaten - Schwimmer'!$D16<DATE(2007,7,20),C20,) -> Viola | Y20: =IF('Stammdaten - Schwimmer'!$D16<DATE(2007,7,20),D20,) -> 33 | Z20: =IF('Stammdaten - Schwimmer'!$D16<DATE(2007,7,20),'Stammdaten - Schwimmer'!F16,) -> 66 | AA20: =_xlfn.RANK.EQ(Z20,Z$4:Z$103,0) -> #REF!
A21: ='Stammdaten - Schwimmer'!A17 -> 15 | B21: ='Stammdaten - Schwimmer'!B17 -> Kesten | C21: ='Stammdaten - Schwimmer'!C17 -> Annabelle | D21: ='Stammdaten - Schwimmer'!J17+'Stammdaten - Schwimmer'!N17+'Stammdaten - Schwimmer'!R17+'Stammdaten - Schwimmer'!V17+'Stammdaten - Schwimmer'!Z18 -> 205 | E21: ='Stammdaten - Schwimmer'!F17 -> 82 | H21: =IF('Stammdaten - Schwimmer'!D17>DATE(2011,7,20),A21,) -> 15 | I21: =IF('Stammdaten - Schwimmer'!$D17>DATE(2011,7,20),B21,) -> Kesten | J21: =IF('Stammdaten - Schwimmer'!$D17>DATE(2011,7,20),C21,) -> Annabelle | K21: =IF('Stammdaten - Schwimmer'!$D17>DATE(2011,7,20),D21,) -> 205 | L21: =IF('Stammdaten - Schwimmer'!$D17>DATE(2011,7,20),'Stammdaten - Schwimmer'!F17,) -> 82 | M21: =_xlfn.RANK.EQ(L21,L$4:L$103,0) -> #REF! | O21: =IF(AND('Stammdaten - Schwimmer'!$D17<DATE(2011,7,20),'Stammdaten - Schwimmer'!$D17>DATE(2007,7,19)),A21,) -> 0 | P21: =IF(AND('Stammdaten - Schwimmer'!$D17<DATE(2011,7,20),'Stammdaten - Schwimmer'!$D17>DATE(2007,7,19)),B21,) -> 0 | Q21: =IF(AND('Stammdaten - Schwimmer'!$D17<DATE(2011,7,20),'Stammdaten - Schwimmer'!$D17>DATE(2007,7,19)),C21,) -> 0 | R21: =IF(AND('Stammdaten - Schwimmer'!$D17<DATE(2011,7,20),'Stammdaten - Schwimmer'!$D17>DATE(2007,7,19)),D21,) -> 0 | S21: =IF(AND('Stammdaten - Schwimmer'!$D17<DATE(2011,7,20),'Stammdaten - Schwimmer'!$D17>DATE(2007,7,19)),'Stammdaten - Schwimmer'!F17,) -> 0 | T21: =_xlfn.RANK.EQ(S21,S$4:S$103,0) -> #REF! | V21: =IF('Stammdaten - Schwimmer'!$D17<DATE(2007,7,20),A21,) -> 0 | W21: =IF('Stammdaten - Schwimmer'!$D17<DATE(2007,7,20),B21,) -> 0 | X21: =IF('Stammdaten - Schwimmer'!$D17<DATE(2007,7,20),C21,) -> 0 | Y21: =IF('Stammdaten - Schwimmer'!$D17<DATE(2007,7,20),D21,) -> 0 | Z21: =IF('Stammdaten - Schwimmer'!$D17<DATE(2007,7,20),'Stammdaten - Schwimmer'!F17,) -> 0 | AA21: =_xlfn.RANK.EQ(Z21,Z$4:Z$103,0) -> #REF!
A22: ='Stammdaten - Schwimmer'!A18 -> 16 | B22: ='Stammdaten - Schwimmer'!B18 -> Strobel | C22: ='Stammdaten - Schwimmer'!C18 -> Liana | D22: ='Stammdaten - Schwimmer'!J18+'Stammdaten - Schwimmer'!N18+'Stammdaten - Schwimmer'!R18+'Stammdaten - Schwimmer'!V18+'Stammdaten - Schwimmer'!Z19 -> 34 | E22: ='Stammdaten - Schwimmer'!F18 -> 68 | H22: =IF('Stammdaten - Schwimmer'!D18>DATE(2011,7,20),A22,) -> 16 | I22: =IF('Stammdaten - Schwimmer'!$D18>DATE(2011,7,20),B22,) -> Strobel | J22: =IF('Stammdaten - Schwimmer'!$D18>DATE(2011,7,20),C22,) -> Liana | K22: =IF('Stammdaten - Schwimmer'!$D18>DATE(2011,7,20),D22,) -> 34 | L22: =IF('Stammdaten - Schwimmer'!$D18>DATE(2011,7,20),'Stammdaten - Schwimmer'!F18,) -> 68 | M22: =_xlfn.RANK.EQ(L22,L$4:L$103,0) -> #REF! | O22: =IF(AND('Stammdaten - Schwimmer'!$D18<DATE(2011,7,20),'Stammdaten - Schwimmer'!$D18>DATE(2007,7,19)),A22,) -> 0 | P22: =IF(AND('Stammdaten - Schwimmer'!$D18<DATE(2011,7,20),'Stammdaten - Schwimmer'!$D18>DATE(2007,7,19)),B22,) -> 0 | Q22: =IF(AND('Stammdaten - Schwimmer'!$D18<DATE(2011,7,20),'Stammdaten - Schwimmer'!$D18>DATE(2007,7,19)),C22,) -> 0 | R22: =IF(AND('Stammdaten - Schwimmer'!$D18<DATE(2011,7,20),'Stammdaten - Schwimmer'!$D18>DATE(2007,7,19)),D22,) -> 0 | S22: =IF(AND('Stammdaten - Schwimmer'!$D18<DATE(2011,7,20),'Stammdaten - Schwimmer'!$D18>DATE(2007,7,19)),'Stammdaten - Schwimmer'!F18,) -> 0 | T22: =_xlfn.RANK.EQ(S22,S$4:S$103,0) -> #REF! | V22: =IF('Stammdaten - Schwimmer'!$D18<DATE(2007,7,20),A22,) -> 0 | W22: =IF('Stammdaten - Schwimmer'!$D18<DATE(2007,7,20),B22,) -> 0 | X22: =IF('Stammdaten - Schwimmer'!$D18<DATE(2007,7,20),C22,) -> 0 | Y22: =IF('Stammdaten - Schwimmer'!$D18<DATE(2007,7,20),D22,) -> 0 | Z22: =IF('Stammdaten - Schwimmer'!$D18<DATE(2007,7,20),'Stammdaten - Schwimmer'!F18,) -> 0 | AA22: =_xlfn.RANK.EQ(Z22,Z$4:Z$103,0) -> #REF!
A23: ='Stammdaten - Schwimmer'!A19 -> 17 | B23: ='Stammdaten - Schwimmer'!B19 -> Baur | C23: ='Stammdaten - Schwimmer'!C19 -> Seweryn | D23: ='Stammdaten - Schwimmer'!J19+'Stammdaten - Schwimmer'!N19+'Stammdaten - Schwimmer'!R19+'Stammdaten - Schwimmer'!V19+'Stammdaten - Schwimmer'!Z20 -> 22 | E23: ='Stammdaten - Schwimmer'!F19 -> 22 | H23: =IF('Stammdaten - Schwimmer'!D19>DATE(2011,7,20),A23,) -> 0 | I23: =IF('Stammdaten - Schwimmer'!$D19>DATE(2011,7,20),B23,) -> 0 | J23: =IF('Stammdaten - Schwimmer'!$D19>DATE(2011,7,20),C23,) -> 0 | K23: =IF('Stammdaten - Schwimmer'!$D19>DATE(2011,7,20),D23,) -> 0 | L23: =IF('Stammdaten - Schwimmer'!$D19>DATE(2011,7,20),'Stammdaten - Schwimmer'!F19,) -> 0 | M23: =_xlfn.RANK.EQ(L23,L$4:L$103,0) -> #REF! | O23: =IF(AND('Stammdaten - Schwimmer'!$D19<DATE(2011,7,20),'Stammdaten - Schwimmer'!$D19>DATE(2007,7,19)),A23,) -> 0 | P23: =IF(AND('Stammdaten - Schwimmer'!$D19<DATE(2011,7,20),'Stammdaten - Schwimmer'!$D19>DATE(2007,7,19)),B23,) -> 0 | Q23: =IF(AND('Stammdaten - Schwimmer'!$D19<DATE(2011,7,20),'Stammdaten - Schwimmer'!$D19>DATE(2007,7,19)),C23,) -> 0 | R23: =IF(AND('Stammdaten - Schwimmer'!$D19<DATE(2011,7,20),'Stammdaten - Schwimmer'!$D19>DATE(2007,7,19)),D23,) -> 0 | S23: =IF(AND('Stammdaten - Schwimmer'!$D19<DATE(2011,7,20),'Stammdaten - Schwimmer'!$D19>DATE(2007,7,19)),'Stammdaten - Schwimmer'!F19,) -> 0 | T23: =_xlfn.RANK.EQ(S23,S$4:S$103,0) -> #REF! | V23: =IF('Stammdaten - Schwimmer'!$D19<DATE(2007,7,20),A23,) -> 17 | W23: =IF('Stammdaten - Schwimmer'!$D19<DATE(2007,7,20),B23,) -> Baur | X23: =IF('Stammdaten - Schwimmer'!$D19<DATE(2007,7,20),C23,) -> Seweryn | Y23: =IF('Stammdaten - Schwimmer'!$D19<DATE(2007,7,20),D23,) -> 22 | Z23: =IF('Stammdaten - Schwimmer'!$D19<DATE(2007,7,20),'Stammdaten - Schwimmer'!F19,) -> 22 | AA23: =_xlfn.RANK.EQ(Z23,Z$4:Z$103,0) -> #REF!
A24: ='Stammdaten - Schwimmer'!A20 -> 18 | B24: ='Stammdaten - Schwimmer'!B20 -> Baur | C24: ='Stammdaten - Schwimmer'!C20 -> Amelie | D24: ='Stammdaten - Schwimmer'!J20+'Stammdaten - Schwimmer'!N20+'Stammdaten - Schwimmer'!R20+'Stammdaten - Schwimmer'!V20+'Stammdaten - Schwimmer'!Z21 -> 30 | E24: ='Stammdaten - Schwimmer'!F20 -> 30 | H24: =IF('Stammdaten - Schwimmer'!D20>DATE(2011,7,20),A24,) -> 0 | I24: =IF('Stammdaten - Schwimmer'!$D20>DATE(2011,7,20),B24,) -> 0 | J24: =IF('Stammdaten - Schwimmer'!$D20>DATE(2011,7,20),C24,) -> 0 | K24: =IF('Stammdaten - Schwimmer'!$D20>DATE(2011,7,20),D24,) -> 0 | L24: =IF('Stammdaten - Schwimmer'!$D20>DATE(2011,7,20),'Stammdaten - Schwimmer'!F20,) -> 0 | M24: =_xlfn.RANK.EQ(L24,L$4:L$103,0) -> #REF! | O24: =IF(AND('Stammdaten - Schwimmer'!$D20<DATE(2011,7,20),'Stammdaten - Schwimmer'!$D20>DATE(2007,7,19)),A24,) -> 0 | P24: =IF(AND('Stammdaten - Schwimmer'!$D20<DATE(2011,7,20),'Stammdaten - Schwimmer'!$D20>DATE(2007,7,19)),B24,) -> 0 | Q24: =IF(AND('Stammdaten - Schwimmer'!$D20<DATE(2011,7,20),'Stammdaten - Schwimmer'!$D20>DATE(2007,7,19)),C24,) -> 0 | R24: =IF(AND('Stammdaten - Schwimmer'!$D20<DATE(2011,7,20),'Stammdaten - Schwimmer'!$D20>DATE(2007,7,19)),D24,) -> 0 | S24: =IF(AND('Stammdaten - Schwimmer'!$D20<DATE(2011,7,20),'Stammdaten - Schwimmer'!$D20>DATE(2007,7,19)),'Stammdaten - Schwimmer'!F20,) -> 0 | T24: =_xlfn.RANK.EQ(S24,S$4:S$103,0) -> #REF! | V24: =IF('Stammdaten - Schwimmer'!$D20<DATE(2007,7,20),A24,) -> 18 | W24: =IF('Stammdaten - Schwimmer'!$D20<DATE(2007,7,20),B24,) -> Baur | X24: =IF('Stammdaten - Schwimmer'!$D20<DATE(2007,7,20),C24,) -> Amelie | Y24: =IF('Stammdaten - Schwimmer'!$D20<DATE(2007,7,20),D24,) -> 30 | Z24: =IF('Stammdaten - Schwimmer'!$D20<DATE(2007,7,20),'Stammdaten - Schwimmer'!F20,) -> 30 | AA24: =_xlfn.RANK.EQ(Z24,Z$4:Z$103,0) -> #REF!
A25: ='Stammdaten - Schwimmer'!A21 -> 19 | B25: ='Stammdaten - Schwimmer'!B21 -> Maier | C25: ='Stammdaten - Schwimmer'!C21 -> Johannes | D25: ='Stammdaten - Schwimmer'!J21+'Stammdaten - Schwimmer'!N21+'Stammdaten - Schwimmer'!R21+'Stammdaten - Schwimmer'!V21+'Stammdaten - Schwimmer'!Z22 -> 90 | E25: ='Stammdaten - Schwimmer'!F21 -> 90 | H25: =IF('Stammdaten - Schwimmer'!D21>DATE(2011,7,20),A25,) -> 19 | I25: =IF('Stammdaten - Schwimmer'!$D21>DATE(2011,7,20),B25,) -> Maier | J25: =IF('Stammdaten - Schwimmer'!$D21>DATE(2011,7,20),C25,) -> Johannes | K25: =IF('Stammdaten - Schwimmer'!$D21>DATE(2011,7,20),D25,) -> 90 | L25: =IF('Stammdaten - Schwimmer'!$D21>DATE(2011,7,20),'Stammdaten - Schwimmer'!F21,) -> 90 | M25: =_xlfn.RANK.EQ(L25,L$4:L$103,0) -> #REF! | O25: =IF(AND('Stammdaten - Schwimmer'!$D21<DATE(2011,7,20),'Stammdaten - Schwimmer'!$D21>DATE(2007,7,19)),A25,) -> 0 | P25: =IF(AND('Stammdaten - Schwimmer'!$D21<DATE(2011,7,20),'Stammdaten - Schwimmer'!$D21>DATE(2007,7,19)),B25,) -> 0 | Q25: =IF(AND('Stammdaten - Schwimmer'!$D21<DATE(2011,7,20),'Stammdaten - Schwimmer'!$D21>DATE(2007,7,19)),C25,) -> 0 | R25: =IF(AND('Stammdaten - Schwimmer'!$D21<DATE(2011,7,20),'Stammdaten - Schwimmer'!$D21>DATE(2007,7,19)),D25,) -> 0 | S25: =IF(AND('Stammdaten - Schwimmer'!$D21<DATE(2011,7,20),'Stammdaten - Schwimmer'!$D21>DATE(2007,7,19)),'Stammdaten - Schwimmer'!F21,) -> 0 | T25: =_xlfn.RANK.EQ(S25,S$4:S$103,0) -> #REF! | V25: =IF('Stammdaten - Schwimmer'!$D21<DATE(2007,7,20),A25,) -> 0 | W25: =IF('Stammdaten - Schwimmer'!$D21<DATE(2007,7,20),B25,) -> 0 | X25: =IF('Stammdaten - Schwimmer'!$D21<DATE(2007,7,20),C25,) -> 0 | Y25: =IF('Stammdaten - Schwimmer'!$D21<DATE(2007,7,20),D25,) -> 0 | Z25: =IF('Stammdaten - Schwimmer'!$D21<DATE(2007,7,20),'Stammdaten - Schwimmer'!F21,) -> 0 | AA25: =_xlfn.RANK.EQ(Z25,Z$4:Z$103,0) -> #REF!
